0,2,464
0,59,464
0,116,464
0,173,464
0,230,464
0,287,464
0,341,464
0,398,464
0,443,468
0,500,468
0,568,464
0,622,464
0,659,464
0,716,464
0,773,464
0,819,468
0,876,468
0,932,468
0,989,468
0,1046,468
0,1103,468
0,1160,468
0,1217,468
0,1274,468
0,1331,468
0,1385,468
0,1442,468
0,1499,468
0,1536,472
0,1592,472
0,1649,472
0,1706,472
0,1760,472
0,1817,472
0,1874,472
0,1931,472
0,1968,476
0,2025,476
0,2082,476
0,2139,476
0,2193,476
0,2249,476
0,2286,480
0,2343,480
0,2400,480
0,2457,480
0,2514,480
0,2568,480
0,2625,480
0,2682,480
0,2739,480
0,2784,484
0,2841,484
0,2898,484
0,2955,484
0,2992,488
0,3049,488
0,3106,488
0,3160,488
0,3217,488
0,3254,492
0,3310,492
0,3367,492
0,3424,492
0,3481,492
0,3527,496
0,3584,496
0,3640,496
0,3697,496
0,3751,496
0,3788,500
0,3845,500
0,3902,500
0,3959,500
0,4004,504
0,4061,504
0,4118,504
0,4155,508
0,4209,508
0,4266,508
0,4323,508
0,4371,512
0,4425,512
0,4482,512
0,4539,512
0,4576,516
0,4633,516
0,4679,520
0,4736,520
0,4792,520
0,4827,524
0,4883,524
0,4932,528
0,4989,528
0,5043,528
0,5080,532
0,5137,532
0,5193,532
0,5239,536
0,5296,536
0,5353,536
0,5410,536
0,5455,540
0,5512,540
0,5549,544
0,5606,544
0,5651,548
0,5708,548
0,5868,552
0,5902,556
0,5959,556
0,6004,560
0,6061,560
0,6109,564
0,6163,564
0,6323,568
0,6348,576
0,6405,576
0,6462,576
0,6508,580
0,6621,580
0,6883,588
0,6920,596
0,6957,600
0,7059,604
0,13121,4600
0,13178,4544
0,13235,4536
0,13289,4520
0,13346,4512
0,13403,4504
0,13459,4496
0,13516,4488
0,13570,4480
0,13627,4472
0,13684,4480
0,13741,4480
0,13806,4456
0,13863,4456
0,13920,4448
0,13977,4440
0,14031,4440
0,14088,4432
0,14145,4424
0,14202,4424
0,14259,4416
0,14313,4400
0,14370,4400
0,14427,4400
0,14483,4392
0,14540,4392
0,14594,4384
0,14651,4384
0,14708,4384
0,14765,4384
0,14822,4376
0,14876,4368
0,14933,4368
0,14990,4360
0,15047,4352
0,15104,4352
0,15158,4352
0,15214,4344
0,15271,4344
0,15328,4344
0,15385,4336
0,15439,4336
0,15496,4336
0,15610,4296
0,15664,4376
0,15721,4328
0,15778,4320
0,15835,4320
0,15891,4320
0,15945,4320
0,16002,4320
0,16059,4320
0,16116,4312
0,16173,4312
0,16227,4312
0,16284,4320
0,16341,4320
0,16398,4312
0,16452,4312
0,16509,4312
0,16566,4312
0,16622,4312
0,16679,4312
0,16733,4320
0,16790,4320
0,16847,4320
0,16904,4320
0,16958,4320
0,17015,4320
0,17072,4328
0,17129,4328
0,17186,4328
0,17240,4328
0,17297,4328
0,17353,4328
0,17410,4336
0,17464,4336
0,17521,4320
0,17578,4360
0,17635,4384
0,17692,4352
0,17746,4352
0,17803,4352
0,17860,4360
0,17917,4368
0,17974,4368
0,18028,4368
0,18084,4376
0,18141,4376
0,18198,4376
0,18252,4408
0,18309,4416
0,18366,4392
0,18423,4408
0,18480,4392
0,18534,4360
0,18648,4296
0,18986,4464
0,19040,4448
0,19097,4456
0,19154,4464
0,19200,4472
0,19256,4480
0,19313,4488
0,19367,4496
0,19424,4472
0,19481,4504
0,19538,4544
0,19595,4528
0,19649,4536
0,19706,4544
0,19763,4552
0,19820,4560
0,19874,4568
0,19931,4576
0,19987,4584
0,20044,4592
0,20101,4600
0,20155,4616
0,20212,4624
0,20269,4632
0,20326,4640
0,20383,4656
0,20437,4664
0,20494,4672
0,20551,4680
0,20596,4688
0,20653,4696
0,20710,4712
0,20764,4720
0,20821,4728
0,20878,4744
0,20935,4752
0,20989,4760
0,21046,4768
0,21102,4760
0,21159,4800
0,21213,4840
0,21270,4832
0,21327,4848
0,21384,4848
0,21441,4864
0,21495,4880
0,21552,4896
0,21609,4912
0,21654,4928
0,21711,4936
0,21768,4952
0,21822,4968
0,21879,4984
0,21936,5000
0,21993,5016
0,22047,5032
0,22104,5048
0,22161,5056
0,22217,5080
0,22274,5096
0,22328,5120
0,22385,5136
0,22442,5152
0,22499,5176
0,22545,5192
0,22601,5192
0,22656,5208
0,22712,5240
0,22769,5264
0,22826,5272
0,22880,5296
0,22937,5320
0,22994,5344
0,23051,5360
0,23108,5392
0,23162,5408
0,23219,5424
0,23276,5448
0,23321,5480
0,23378,5496
0,23435,5520
0,23489,5544
0,23546,5568
0,23603,5592
0,23660,5624
0,23714,5656
0,23771,5680
0,23827,5688
0,23884,5720
0,23938,5760
0,23995,5784
0,24041,5808
0,24098,5848
0,24155,5872
0,24211,5896
0,24268,5928
0,24322,5968
0,24379,6000
0,24436,6016
0,24493,6048
0,24547,6072
0,24604,6120
0,24649,6160
0,24706,6184
0,24763,6216
0,24820,6248
0,24874,6280
0,24931,6312
0,24988,6360
0,25045,6384
0,25102,6416
0,25156,6464
0,25213,6512
0,25270,6544
0,25315,6576
0,25372,6616
0,25429,6656
0,25483,6704
0,25540,6744
0,25597,6784
0,25654,6840
0,25708,6888
0,25764,6920
0,25821,6968
0,25878,7016
0,25924,7072
0,25981,7104
0,26038,7152
0,26092,7216
0,26148,7264
0,26205,7304
0,26262,7360
0,26319,7416
0,26373,7464
0,26430,7520
0,26476,7584
0,26532,7648
0,26589,7696
0,26646,7752
0,26703,7816
0,26757,7872
0,26814,7936
0,26871,7992
0,26928,8056
0,26982,8128
0,27030,8208
0,27084,8272
0,27141,8336
0,27198,8416
0,27255,8496
0,27312,8576
0,27366,8640
0,27423,8704
0,27480,8816
0,27537,8896
0,27582,8992
0,27639,9056
0,27696,9120
0,27750,9216
0,27807,9264
0,27864,9392
0,27921,9456
0,27977,9392
0,28032,9360
0,28088,9328
0,28145,9296
0,28202,9280
0,28259,9264
0,28313,9248
0,28370,9248
0,28427,9200
0,28484,9184
0,28538,9168
0,28595,9152
0,28652,9136
0,28708,9136
0,28765,9120
0,28819,9120
0,28876,9104
0,28933,9072
0,28990,9040
0,29047,9040
0,29101,9008
0,29158,8992
0,29215,8976
0,29272,8960
0,29329,8960
0,29383,8960
0,29451,8928
0,29508,8912
0,29562,8896
0,29619,8896
0,29676,8864
0,29732,8864
0,29787,8848
0,29843,8848
0,29900,8848
0,29957,8832
0,30014,8832
0,30068,8800
0,30125,8752
0,30182,8768
0,30239,8784
0,30296,8752
0,30350,8720
0,30407,8704
0,30464,8720
0,30520,8720
0,30577,8704
0,30631,8720
0,30688,8704
0,30745,8672
0,30802,8672
0,30856,8672
0,30913,8640
0,30970,8640
0,31027,8656
0,31084,8640
0,31140,8624
0,31195,8624
0,31251,8640
0,31308,8640
0,31365,8624
0,31422,8624
0,31479,8624
0,31533,8624
0,31590,8640
0,31647,8640
0,31704,8624
0,31761,8592
0,31815,8592
0,31872,8608
0,31928,8608
0,31985,8608
0,32042,8608
0,32099,8608
0,32153,8608
0,32210,8608
0,32267,8608
0,32324,8608
0,32381,8592
0,32435,8592
0,32492,8608
0,32548,8608
0,32605,8592
0,32662,8592
0,32719,8608
0,32773,8608
0,32830,8608
0,32887,8608
0,32944,8608
0,33001,8608
0,33058,8592
0,33112,8608
0,33169,8608
0,33225,8608
0,33282,8608
0,33339,8624
0,33393,8624
0,33450,8624
0,33507,8624
0,33564,8640
0,33621,8656
0,33678,8672
0,33732,8656
0,33789,8656
0,33846,8656
0,33902,8672
0,33959,8672
0,34016,8704
0,34070,8720
0,34127,8720
0,34184,8736
0,34241,8720
0,34298,8736
0,34352,8768
0,34409,8768
0,34466,8816
0,34523,8800
0,34579,8784
0,34636,8816
0,34690,8832
0,34747,8848
0,34804,8848
0,34861,8864
0,34918,8864
0,34972,8864
0,35029,8880
0,35086,8880
0,35143,8896
0,35200,8912
0,35256,8928
0,35302,8944
0,35359,8960
0,35413,8992
0,35470,9008
0,35527,9024
0,35584,9024
0,35640,9024
0,35697,9040
0,35751,9072
0,35808,9088
0,35865,9088
0,35922,9120
0,35979,9120
0,36036,9136
0,36090,9184
0,36147,9200
0,36204,9200
0,36260,9248
0,36317,9280
0,36371,9264
0,36428,9280
0,36485,9328
0,36542,9344
0,36599,9376
0,36653,9392
0,36710,9408
0,36767,9424
0,36824,9440
0,36881,9472
0,36935,9488
0,36992,9520
0,37048,9552
0,37105,9552
0,37159,9584
0,37216,9632
0,37273,9664
0,37330,9696
0,37387,9744
0,37441,9776
0,37498,9776
0,37555,9792
0,37612,9824
0,37657,9856
0,37714,9872
0,37771,9904
0,37825,9920
0,37882,9936
0,37939,9968
0,37996,10016
0,38050,10080
0,38107,10128
0,38163,10176
0,38220,10176
0,38277,10208
0,38331,10240
0,38388,10272
0,38445,10320
0,38502,10352
0,38556,10384
0,38613,10448
0,38670,10496
0,38727,10528
0,38784,10560
0,38838,10608
0,38894,10656
0,38951,10704
0,39008,10736
0,39062,10784
0,39119,10848
0,39176,10880
0,39233,10896
0,39290,10928
0,39335,10992
0,39392,11024
0,39446,11040
0,39503,11136
0,39560,11200
0,39617,11264
0,39671,11328
0,39728,11376
0,39785,11440
0,39842,11472
0,39899,11488
0,39953,11536
0,40009,11568
0,40066,11664
0,40123,11776
0,40180,11824
0,40234,11872
0,40291,11936
0,40348,12016
0,40405,12080
0,40459,12144
0,40516,12192
0,40573,12256
0,40618,12352
0,40675,12416
0,40797,12288
0,40843,12512
0,40900,12336
0,40957,12304
0,41022,12224
0,41079,12192
0,41136,12128
0,41193,12032
0,41247,11984
0,41304,11920
0,41361,11856
0,41417,11808
0,41472,11760
0,41528,11664
0,41585,11584
0,41642,11536
0,41699,11488
0,41753,11456
0,41810,11408
0,41867,11360
0,41924,11328
0,41981,11296
0,42035,11216
0,42092,11152
0,42148,11120
0,42205,11072
0,42262,11024
0,42316,10960
0,42385,10912
0,42441,10864
0,42496,10816
0,42552,10768
0,42609,10720
0,42666,10688
0,42723,10592
0,42777,10544
0,42834,10512
0,42891,10464
0,42948,10448
0,43005,10448
0,43059,10432
0,43116,10400
0,43172,10336
0,43229,10304
0,43286,10272
0,43340,10240
0,43397,10192
0,43454,10128
0,43511,10128
0,43568,10112
0,43622,10048
0,43679,10016
0,43736,9984
0,43793,9952
0,43849,9936
0,43904,9920
0,43960,9888
0,44017,9856
0,44074,9840
0,44140,9808
0,44196,9792
0,44253,9792
0,44310,9776
0,44364,9696
0,44421,9632
0,44478,9632
0,44535,9600
0,44592,9568
0,44646,9552
0,44703,9536
0,44760,9504
0,44817,9472
0,44873,9456
0,44928,9456
0,44984,9440
0,45041,9408
0,45098,9408
0,45209,9408
0,45334,8608
0,45388,8576
0,45445,8544
0,45502,8528
0,45559,8512
0,45616,8512
0,45670,8624
0,45727,8704
0,45784,8688
0,45841,8720
0,45897,8720
0,45952,8688
0,46008,8688
0,46065,8688
0,46122,8608
0,46179,8464
0,46233,8384
0,46290,8400
0,46347,8368
0,46404,8352
0,46461,8352
0,46515,8336
0,46572,8336
0,46628,8336
0,46685,8336
0,46742,8320
0,46950,6296
0,47007,6248
0,47064,6208
0,47121,6192
0,47186,6136
0,47243,6096
0,47300,6136
0,47345,6152
0,47411,6120
0,47468,6032
0,47635,5960
0,47692,5920
0,47746,5848
0,47803,5800
0,47860,5808
0,47914,5800
0,47982,5784
0,48036,5776
0,48093,5784
0,48139,5808
0,48196,5800
0,48250,5800
0,48307,5824
0,48364,5856
0,48418,5864
0,48475,5856
0,48531,5848
0,48585,5880
0,48642,5872
0,48699,5912
0,48753,6024
0,48802,6168
0,49132,3112
0,49188,3096
0,49243,3080
0,49308,3072
0,49365,3056
0,49422,3056
0,49476,3048
0,49533,3032
0,49590,3032
0,49646,3016
0,49700,3008
0,49757,3008
0,49814,3000
0,49868,2992
0,49925,2992
0,49982,3000
0,50036,3016
0,50093,3024
0,50150,3040
0,50963,2800
0,51020,2752
0,51817,2296
0,51885,2280
0,51939,2256
0,51996,2248
0,52053,2240
0,52118,2232
0,52525,5392
0,52582,5392
0,52636,5400
0,52693,5424
0,52864,5432
0,53011,3584
0,53065,3576
0,53122,3568
0,53179,3568
0,53236,3552
0,53293,3536
0,53358,3512
0,53415,3480
0,53472,3456
0,53529,3432
0,53586,3408
0,53651,3376
0,53708,3344
0,53822,3304
0,54001,3256
0,54425,2904
0,54539,2896
0,54710,2912
0,54826,5776
0,54883,5720
0,54940,5672
0,54997,5624
0,55054,5584
0,55111,5536
0,55168,5488
0,55233,5448
0,55290,5408
0,55347,5368
0,55401,5336
0,55458,5288
0,55515,5256
0,55571,5216
0,55637,5176
0,55694,5144
0,55751,5112
0,55808,5072
0,55864,5040
0,55921,5008
0,55978,4976
0,56032,4944
0,56089,4928
0,58020,620
0,58211,612
0,58410,600
0,58666,592
0,58743,584
0,58811,580
0,58979,580
0,59392,556
0,59448,556
0,59525,552
0,59591,548
0,59636,552
0,59704,548
0,59770,544
0,59849,540
0,59906,540
0,59963,540
0,60029,536
0,60097,532
0,60174,528
0,60231,528
0,60288,528
0,60344,528
0,60401,528
0,60467,524
0,60524,524
0,60600,520
0,60669,516
0,60726,516
0,60782,516
0,60859,512
0,60916,512
0,60973,512
0,61041,508
0,61098,508
0,61155,508
0,61212,508
0,61289,504
0,61346,504
0,61411,500
0,61468,500
0,61525,500
0,61582,500
0,61639,500
0,61715,496
0,61772,496
0,61829,496
0,61897,492
0,61974,488
0,62031,488
0,62068,492
0,62145,488
0,62202,488
0,62259,488
0,62316,488
0,62392,484
0,62449,484
0,62506,484
0,62563,484
0,62620,484
0,62677,484
0,62742,480
0,62799,480
0,62856,480
0,62913,480
0,62970,480
0,63027,480
0,63104,476
0,63160,476
0,63217,476
0,63274,476
0,63331,476
0,63388,476
0,63445,476
0,63522,472
0,63579,472
0,63635,472
0,63692,472
0,63749,472
0,63806,472
0,63863,472
0,63920,472
0,63977,472
0,64054,468
0,64110,468
0,64167,468
0,64224,468
0,64281,468
0,64338,468
0,64395,468
0,64452,468
0,64509,468
0,64566,468
0,64622,468
0,64679,468
0,64733,468
0,64802,464
0,64859,464
0,64915,464
0,64972,464
0,65029,464
0,65086,464
0,65143,464
0,65200,464
0,65257,464
0,65314,464
0,65371,464
0,65425,464
0,65481,464
0,2,468
0,71,464
0,128,464
0,184,464
0,241,464
0,298,464
0,355,464
0,412,464
0,469,464
0,526,464
0,585,464
0,642,464
0,662,464
0,711,468
0,779,464
0,824,468
0,881,468
0,938,468
0,995,468
0,1052,468
0,1109,468
0,1166,468
0,1223,468
0,1280,468
0,1336,468
0,1396,468
0,1453,468
0,1510,468
0,1544,472
0,1601,472
0,1658,472
0,1718,472
0,1774,472
0,1831,472
0,1888,472
0,1945,472
0,1979,476
0,2036,476
0,2096,476
0,2153,476
0,2210,476
0,2267,476
0,2323,476
0,2380,476
0,2417,480
0,2474,480
0,2531,480
0,2588,480
0,2645,480
0,2702,480
0,2759,480
0,2804,484
0,2861,484
0,2918,484
0,2975,484
0,3012,488
0,3069,488
0,3126,488
0,3182,488
0,3219,492
0,3276,492
0,3333,492
0,3390,492
0,3447,492
0,3504,492
0,3561,492
0,3609,496
0,3666,496
0,3723,496
0,3780,496
0,3837,496
0,3874,500
0,3931,500
0,3976,504
0,4033,504
0,4090,504
0,4147,504
0,4184,508
0,4241,508
0,4297,508
0,4354,508
0,4411,508
0,4460,512
0,4516,512
0,4553,516
0,4610,516
0,4656,520
0,4713,520
0,4770,520
0,4827,520
0,4864,524
0,4920,524
0,4966,528
0,5023,528
0,5083,528
0,5139,528
0,5174,532
0,5222,536
0,5279,536
0,5336,536
0,5393,536
0,5438,540
0,5495,540
0,5532,544
0,5589,544
0,5637,548
0,5694,548
0,5740,552
0,5796,552
0,5853,552
0,5890,556
0,5947,556
0,6004,556
0,6050,560
0,6212,564
0,6314,568
0,6351,572
0,6522,572
0,6681,576
0,6718,584
0,6755,592
0,6801,596
0,6857,596
0,6951,600
0,6997,604
0,7111,604
0,7261,612
0,13112,4632
0,13169,4552
0,13226,4528
0,13283,4520
0,13340,4512
0,13397,4512
0,13454,4504
0,13511,4496
0,13568,4488
0,13624,4480
0,13681,4472
0,13747,4464
0,13804,4464
0,13860,4464
0,13917,4448
0,13974,4440
0,14031,4440
0,14088,4432
0,14145,4424
0,14202,4416
0,14259,4416
0,14316,4408
0,14372,4408
0,14429,4400
0,14486,4392
0,14543,4384
0,14600,4384
0,14657,4384
0,14714,4384
0,14768,4376
0,14825,4376
0,14882,4368
0,14939,4368
0,14995,4360
0,15052,4352
0,15109,4352
0,15166,4352
0,15223,4352
0,15280,4344
0,15334,4344
0,15391,4344
0,15448,4336
0,15505,4336
0,15561,4312
0,15618,4336
0,15672,4360
0,15729,4328
0,15786,4320
0,15843,4320
0,15900,4320
0,15954,4320
0,16011,4320
0,16068,4320
0,16125,4320
0,16182,4312
0,16238,4320
0,16292,4320
0,16349,4320
0,16406,4320
0,16463,4320
0,16520,4312
0,16577,4312
0,16631,4312
0,16688,4312
0,16745,4320
0,16802,4320
0,16859,4312
0,16913,4320
0,16969,4320
0,17026,4320
0,17083,4320
0,17140,4328
0,17197,4328
0,17251,4328
0,17308,4320
0,17365,4328
0,17422,4328
0,17479,4336
0,17533,4328
0,17590,4360
0,17646,4376
0,17703,4352
0,17760,4352
0,17817,4352
0,17871,4360
0,17928,4360
0,17985,4368
0,18042,4368
0,18099,4376
0,18156,4376
0,18210,4368
0,18267,4424
0,18323,4432
0,18380,4392
0,18437,4408
0,18605,4400
0,18944,4440
0,19000,4456
0,19057,4440
0,19114,4456
0,19168,4464
0,19217,4472
0,19271,4480
0,19328,4480
0,19384,4488
0,19441,4504
0,19498,4512
0,19555,4520
0,19609,4528
0,19666,4528
0,19723,4536
0,19780,4552
0,19837,4560
0,19891,4568
0,19948,4576
0,20004,4584
0,20061,4600
0,20118,4608
0,20175,4616
0,20229,4624
0,20286,4632
0,20343,4640
0,20400,4648
0,20457,4664
0,20514,4672
0,20568,4680
0,20616,4688
0,20673,4704
0,20727,4712
0,20784,4720
0,20841,4736
0,20898,4752
0,20955,4760
0,21011,4768
0,21065,4784
0,21122,4768
0,21179,4792
0,21236,4832
0,21293,4832
0,21350,4848
0,21404,4848
0,21461,4864
0,21518,4888
0,21575,4904
0,21620,4920
0,21677,4936
0,21734,4944
0,21791,4960
0,21848,4968
0,21905,4992
0,21959,5008
0,22016,5016
0,22072,5040
0,22129,5048
0,22186,5064
0,22243,5088
0,22297,5112
0,22354,5128
0,22411,5144
0,22468,5160
0,22513,5184
0,22570,5184
0,22627,5200
0,22684,5240
0,22741,5256
0,22795,5272
0,22852,5288
0,22909,5312
0,22966,5336
0,23022,5360
0,23079,5384
0,23133,5400
0,23190,5416
0,23247,5440
0,23304,5464
0,23350,5488
0,23406,5512
0,23463,5536
0,23520,5560
0,23577,5592
0,23634,5624
0,23688,5648
0,23745,5664
0,23802,5680
0,23859,5712
0,23916,5760
0,23972,5776
0,24018,5800
0,24075,5832
0,24132,5856
0,24186,5880
0,24243,5920
0,24300,5960
0,24356,5984
0,24413,6008
0,24470,6032
0,24524,6064
0,24581,6104
0,24638,6136
0,24684,6168
0,24740,6200
0,24797,6232
0,24854,6240
0,24911,6280
0,24968,6352
0,25022,6376
0,25079,6416
0,25136,6448
0,25193,6488
0,25250,6536
0,25295,6576
0,25352,6616
0,25409,6656
0,25466,6704
0,25520,6744
0,25577,6776
0,25634,6824
0,25691,6880
0,25747,6936
0,25804,6968
0,25861,7008
0,25907,7056
0,25964,7096
0,26020,7144
0,26077,7200
0,26131,7256
0,26188,7304
0,26245,7352
0,26302,7416
0,26359,7456
0,26416,7512
0,26461,7576
0,26518,7632
0,26575,7688
0,26632,7744
0,26689,7792
0,26746,7856
0,26800,7928
0,26857,7984
0,26914,8048
0,26971,8120
0,27027,8192
0,27073,8272
0,27130,8336
0,27187,8400
0,27244,8480
0,27300,8576
0,27357,8640
0,27414,8704
0,27468,8800
0,27525,8896
0,27574,8976
0,27630,9040
0,27684,9120
0,27741,9216
0,27798,9296
0,27855,9408
0,27912,9440
0,27969,9392
0,28026,9360
0,28083,9328
0,28140,9296
0,28194,9280
0,28251,9264
0,28307,9248
0,28364,9248
0,28421,9216
0,28478,9184
0,28535,9184
0,28592,9168
0,28646,9136
0,28703,9120
0,28760,9120
0,28817,9104
0,28873,9088
0,28930,9056
0,28987,9040
0,29044,9024
0,29101,9024
0,29155,8992
0,29212,8960
0,29269,8960
0,29326,8960
0,29383,8944
0,29448,8928
0,29505,8896
0,29562,8912
0,29619,8896
0,29676,8880
0,29732,8864
0,29789,8848
0,29846,8848
0,29903,8848
0,29957,8832
0,30014,8816
0,30071,8800
0,30128,8784
0,30185,8784
0,30242,8768
0,30299,8752
0,30355,8736
0,30409,8720
0,30466,8720
0,30523,8704
0,30580,8704
0,30637,8688
0,30694,8688
0,30751,8688
0,30808,8672
0,30865,8672
0,30919,8656
0,30976,8640
0,31032,8656
0,31089,8640
0,31146,8624
0,31203,8624
0,31260,8624
0,31317,8624
0,31371,8640
0,31428,8608
0,31485,8592
0,31542,8624
0,31598,8624
0,31655,8624
0,31709,8608
0,31766,8592
0,31823,8592
0,31880,8608
0,31937,8608
0,31991,8608
0,32048,8608
0,32105,8592
0,32162,8592
0,32219,8608
0,32275,8608
0,32329,8592
0,32386,8592
0,32443,8592
0,32500,8608
0,32557,8592
0,32611,8576
0,32668,8592
0,32725,8608
0,32782,8608
0,32839,8608
0,32896,8608
0,32950,8608
0,33006,8608
0,33063,8608
0,33120,8608
0,33177,8608
0,33234,8608
0,33288,8624
0,33345,8624
0,33402,8624
0,33459,8640
0,33516,8640
0,33570,8640
0,33627,8656
0,33683,8672
0,33740,8672
0,33797,8656
0,33854,8656
0,33908,8672
0,33965,8688
0,34022,8704
0,34079,8720
0,34136,8720
0,34193,8736
0,34247,8736
0,34304,8752
0,34360,8768
0,34417,8752
0,34474,8784
0,34528,8800
0,34585,8800
0,34642,8816
0,34699,8832
0,34756,8832
0,34813,8832
0,34867,8864
0,34924,8880
0,34980,8880
0,35037,8896
0,35094,8896
0,35148,8896
0,35205,8896
0,35262,8928
0,35308,8944
0,35364,8960
0,35421,8992
0,35478,9008
0,35535,9024
0,35589,9024
0,35646,9040
0,35703,9056
0,35760,9088
0,35817,9104
0,35874,9104
0,35928,9120
0,35985,9136
0,36041,9152
0,36098,9184
0,36155,9200
0,36212,9200
0,36266,9248
0,36323,9280
0,36380,9280
0,36437,9296
0,36494,9328
0,36548,9360
0,36605,9376
0,36662,9408
0,36718,9408
0,36775,9424
0,36832,9456
0,36889,9472
0,36946,9488
0,37003,9520
0,37060,9552
0,37117,9568
0,37174,9600
0,37228,9632
0,37284,9664
0,37341,9712
0,37398,9744
0,37455,9760
0,37512,9776
0,37569,9808
0,37614,9840
0,37671,9856
0,37728,9888
0,37785,9904
0,37842,9952
0,37899,10000
0,37956,10032
0,38013,10064
0,38070,10096
0,38124,10128
0,38180,10160
0,38237,10176
0,38294,10208
0,38351,10256
0,38408,10304
0,38465,10336
0,38522,10384
0,38579,10416
0,38636,10464
0,38692,10512
0,38749,10544
0,38803,10592
0,38860,10624
0,38917,10656
0,38974,10704
0,39031,10768
0,39088,10800
0,39145,10864
0,39202,10912
0,39259,10928
0,39304,10976
0,39361,11008
0,39418,11056
0,39475,11120
0,39532,11184
0,39588,11232
0,39645,11296
0,39702,11344
0,39756,11392
0,39813,11440
0,39870,11504
0,39927,11536
0,39984,11584
0,40041,11648
0,40098,11744
0,40155,11808
0,40211,11872
0,40268,11936
0,40325,11984
0,40382,12032
0,40436,12128
0,40493,12208
0,40550,12272
0,40598,12352
0,40655,12432
0,40709,12512
0,40823,12720
0,40880,12384
0,40937,12304
0,41005,12240
0,41062,12192
0,41116,12128
0,41173,12048
0,41230,12000
0,41287,11952
0,41344,11888
0,41400,11824
0,41457,11728
0,41514,11648
0,41571,11568
0,41628,11536
0,41685,11504
0,41742,11456
0,41796,11408
0,41853,11360
0,41910,11312
0,41966,11280
0,42023,11216
0,42080,11168
0,42137,11104
0,42194,11040
0,42251,11024
0,42308,10960
0,42373,10896
0,42430,10864
0,42487,10832
0,42544,10768
0,42598,10736
0,42655,10688
0,42712,10624
0,42769,10560
0,42825,10528
0,42882,10496
0,42939,10464
0,42993,10432
0,43050,10432
0,43107,10384
0,43164,10336
0,43221,10304
0,43278,10272
0,43335,10240
0,43392,10208
0,43446,10160
0,43502,10144
0,43559,10112
0,43616,10048
0,43673,10000
0,43730,9984
0,43787,9952
0,43841,9936
0,43898,9920
0,43955,9888
0,44012,9856
0,44077,9824
0,44134,9792
0,44191,9776
0,44248,9776
0,44305,9760
0,44361,9696
0,44418,9648
0,44475,9616
0,44529,9600
0,44586,9568
0,44643,9552
0,44700,9520
0,44757,9504
0,44814,9472
0,44871,9456
0,44925,9440
0,44982,9424
0,45038,9408
0,45095,9408
0,45152,9392
0,45266,9312
0,45331,8656
0,45388,8576
0,45445,8544
0,45502,8528
0,45559,8512
0,45613,8512
0,45670,8624
0,45727,8704
0,45784,8688
0,45841,8704
0,45897,8720
0,45954,8704
0,46008,8688
0,46065,8672
0,46122,8608
0,46179,8464
0,46236,8400
0,46293,8400
0,46350,8368
0,46404,8352
0,46461,8352
0,46518,8352
0,46574,8336
0,46631,8336
0,46688,8320
0,46802,8320
0,46956,6272
0,47010,6232
0,47067,6208
0,47123,6208
0,47180,6152
0,47246,6096
0,47294,6152
0,47360,6144
0,47416,6088
0,47473,6024
0,47530,6024
0,47587,6048
0,47644,5960
0,47698,5896
0,47755,5840
0,47812,5808
0,47869,5808
0,47926,5792
0,47991,5784
0,48048,5784
0,48096,5792
0,48153,5792
0,48207,5800
0,48264,5816
0,48321,5848
0,48378,5864
0,48548,5872
0,48768,3056
0,48824,3040
0,48881,3024
0,48938,3008
0,48992,2992
0,49049,2992
0,49106,2984
0,49174,2976
0,49231,2968
0,49285,2960
0,49342,2952
0,49399,2944
0,49456,2936
0,49513,2928
0,49570,2928
0,49627,2928
0,49683,2936
0,49740,2936
0,49794,2952
0,49851,2960
0,49900,2992
0,50938,2832
0,51236,5144
0,51293,5112
0,51464,5128
0,51510,5208
0,51566,5280
0,51623,5288
0,51680,5280
0,51734,5272
0,51791,5280
0,51848,5280
0,51905,5280
0,51962,5296
0,52019,5312
0,52076,5328
0,52132,5344
0,52189,5344
0,52243,5328
0,52300,5328
0,52357,5328
0,52414,5352
0,52471,5352
0,52528,5368
0,52585,5392
0,52642,5400
0,52903,3576
0,52957,3576
0,53014,3568
0,53071,3560
0,53128,3544
0,53185,3528
0,53242,3520
0,53310,3504
0,53421,3488
0,53478,3456
0,53535,3416
0,53592,3392
0,53660,3368
0,53774,3320
0,53839,3264
0,53953,3240
0,54493,2904
0,54661,5936
0,54664,2912
0,54718,5936
0,54775,5848
0,54840,5752
0,54897,5712
0,54954,5656
0,55011,5608
0,55068,5584
0,55125,5536
0,55182,5480
0,55247,5432
0,55304,5392
0,55361,5368
0,55418,5320
0,55475,5272
0,55532,5240
0,55588,5208
0,55657,5168
0,55714,5136
0,55771,5104
0,55825,5064
0,55881,5024
0,55938,4992
0,55995,4960
0,56052,4936
0,56223,4928
0,58177,612
0,58356,608
0,58547,600
0,58757,588
0,59363,556
0,59531,556
0,59611,552
0,59676,548
0,59733,548
0,59801,544
0,59878,540
0,59935,540
0,59992,540
0,60057,536
0,60125,532
0,60202,528
0,60259,528
0,60319,528
0,60376,528
0,60441,524
0,60521,520
0,60578,520
0,60635,520
0,60703,516
0,60760,516
0,60817,516
0,60873,516
0,60950,512
0,61007,512
0,61075,508
0,61132,508
0,61212,504
0,61269,504
0,61326,504
0,61383,504
0,61451,500
0,61508,500
0,61565,500
0,61622,500
0,61698,496
0,61755,496
0,61812,496
0,61880,492
0,61960,488
0,62017,488
0,62054,492
0,62131,488
0,62188,488
0,62244,488
0,62324,484
0,62381,484
0,62438,484
0,62495,484
0,62552,484
0,62620,480
0,62677,480
0,62734,480
0,62791,480
0,62848,480
0,62904,480
0,62961,480
0,63041,476
0,63098,476
0,63155,476
0,63212,476
0,63268,476
0,63325,476
0,63382,476
0,63439,476
0,63519,472
0,63576,472
0,63633,472
0,63689,472
0,63746,472
0,63803,472
0,63860,472
0,63917,472
0,63997,468
0,64054,468
0,64110,468
0,64167,468
0,64224,468
0,64281,468
0,64338,468
0,64395,468
0,64463,464
0,64520,464
0,64577,464
0,64634,464
0,64691,464
0,64750,464
0,64807,464
0,64864,464
0,64921,464
0,64978,464
0,65035,464
0,65092,464
0,65149,464
0,65206,464
0,65262,464
0,65319,464
0,65379,464
0,65436,464
0,65481,468
0,11,464
0,68,464
0,125,464
0,182,464
0,241,464
0,298,464
0,355,464
0,412,464
0,472,464
0,529,464
0,585,464
0,642,464
0,694,464
0,750,464
0,810,464
0,856,468
0,915,468
0,972,468
0,1029,468
0,1089,468
0,1146,468
0,1203,468
0,1262,468
0,1319,468
0,1376,468
0,1433,468
0,1493,468
0,1550,468
0,1587,472
0,1644,472
0,1703,472
0,1760,472
0,1817,472
0,1877,472
0,1934,472
0,1971,476
0,2028,476
0,2087,476
0,2144,476
0,2201,476
0,2261,476
0,2318,476
0,2375,476
0,2432,476
0,2468,480
0,2528,480
0,2585,480
0,2642,480
0,2702,480
0,2759,480
0,2807,484
0,2864,484
0,2921,484
0,2980,484
0,3037,484
0,3074,488
0,3131,488
0,3191,488
0,3248,488
0,3285,492
0,3342,492
0,3401,492
0,3458,492
0,3515,492
0,3564,496
0,3620,496
0,3677,496
0,3737,496
0,3794,496
0,3851,496
0,3911,496
0,3948,500
0,3993,504
0,4053,504
0,4204,508
0,4263,508
0,4320,508
0,4377,508
0,4425,512
0,4482,512
0,4519,516
0,4579,516
0,4636,516
0,4684,520
0,4741,520
0,4798,520
0,4835,524
0,4895,524
0,4940,528
0,5000,528
0,5057,528
0,5171,528
0,5267,532
0,5316,536
0,5373,536
0,5418,540
0,5478,540
0,5515,544
0,5572,544
0,5620,548
0,5677,548
0,5734,548
0,5782,552
0,5839,552
0,5876,556
0,5933,556
0,6095,560
0,6144,564
0,6257,564
0,6363,568
0,6400,572
0,6562,576
0,6715,584
0,6761,588
0,6855,596
0,7008,600
0,7170,604
0,7207,612
0,7321,612
0,13132,4592
0,13189,4536
0,13246,4528
0,13306,4520
0,13363,4512
0,13420,4504
0,13476,4496
0,13533,4488
0,13590,4480
0,13659,4464
0,13715,4456
0,13764,4472
0,13832,4464
0,13889,4456
0,13946,4448
0,14003,4440
0,14060,4440
0,14116,4432
0,14176,4424
0,14233,4416
0,14290,4408
0,14347,4400
0,14404,4400
0,14461,4392
0,14518,4392
0,14577,4384
0,14634,4384
0,14691,4384
0,14748,4376
0,14805,4376
0,14862,4376
0,14921,4368
0,14978,4360
0,15035,4352
0,15092,4352
0,15149,4352
0,15206,4352
0,15263,4352
0,15323,4344
0,15379,4344
0,15436,4336
0,15493,4336
0,15550,4312
0,15607,4344
0,15664,4368
0,15721,4328
0,15780,4328
0,15837,4320
0,15894,4320
0,15951,4320
0,16008,4328
0,16065,4320
0,16122,4320
0,16179,4320
0,16238,4320
0,16295,4320
0,16352,4320
0,16409,4320
0,16466,4312
0,16523,4312
0,16580,4312
0,16637,4320
0,16696,4312
0,16753,4320
0,16810,4320
0,16867,4320
0,16924,4320
0,16981,4320
0,17038,4320
0,17095,4328
0,17154,4328
0,17211,4328
0,17268,4328
0,17325,4328
0,17382,4336
0,17439,4344
0,17496,4344
0,17553,4344
0,17612,4352
0,17669,4344
0,17726,4352
0,17783,4360
0,17840,4360
0,17897,4368
0,17954,4368
0,18011,4368
0,18070,4368
0,18127,4376
0,18184,4376
0,18241,4400
0,18298,4408
0,18355,4400
0,18412,4408
0,18468,4392
0,18528,4360
0,18642,4296
0,18986,4456
0,19043,4448
0,19100,4456
0,19157,4464
0,19202,4472
0,19262,4480
0,19319,4488
0,19376,4496
0,19433,4488
0,19490,4504
0,19547,4528
0,19603,4528
0,19660,4536
0,19720,4544
0,19777,4552
0,19834,4560
0,19891,4568
0,19948,4576
0,20004,4584
0,20061,4600
0,20118,4608
0,20178,4616
0,20235,4624
0,20292,4632
0,20349,4648
0,20406,4656
0,20462,4664
0,20519,4672
0,20576,4680
0,20625,4688
0,20681,4704
0,20738,4720
0,20795,4728
0,20852,4736
0,20912,4752
0,20969,4760
0,21026,4768
0,21083,4784
0,21139,4808
0,21196,4816
0,21253,4824
0,21310,4832
0,21367,4848
0,21424,4856
0,21484,4872
0,21540,4888
0,21597,4912
0,21643,4928
0,21700,4936
0,21760,4944
0,21816,4960
0,21873,4984
0,21930,5000
0,21987,5016
0,22044,5032
0,22101,5048
0,22158,5056
0,22215,5072
0,22272,5096
0,22331,5120
0,22388,5136
0,22445,5152
0,22491,5184
0,22547,5200
0,22607,5224
0,22664,5232
0,22721,5248
0,22778,5272
0,22835,5288
0,22892,5304
0,22948,5328
0,23005,5352
0,23062,5376
0,23119,5392
0,23179,5416
0,23236,5440
0,23293,5456
0,23338,5480
0,23395,5512
0,23452,5528
0,23512,5560
0,23569,5584
0,23625,5616
0,23682,5648
0,23739,5664
0,23796,5680
0,23853,5720
0,23910,5752
0,23967,5768
0,24015,5800
0,24072,5832
0,24129,5864
0,24186,5880
0,24243,5920
0,24300,5960
0,24359,5992
0,24416,6008
0,24473,6032
0,24530,6072
0,24587,6112
0,24644,6144
0,24692,6168
0,24749,6200
0,24806,6248
0,24863,6256
0,24920,6288
0,24977,6360
0,25033,6392
0,25090,6424
0,25147,6456
0,25207,6504
0,25264,6552
0,25309,6576
0,25366,6616
0,25423,6672
0,25480,6712
0,25540,6744
0,25597,6800
0,25654,6864
0,25710,6888
0,25767,6928
0,25824,6984
0,25873,7032
0,25929,7072
0,25986,7112
0,26043,7168
0,26100,7224
0,26157,7280
0,26214,7320
0,26271,7384
0,26328,7448
0,26387,7496
0,26444,7512
0,26490,7576
0,26547,7672
0,26604,7712
0,26660,7768
0,26720,7840
0,26777,7896
0,26834,7952
0,26891,8024
0,26948,8104
0,27005,8160
0,27053,8208
0,27110,8304
0,27167,8400
0,27224,8464
0,27281,8528
0,27337,8624
0,27394,8688
0,27451,8752
0,27508,8848
0,27556,8944
0,27613,9008
0,27670,9104
0,27727,9200
0,27784,9280
0,27841,9296
0,27898,9344
0,27955,9408
0,28014,9360
0,28071,9312
0,28128,9312
0,28185,9296
0,28242,9248
0,28299,9248
0,28356,9264
0,28413,9232
0,28470,9184
0,28526,9152
0,28583,9136
0,28643,9136
0,28700,9136
0,28757,9104
0,28814,9088
0,28871,9072
0,28928,9040
0,28984,9024
0,29041,9040
0,29098,9040
0,29155,9008
0,29212,8976
0,29272,8960
0,29329,8944
0,29394,8928
0,29451,8912
0,29511,8912
0,29568,8896
0,29624,8880
0,29681,8880
0,29738,8864
0,29795,8864
0,29852,8848
0,29909,8832
0,29966,8816
0,30023,8816
0,30080,8800
0,30139,8784
0,30196,8768
0,30253,8752
0,30310,8736
0,30367,8736
0,30424,8720
0,30481,8704
0,30537,8704
0,30594,8688
0,30651,8704
0,30711,8688
0,30768,8672
0,30825,8672
0,30882,8656
0,30939,8640
0,30995,8640
0,31052,8656
0,31109,8656
0,31166,8640
0,31223,8640
0,31280,8624
0,31340,8624
0,31396,8624
0,31453,8608
0,31510,8624
0,31567,8624
0,31624,8624
0,31681,8624
0,31738,8608
0,31798,8608
0,31854,8608
0,31911,8608
0,31968,8608
0,32025,8592
0,32085,8592
0,32142,8608
0,32199,8592
0,32256,8592
0,32312,8592
0,32372,8592
0,32429,8592
0,32486,8608
0,32543,8592
0,32600,8592
0,32657,8592
0,32716,8608
0,32773,8608
0,32830,8608
0,32887,8608
0,32944,8608
0,33004,8608
0,33060,8608
0,33117,8608
0,33174,8608
0,33231,8608
0,33291,8608
0,33348,8624
0,33405,8624
0,33462,8640
0,33518,8640
0,33575,8640
0,33635,8640
0,33692,8640
0,33749,8640
0,33806,8656
0,33863,8672
0,33922,8688
0,33979,8688
0,34036,8704
0,34093,8704
0,34150,8720
0,34210,8720
0,34267,8736
0,34323,8752
0,34380,8752
0,34437,8784
0,34494,8800
0,34554,8784
0,34611,8784
0,34668,8816
0,34724,8832
0,34781,8848
0,34841,8848
0,34898,8864
0,34955,8880
0,35012,8880
0,35069,8896
0,35128,8912
0,35185,8912
0,35242,8928
0,35291,8944
0,35347,8960
0,35404,8992
0,35461,9008
0,35518,9024
0,35575,9024
0,35635,9024
0,35692,9040
0,35748,9088
0,35805,9104
0,35862,9104
0,35922,9104
0,35979,9120
0,36036,9168
0,36093,9200
0,36150,9200
0,36209,9200
0,36266,9248
0,36323,9280
0,36380,9280
0,36437,9280
0,36494,9312
0,36553,9360
0,36610,9392
0,36667,9408
0,36724,9424
0,36781,9440
0,36841,9456
0,36898,9456
0,36955,9488
0,37011,9520
0,37068,9552
0,37125,9584
0,37185,9616
0,37242,9632
0,37299,9664
0,37356,9712
0,37412,9728
0,37469,9760
0,37526,9776
0,37583,9808
0,37632,9840
0,37688,9872
0,37745,9904
0,37802,9904
0,37859,9936
0,37916,9984
0,37976,10032
0,38033,10096
0,38089,10128
0,38146,10144
0,38203,10144
0,38260,10176
0,38317,10240
0,38374,10272
0,38434,10304
0,38491,10336
0,38547,10400
0,38604,10432
0,38661,10464
0,38718,10512
0,38775,10560
0,38832,10592
0,38889,10640
0,38948,10704
0,39005,10720
0,39062,10784
0,39119,10832
0,39176,10864
0,39233,10912
0,39281,10944
0,39338,10976
0,39395,11024
0,39452,11120
0,39509,11184
0,39566,11216
0,39623,11280
0,39680,11344
0,39739,11392
0,39796,11456
0,39853,11488
0,39910,11520
0,39967,11552
0,40024,11568
0,40081,11664
0,40137,11808
0,40194,11856
0,40254,11904
0,40311,11968
0,40368,12032
0,40425,12112
0,40482,12176
0,40539,12208
0,40595,12272
0,40644,12352
0,40701,12448
0,40758,12608
0,40814,12560
0,40871,12400
0,40928,12352
0,40996,12256
0,41053,12192
0,41110,12176
0,41167,12096
0,41227,12000
0,41284,11968
0,41341,11904
0,41398,11808
0,41454,11712
0,41511,11664
0,41568,11600
0,41625,11552
0,41682,11504
0,41742,11472
0,41799,11440
0,41856,11376
0,41912,11328
0,41969,11280
0,42026,11232
0,42083,11184
0,42140,11104
0,42197,11040
0,42257,11008
0,42313,10960
0,42379,10912
0,42439,10864
0,42496,10832
0,42552,10784
0,42609,10720
0,42666,10688
0,42723,10640
0,42780,10608
0,42837,10544
0,42894,10480
0,42951,10464
0,43010,10432
0,43067,10432
0,43124,10384
0,43181,10320
0,43238,10288
0,43295,10256
0,43352,10240
0,43409,10208
0,43465,10144
0,43525,10144
0,43582,10112
0,43639,10048
0,43696,10016
0,43753,9984
0,43810,9968
0,43867,9952
0,43923,9904
0,43980,9872
0,44037,9856
0,44105,9808
0,44162,9776
0,44219,9760
0,44276,9712
0,44336,9680
0,44393,9648
0,44450,9632
0,44507,9616
0,44563,9600
0,44620,9552
0,44677,9536
0,44734,9520
0,44791,9472
0,44848,9456
0,44908,9440
0,44964,9440
0,45021,9424
0,45078,9408
0,45135,9408
0,45306,9328
0,45374,8576
0,45431,8560
0,45488,8544
0,45545,8528
0,45602,8512
0,45661,8624
0,45718,8704
0,45775,8704
0,45832,8704
0,45889,8720
0,45946,8704
0,46003,8704
0,46060,8688
0,46116,8624
0,46173,8496
0,46233,8400
0,46290,8400
0,46347,8368
0,46404,8352
0,46461,8352
0,46518,8352
0,46574,8352
0,46631,8336
0,46688,8320
0,46862,8320
0,46958,6256
0,47015,6232
0,47072,6208
0,47129,6208
0,47189,6152
0,47254,6104
0,47303,6184
0,47360,6160
0,47428,6088
0,47485,6056
0,47542,6032
0,47598,6008
0,47655,5952
0,47712,5888
0,47769,5816
0,47826,5808
0,47883,5816
0,47940,5792
0,48008,5776
0,48056,5792
0,48113,5808
0,48170,5792
0,48227,5800
0,48284,5832
0,48341,5856
0,48398,5864
0,48455,5872
0,48512,5864
0,48568,5872
0,48625,5864
0,48682,5896
0,48742,6000
0,48799,6144
0,48844,6248
0,48901,6264
0,48958,6272
0,49015,6296
0,49072,6264
0,49129,6288
0,49302,6392
0,49487,8720
0,49547,8720
0,49604,8720
0,49661,8704
0,49718,8688
0,49774,8720
0,49831,8768
0,49888,8736
0,49945,8736
0,50116,8752
0,51649,3576
0,51706,3568
0,51763,3560
0,51820,3560
0,51876,3552
0,51933,3552
0,51990,3544
0,52047,3544
0,52104,3528
0,52172,3512
0,52229,3512
0,52286,3512
0,52343,3504
0,52400,3504
0,52457,3496
0,52514,3496
0,52573,3504
0,52630,3496
0,52687,3488
0,52744,3480
0,52801,3464
0,52858,3456
0,52915,3448
0,52972,3448
0,53028,3440
0,53085,3432
0,53142,3416
0,53199,3408
0,53256,3400
0,53324,3384
0,53381,3376
0,53438,3360
0,53495,3344
0,53552,3328
0,53609,3312
0,53666,3288
0,53734,3264
0,53791,3240
0,53848,3224
0,53907,3200
0,53964,3184
0,54089,3168
0,54260,3136
0,54567,5912
0,54627,5920
0,54684,5888
0,54741,5840
0,54798,5800
0,54866,5736
0,54923,5688
0,54980,5640
0,55040,5600
0,55096,5568
0,55153,5512
0,55222,5464
0,55278,5416
0,55335,5384
0,55392,5336
0,55452,5296
0,55509,5264
0,55566,5224
0,55634,5176
0,55691,5144
0,55748,5112
0,55805,5072
0,55864,5040
0,55921,5000
0,55978,4976
0,56035,4944
0,56095,4928
0,56209,4952
0,58225,612
0,58373,600
0,58564,596
0,59144,572
0,59232,564
0,59300,560
0,59357,560
0,59426,556
0,59483,556
0,59562,552
0,59630,548
0,59676,552
0,59744,548
0,59812,544
0,59869,544
0,59949,540
0,60006,540
0,60074,536
0,60140,532
0,60199,532
0,60256,532
0,60333,528
0,60393,528
0,60450,528
0,60518,524
0,60595,520
0,60652,520
0,60720,516
0,60777,516
0,60856,512
0,60913,512
0,60970,512
0,61038,508
0,61095,508
0,61155,508
0,61232,504
0,61292,504
0,61357,500
0,61417,500
0,61474,500
0,61531,500
0,61587,500
0,61647,500
0,61724,496
0,61781,496
0,61841,496
0,61909,492
0,61966,492
0,62023,492
0,62080,492
0,62139,492
0,62216,488
0,62273,488
0,62333,488
0,62409,484
0,62466,484
0,62526,484
0,62583,484
0,62651,480
0,62708,480
0,62765,480
0,62825,480
0,62902,476
0,62958,476
0,63018,476
0,63075,476
0,63132,476
0,63189,476
0,63249,476
0,63305,476
0,63362,476
0,63419,476
0,63499,472
0,63556,472
0,63613,472
0,63672,472
0,63729,472
0,63786,472
0,63843,472
0,63903,472
0,63960,472
0,64039,468
0,64096,468
0,64153,468
0,64210,468
0,64270,468
0,64327,468
0,64384,468
0,64440,468
0,64500,468
0,64566,464
0,64625,464
0,64682,464
0,64731,468
0,64787,468
0,64856,464
0,64913,464
0,64969,464
0,65026,464
0,65086,464
0,65143,464
0,65200,464
0,65257,464
0,65316,464
0,65373,464
0,65430,464
0,65487,464
1,8,464
1,65,464
1,122,464
1,182,464
1,238,464
1,295,464
1,352,464
1,409,464
1,469,464
1,526,464
1,583,464
1,640,464
1,679,468
1,736,468
1,804,464
1,850,468
1,910,468
1,967,468
1,1024,468
1,1080,468
1,1137,468
1,1194,468
1,1254,468
1,1311,468
1,1368,468
1,1425,468
1,1481,468
1,1538,468
1,1575,472
1,1632,472
1,1689,472
1,1749,472
1,1806,472
1,1863,472
1,1920,472
1,1976,472
1,2013,476
1,2070,476
1,2127,476
1,2187,476
1,2244,476
1,2301,476
1,2338,480
1,2395,480
1,2451,480
1,2508,480
1,2565,480
1,2622,480
1,2682,480
1,2727,484
1,2796,480
1,2852,480
1,2901,484
1,2958,484
1,3015,484
1,3052,488
1,3108,488
1,3165,488
1,3202,492
1,3259,492
1,3316,492
1,3373,492
1,3433,492
1,3490,492
1,3547,492
1,3592,496
1,3652,496
1,3709,496
1,3766,496
1,3822,496
1,3879,496
1,3916,500
1,3965,504
1,4022,504
1,4078,504
1,4135,504
1,4192,504
1,4229,508
1,4286,508
1,4343,508
1,4403,508
1,4448,512
1,4505,512
1,4562,512
1,4599,516
1,4647,520
1,4704,520
1,4761,520
1,4818,520
1,4855,524
1,4912,524
1,4960,528
1,5017,528
1,5074,528
1,5188,528
1,5282,532
1,5330,536
1,5376,540
1,5435,540
1,5492,540
1,5529,544
1,5586,544
1,5632,548
1,5688,548
1,5748,548
1,5794,552
1,5851,552
1,5888,556
1,5944,556
1,6001,556
1,6050,560
1,6107,560
1,6163,560
1,6212,564
1,6257,568
1,6294,572
1,6351,572
1,6408,572
1,6456,576
1,6502,580
1,6559,580
1,6721,584
1,6758,592
1,6806,596
1,6863,596
1,6920,596
1,7014,600
1,7176,604
1,7327,612
1,7478,620
1,13112,4600
1,13169,4536
1,13229,4528
1,13286,4520
1,13343,4512
1,13400,4504
1,13457,4496
1,13513,4488
1,13570,4480
1,13639,4464
1,13684,4472
1,13741,4488
1,13809,4464
1,13866,4456
1,13923,4448
1,13980,4440
1,14037,4440
1,14097,4432
1,14153,4424
1,14210,4416
1,14267,4408
1,14324,4400
1,14381,4400
1,14438,4392
1,14495,4392
1,14552,4384
1,14609,4384
1,14665,4384
1,14725,4376
1,14782,4376
1,14839,4376
1,14896,4368
1,14953,4368
1,15010,4352
1,15067,4352
1,15123,4352
1,15180,4344
1,15237,4352
1,15294,4344
1,15351,4344
1,15408,4336
1,15465,4336
1,15524,4336
1,15581,4328
1,15638,4336
1,15695,4336
1,15752,4328
1,15809,4320
1,15866,4320
1,15923,4320
1,15980,4320
1,16036,4320
1,16093,4320
1,16150,4320
1,16207,4320
1,16264,4320
1,16321,4320
1,16378,4320
1,16435,4320
1,16492,4312
1,16548,4312
1,16605,4320
1,16662,4312
1,16719,4320
1,16776,4320
1,16833,4320
1,16890,4312
1,16947,4312
1,17004,4320
1,17060,4320
1,17117,4328
1,17174,4328
1,17231,4328
1,17288,4328
1,17348,4336
1,17405,4336
1,17462,4344
1,17518,4320
1,17575,4352
1,17632,4376
1,17689,4344
1,17746,4352
1,17803,4352
1,17860,4360
1,17917,4368
1,17974,4368
1,18030,4368
1,18087,4368
1,18144,4376
1,18201,4376
1,18258,4408
1,18315,4424
1,18372,4400
1,18429,4408
1,18486,4400
1,18599,4344
1,19054,4448
1,19111,4464
1,19171,4464
1,19217,4472
1,19273,4480
1,19330,4496
1,19387,4488
1,19444,4504
1,19501,4528
1,19558,4520
1,19615,4528
1,19672,4536
1,19729,4544
1,19785,4552
1,19842,4560
1,19899,4568
1,19956,4576
1,20013,4584
1,20070,4600
1,20127,4616
1,20184,4616
1,20243,4624
1,20300,4632
1,20357,4648
1,20414,4656
1,20471,4664
1,20528,4672
1,20585,4680
1,20630,4688
1,20687,4704
1,20744,4720
1,20801,4728
1,20858,4736
1,20915,4744
1,20974,4760
1,21031,4768
1,21088,4784
1,21145,4808
1,21202,4824
1,21259,4824
1,21316,4840
1,21373,4848
1,21430,4864
1,21486,4872
1,21543,4888
1,21600,4912
1,21649,4928
1,21705,4936
1,21762,4944
1,21819,4960
1,21876,4984
1,21933,5000
1,21990,5016
1,22047,5032
1,22104,5056
1,22161,5064
1,22217,5072
1,22274,5096
1,22331,5120
1,22391,5136
1,22448,5152
1,22493,5184
1,22550,5192
1,22607,5208
1,22664,5224
1,22721,5248
1,22778,5264
1,22835,5280
1,22892,5304
1,22951,5328
1,23008,5352
1,23065,5368
1,23122,5392
1,23179,5416
1,23236,5432
1,23293,5456
1,23338,5480
1,23395,5512
1,23455,5528
1,23512,5552
1,23569,5584
1,23625,5616
1,23682,5648
1,23739,5664
1,23796,5680
1,23853,5712
1,23910,5752
1,23967,5768
1,24015,5792
1,24072,5832
1,24129,5864
1,24186,5880
1,24243,5920
1,24300,5960
1,24356,5992
1,24413,6008
1,24470,6032
1,24527,6072
1,24584,6112
1,24641,6144
1,24689,6176
1,24746,6208
1,24803,6240
1,24860,6240
1,24917,6280
1,24974,6352
1,25031,6376
1,25088,6432
1,25144,6472
1,25201,6504
1,25258,6544
1,25307,6576
1,25363,6616
1,25420,6664
1,25477,6704
1,25534,6744
1,25591,6792
1,25648,6840
1,25705,6864
1,25762,6912
1,25819,6984
1,25875,7016
1,25924,7064
1,25981,7120
1,26038,7168
1,26094,7208
1,26151,7272
1,26208,7328
1,26268,7384
1,26325,7432
1,26382,7472
1,26439,7512
1,26484,7584
1,26544,7664
1,26601,7712
1,26658,7776
1,26715,7832
1,26771,7888
1,26828,7952
1,26885,8032
1,26942,8096
1,26999,8144
1,27047,8224
1,27104,8304
1,27161,8368
1,27218,8432
1,27275,8544
1,27335,8624
1,27392,8672
1,27448,8736
1,27505,8848
1,27551,8944
1,27611,8992
1,27667,9088
1,27724,9184
1,27781,9280
1,27838,9296
1,27895,9344
1,27952,9392
1,28009,9360
1,28066,9328
1,28125,9328
1,28182,9296
1,28239,9264
1,28296,9264
1,28353,9264
1,28410,9216
1,28467,9168
1,28524,9152
1,28580,9152
1,28640,9136
1,28697,9120
1,28754,9120
1,28811,9104
1,28868,9072
1,28925,9040
1,28982,9024
1,29038,9040
1,29098,9024
1,29155,8992
1,29212,8976
1,29269,8960
1,29326,8944
1,29394,8928
1,29451,8928
1,29508,8912
1,29565,8896
1,29622,8880
1,29678,8880
1,29735,8864
1,29792,8848
1,29852,8848
1,29909,8832
1,29966,8816
1,30023,8800
1,30080,8784
1,30136,8784
1,30193,8768
1,30250,8752
1,30307,8736
1,30367,8736
1,30424,8720
1,30481,8704
1,30537,8704
1,30594,8688
1,30651,8704
1,30708,8688
1,30765,8672
1,30825,8672
1,30882,8656
1,30939,8656
1,30995,8640
1,31052,8656
1,31109,8656
1,31166,8656
1,31223,8640
1,31280,8640
1,31340,8624
1,31396,8608
1,31453,8608
1,31510,8608
1,31567,8624
1,31624,8624
1,31681,8608
1,31738,8608
1,31795,8608
1,31852,8608
1,31908,8608
1,31965,8608
1,32022,8592
1,32082,8592
1,32139,8608
1,32196,8576
1,32253,8592
1,32310,8592
1,32366,8576
1,32423,8592
1,32480,8608
1,32537,8592
1,32594,8592
1,32651,8592
1,32708,8608
1,32765,8592
1,32822,8592
1,32878,8608
1,32935,8608
1,32995,8624
1,33052,8608
1,33109,8608
1,33166,8608
1,33223,8608
1,33280,8624
1,33336,8624
1,33393,8624
1,33450,8640
1,33507,8640
1,33564,8640
1,33621,8640
1,33678,8640
1,33735,8640
1,33792,8656
1,33848,8688
1,33908,8688
1,33965,8688
1,34022,8704
1,34079,8704
1,34136,8704
1,34193,8736
1,34249,8720
1,34306,8720
1,34363,8752
1,34420,8752
1,34477,8752
1,34534,8784
1,34591,8784
1,34648,8800
1,34705,8832
1,34761,8832
1,34821,8832
1,34878,8864
1,34935,8880
1,34992,8880
1,35049,8896
1,35106,8896
1,35163,8896
1,35219,8896
1,35265,8944
1,35325,8960
1,35382,8976
1,35438,9008
1,35495,9008
1,35552,9024
1,35609,9024
1,35666,9040
1,35723,9056
1,35780,9088
1,35837,9104
1,35894,9104
1,35950,9120
1,36007,9152
1,36064,9184
1,36121,9184
1,36178,9200
1,36238,9216
1,36295,9264
1,36352,9280
1,36408,9280
1,36465,9312
1,36522,9328
1,36579,9360
1,36636,9392
1,36693,9424
1,36750,9424
1,36807,9440
1,36864,9456
1,36920,9488
1,36977,9504
1,37034,9536
1,37094,9568
1,37151,9584
1,37208,9632
1,37265,9648
1,37321,9680
1,37378,9728
1,37435,9744
1,37492,9776
1,37552,9792
1,37609,9824
1,37654,9840
1,37711,9872
1,37771,9920
1,37828,9968
1,37885,9968
1,37942,9984
1,37998,10048
1,38055,10096
1,38112,10128
1,38169,10160
1,38229,10176
1,38286,10208
1,38343,10256
1,38400,10288
1,38456,10336
1,38513,10384
1,38570,10400
1,38627,10448
1,38687,10496
1,38744,10544
1,38801,10576
1,38857,10608
1,38914,10656
1,38971,10688
1,39028,10736
1,39085,10784
1,39145,10848
1,39202,10896
1,39259,10912
1,39304,10960
1,39361,10992
1,39421,11072
1,39478,11152
1,39534,11184
1,39591,11232
1,39648,11296
1,39705,11360
1,39762,11424
1,39819,11472
1,39879,11488
1,39936,11520
1,39992,11584
1,40049,11600
1,40106,11696
1,40163,11808
1,40220,11888
1,40277,11936
1,40337,11984
1,40393,12048
1,40450,12144
1,40507,12192
1,40564,12272
1,40612,12368
1,40726,12432
1,40840,12512
1,40897,12384
1,40954,12320
1,41022,12240
1,41079,12176
1,41136,12112
1,41193,12032
1,41252,12000
1,41309,11936
1,41366,11840
1,41423,11744
1,41480,11696
1,41537,11616
1,41594,11584
1,41651,11552
1,41710,11488
1,41767,11456
1,41824,11408
1,41881,11360
1,41938,11296
1,41995,11248
1,42052,11184
1,42109,11072
1,42168,11008
1,42225,11008
1,42282,10976
1,42350,10928
1,42407,10896
1,42464,10848
1,42521,10784
1,42578,10736
1,42635,10704
1,42692,10640
1,42749,10576
1,42806,10576
1,42862,10528
1,42919,10464
1,42976,10448
1,43033,10432
1,43090,10416
1,43150,10368
1,43207,10304
1,43264,10256
1,43320,10256
1,43377,10224
1,43434,10160
1,43491,10144
1,43548,10128
1,43605,10064
1,43662,10032
1,43719,10000
1,43776,9968
1,43832,9952
1,43889,9936
1,43946,9888
1,44003,9872
1,44071,9824
1,44128,9792
1,44185,9776
1,44242,9744
1,44299,9744
1,44356,9696
1,44413,9632
1,44472,9616
1,44529,9600
1,44586,9568
1,44643,9552
1,44700,9536
1,44757,9504
1,44814,9472
1,44871,9472
1,44928,9440
1,44984,9424
1,45041,9408
1,45098,9408
1,45155,9408
1,45212,9328
1,45337,8624
1,45394,8576
1,45451,8560
1,45508,8528
1,45565,8512
1,45622,8512
1,45678,8624
1,45735,8704
1,45795,8704
1,45852,8704
1,45909,8720
1,45966,8704
1,46023,8688
1,46080,8672
1,46136,8560
1,46193,8432
1,46250,8400
1,46307,8384
1,46364,8368
1,46421,8368
1,46478,8368
1,46535,8352
1,46592,8336
1,46648,8336
1,46708,8320
1,46765,8320
1,46976,6248
1,47032,6200
1,47089,6192
1,47146,6184
1,47214,6136
1,47271,6120
1,47317,6176
1,47385,6144
1,47442,6088
1,47499,6128
1,47556,6080
1,47613,5976
1,47670,5928
1,47729,5864
1,47786,5808
1,47843,5808
1,47900,5808
1,47965,5784
1,48022,5776
1,48079,5784
1,48128,5808
1,48184,5800
1,48250,5784
1,48298,5816
1,48355,5848
1,48412,5864
1,48469,5856
1,48526,5856
1,48583,5880
1,48640,5880
1,48696,5912
1,48753,6024
1,48799,6160
1,48856,6256
1,48913,6264
1,48969,6264
1,49026,6296
1,49083,6320
1,49140,6344
1,49197,6400
1,49499,8688
1,49555,8704
1,49612,8720
1,49669,8720
1,49726,8688
1,49783,8720
1,49840,8752
1,49897,8720
1,49954,8736
1,50011,8752
1,51108,2752
1,51709,3568
1,51766,3560
1,51822,3552
1,51879,3552
1,51936,3544
1,51993,3544
1,52050,3536
1,52107,3528
1,52164,3520
1,52232,3512
1,52289,3512
1,52346,3512
1,52403,3504
1,52460,3504
1,52516,3504
1,52573,3496
1,52630,3496
1,52687,3480
1,52744,3472
1,52801,3464
1,52858,3464
1,52915,3456
1,52972,3448
1,53028,3432
1,53085,3424
1,53142,3416
1,53199,3408
1,53256,3392
1,53321,3384
1,53378,3368
1,53435,3360
1,53492,3336
1,53549,3320
1,53606,3312
1,53666,3296
1,53731,3264
1,53791,3240
1,53848,3216
1,53905,3192
1,53961,3176
1,54089,3152
1,54146,3112
1,54320,3088
1,54570,5912
1,54627,5920
1,54684,5888
1,54741,5840
1,54801,5792
1,54866,5736
1,54926,5688
1,54983,5640
1,55040,5600
1,55096,5560
1,55156,5512
1,55222,5456
1,55281,5416
1,55338,5384
1,55395,5336
1,55452,5296
1,55512,5264
1,55569,5224
1,55625,5184
1,55694,5152
1,55751,5112
1,55810,5072
1,55867,5040
1,55924,5000
1,55981,4976
1,56041,4944
1,56098,4928
1,56271,4984
1,58049,616
1,58106,616
1,58242,608
1,58311,604
1,58376,600
1,58456,596
1,58649,588
1,58774,584
1,58843,580
1,59025,576
1,59286,568
1,59366,560
1,59434,556
1,59511,552
1,59568,552
1,59628,552
1,59696,548
1,59761,544
1,59841,540
1,59898,540
1,59935,544
1,60014,540
1,60083,536
1,60148,532
1,60228,528
1,60285,528
1,60342,528
1,60410,524
1,60470,524
1,60526,524
1,60603,520
1,60663,520
1,60731,516
1,60808,512
1,60865,512
1,60925,512
1,60982,512
1,61038,512
1,61107,508
1,61164,508
1,61240,504
1,61300,504
1,61357,504
1,61425,500
1,61482,500
1,61539,500
1,61596,500
1,61653,500
1,61732,496
1,61789,496
1,61846,496
1,61915,492
1,61971,492
1,62031,492
1,62088,492
1,62165,488
1,62222,488
1,62281,488
1,62358,484
1,62415,484
1,62475,484
1,62532,484
1,62589,484
1,62646,484
1,62714,480
1,62771,480
1,62828,480
1,62887,480
1,62964,476
1,63021,476
1,63078,476
1,63138,476
1,63195,476
1,63251,476
1,63308,476
1,63365,476
1,63425,476
1,63482,476
1,63559,472
1,63618,472
1,63675,472
1,63732,472
1,63789,472
1,63846,472
1,63906,472
1,63963,472
1,64039,468
1,64096,468
1,64156,468
1,64213,468
1,64270,468
1,64327,468
1,64384,468
1,64443,468
1,64500,468
1,64568,464
1,64625,464
1,64682,464
1,64739,464
1,64796,464
1,64856,464
1,64913,464
1,64969,464
1,65026,464
1,65083,464
1,65143,464
1,65200,464
1,65257,464
1,65314,464
1,65371,464
1,65430,464
1,65487,464
0.00373908,180,116
0.00920388,180,116
0.0149563,180,116
0.0204211,180,116
0.0258859,180,116
0.0315425,180,116
0.0362403,180,117
0.0427597,180,116
0.0482245,180,116
0.0539769,180,116
0.0594418,180,116
0.0653859,180,117
0.0711384,180,117
0.0766032,180,117
0.082068,180,117
0.0877245,180,117
0.0931893,180,117
0.0989418,180,117
0.104407,180,117
0.109871,180,117
0.115624,180,117
0.120993,180,117
0.126745,180,117
0.13221,180,117
0.137675,180,117
0.143427,180,117
0.146975,180,118
0.152439,180,118
0.158096,180,118
0.163561,180,118
0.169313,180,118
0.174778,180,118
0.180243,180,118
0.185899,180,118
0.189447,180,119
0.194911,180,119
0.200664,180,119
0.206129,180,119
0.211881,180,119
0.217346,180,119
0.222715,180,119
0.228467,180,119
0.232015,180,120
0.237479,180,120
0.243232,180,120
0.248697,180,120
0.254161,180,120
0.259818,180,120
0.264516,180,121
0.269981,180,121
0.27535,180,121
0.281102,180,121
0.284649,180,122
0.290114,180,122
0.295867,180,122
0.301331,180,122
0.306988,180,122
0.312453,180,122
0.316,180,123
0.321752,180,123
0.327217,180,123
0.332682,180,123
0.337284,180,124
0.342749,180,124
0.348501,180,124
0.353966,180,124
0.359623,180,124
0.365087,180,124
0.368635,180,125
0.374387,180,125
0.379852,180,125
0.384454,180,126
0.389919,180,126
0.393466,180,127
0.399218,180,127
0.404683,180,127
0.41034,180,127
0.415805,180,127
0.421269,180,127
0.425967,180,128
0.431624,180,128
0.435171,180,129
0.440636,180,129
0.446101,180,129
0.450703,180,130
0.456455,180,130
0.46192,180,130
0.465467,180,131
0.47122,180,131
0.476685,180,131
0.482053,180,131
0.486751,180,132
0.490299,180,133
0.496051,180,133
0.50142,180,133
0.506118,180,134
0.511583,180,134
0.516185,180,135
0.521649,180,135
0.525484,180,136
0.530949,180,136
0.536414,180,136
0.541016,180,137
0.545618,180,138
0.551083,180,138
0.557602,180,137
0.5623,180,138
0.567956,180,138
0.571504,180,139
0.575914,180,140
0.580516,180,141
0.586268,180,141
0.590678,180,142
0.596335,180,142
0.6018,180,142
0.607552,180,142
0.6111,180,143
0.615702,180,144
0.620112,180,145
0.625864,180,145
0.631233,180,145
0.635931,180,146
0.640533,180,147
0.645135,180,148
0.6506,180,148
0.656064,180,148
0.658845,180,150
0.66431,180,150
0.864206,180,183
0.868521,180,184
0.88434,180,186
1.28356,180,1298
1.29017,180,1282
1.29554,180,1282
1.30101,180,1280
1.30676,180,1276
1.31222,180,1274
1.31769,180,1272
1.32344,180,1270
1.32881,180,1268
1.33428,180,1268
1.34003,180,1266
1.34549,180,1264
1.35096,180,1264
1.35671,180,1262
1.36217,180,1258
1.36754,180,1258
1.3733,180,1256
1.37876,180,1254
1.38423,180,1252
1.38998,180,1250
1.39544,180,1250
1.40081,180,1248
1.40656,180,1246
1.41203,180,1246
1.41749,180,1244
1.42325,180,1244
1.42871,180,1242
1.43408,180,1240
1.43983,180,1240
1.4453,180,1238
1.45076,180,1238
1.45651,180,1238
1.46198,180,1236
1.46735,180,1236
1.4731,180,1234
1.47857,180,1232
1.48403,180,1232
1.4895,180,1232
1.49525,180,1230
1.50148,180,1228
1.50608,180,1232
1.51155,180,1230
1.5173,180,1230
1.52276,180,1232
1.52823,180,1230
1.53369,180,1230
1.53935,180,1230
1.54596,180,1228
1.55143,180,1228
1.5568,180,1228
1.56226,180,1228
1.56802,180,1228
1.57348,180,1228
1.57895,180,1228
1.58441,180,1228
1.59007,180,1226
1.59553,180,1226
1.601,180,1228
1.60646,180,1228
1.61221,180,1228
1.61768,180,1228
1.62314,180,1228
1.62861,180,1228
1.63321,180,1230
1.63867,180,1230
1.64443,180,1230
1.65066,180,1228
1.65526,180,1230
1.66188,180,1226
1.66725,180,1228
1.67194,180,1236
1.67741,180,1232
1.68287,180,1232
1.68853,180,1234
1.69399,180,1234
1.69946,180,1232
1.70492,180,1234
1.71068,180,1234
1.71614,180,1236
1.72151,180,1236
1.72726,180,1238
1.73273,180,1238
1.73819,180,1240
1.74366,180,1240
1.74941,180,1240
1.75487,180,1242
1.76024,180,1244
1.76571,180,1246
1.77146,180,1246
1.77692,180,1248
1.78239,180,1248
1.78785,180,1248
1.79351,180,1252
1.79898,180,1254
1.80444,180,1256
1.80991,180,1256
1.81566,180,1258
1.82112,180,1260
1.82659,180,1264
1.83196,180,1266
1.83771,180,1266
1.84317,180,1268
1.84864,180,1270
1.8541,180,1272
1.85986,180,1272
1.86532,180,1272
1.87069,180,1274
1.87644,180,1278
1.88191,180,1282
1.88737,180,1284
1.89284,180,1284
1.89859,180,1288
1.90396,180,1290
1.90942,180,1290
1.91489,180,1294
1.91959,180,1298
1.92495,180,1298
1.93071,180,1300
1.93617,180,1302
1.94164,180,1304
1.9471,180,1308
1.95285,180,1310
1.95822,180,1314
1.96369,180,1316
1.96915,180,1324
1.9749,180,1324
1.98037,180,1318
1.98583,180,1320
1.9913,180,1322
1.99696,180,1326
2.00242,180,1330
2.00788,180,1332
2.01364,180,1334
2.0191,180,1340
2.02457,180,1348
2.03003,180,1352
2.03569,180,1354
2.04115,180,1356
2.04662,180,1356
2.05208,180,1364
2.05668,180,1374
2.06215,180,1376
2.0679,180,1380
2.07337,180,1386
2.07883,180,1386
2.0843,180,1388
2.08995,180,1394
2.09542,180,1398
2.10088,180,1402
2.10664,180,1400
2.1121,180,1410
2.11756,180,1422
2.12303,180,1422
2.12869,180,1426
2.13415,180,1432
2.13962,180,1436
2.14508,180,1440
2.14968,180,1448
2.15515,180,1454
2.1609,180,1458
2.16636,180,1464
2.17183,180,1468
2.17729,180,1472
2.18295,180,1480
2.18842,180,1486
2.19388,180,1490
2.19963,180,1498
2.2051,180,1502
2.21056,180,1508
2.21593,180,1514
2.22168,180,1520
2.22715,180,1526
2.23261,180,1532
2.23722,180,1538
2.24268,180,1544
2.24814,180,1550
2.2539,180,1558
2.25936,180,1566
2.26483,180,1570
2.27048,180,1576
2.27595,180,1586
2.28141,180,1594
2.28688,180,1600
2.29263,180,1606
2.29809,180,1616
2.30356,180,1626
2.30893,180,1634
2.31363,180,1642
2.31909,180,1650
2.32475,180,1656
2.33021,180,1660
2.33568,180,1672
2.34114,180,1682
2.34689,180,1690
2.35236,180,1698
2.35782,180,1706
2.36348,180,1718
2.36895,180,1728
2.37441,180,1736
2.37988,180,1744
2.38563,180,1754
2.38994,180,1766
2.39569,180,1776
2.40116,180,1786
2.40662,180,1800
2.41209,180,1812
2.41775,180,1818
2.42321,180,1826
2.42868,180,1840
2.43414,180,1852
2.43989,180,1860
2.44536,180,1870
2.45082,180,1886
2.45542,180,1900
2.46089,180,1908
2.46635,180,1922
2.47201,180,1932
2.47747,180,1946
2.48294,180,1956
2.48869,180,1970
2.49416,180,1986
2.49962,180,1998
2.50509,180,2010
2.51074,180,2026
2.51621,180,2040
2.52091,180,2052
2.52627,180,2064
2.53174,180,2080
2.53749,180,2096
2.54296,180,2108
2.54842,180,2124
2.55417,180,2144
2.55954,180,2164
2.56501,180,2176
2.57076,180,2192
2.57622,180,2212
2.58169,180,2232
2.58629,180,2248
2.59176,180,2260
2.59751,180,2280
2.60297,180,2304
2.60844,180,2324
2.61409,180,2340
2.61956,180,2364
2.62502,180,2360
2.63078,180,2368
2.63624,180,2392
2.64171,180,2384
2.64736,180,2376
2.65283,180,2372
2.65829,180,2364
2.66405,180,2360
2.66951,180,2356
2.67497,180,2344
2.68063,180,2340
2.6861,180,2336
2.69156,180,2324
2.69731,180,2324
2.70278,180,2324
2.70824,180,2308
2.7139,180,2304
2.71936,180,2304
2.72483,180,2300
2.73058,180,2296
2.73605,180,2288
2.74151,180,2284
2.74717,180,2280
2.75263,180,2276
2.7581,180,2272
2.76385,180,2268
2.76931,180,2264
2.77478,180,2264
2.78044,180,2256
2.7859,180,2244
2.79137,180,2244
2.79712,180,2244
2.80258,180,2240
2.8091,180,2232
2.81457,180,2232
2.81917,180,2236
2.82578,180,2228
2.83125,180,2220
2.83691,180,2220
2.84237,180,2216
2.84784,180,2208
2.85359,180,2204
2.85905,180,2200
2.86452,180,2200
2.87017,180,2204
2.87564,180,2200
2.8811,180,2192
2.88686,180,2192
2.89232,180,2196
2.89779,180,2188
2.90344,180,2184
2.90891,180,2184
2.91437,180,2184
2.92012,180,2184
2.92559,180,2180
2.93105,180,2172
2.93671,180,2168
2.94218,180,2172
2.94764,180,2168
2.95339,180,2164
2.95886,180,2168
2.96432,180,2164
2.96998,180,2160
2.97544,180,2164
2.98091,180,2160
2.98666,180,2156
2.99213,180,2156
2.99759,180,2156
3.00325,180,2152
3.00871,180,2156
3.01418,180,2156
3.01993,180,2156
3.02539,180,2156
3.03086,180,2156
3.03651,180,2152
3.04198,180,2152
3.04744,180,2148
3.0532,180,2148
3.05866,180,2148
3.06413,180,2148
3.06978,180,2148
3.07525,180,2144
3.08071,180,2144
3.08618,180,2148
3.09193,180,2148
3.09739,180,2144
3.10286,180,2148
3.10852,180,2148
3.11398,180,2144
3.11945,180,2144
3.1252,180,2148
3.13066,180,2144
3.13613,180,2148
3.14159,180,2144
3.14725,180,2148
3.15271,180,2152
3.15818,180,2152
3.16393,180,2152
3.1694,180,2152
3.17486,180,2152
3.18052,180,2156
3.18598,180,2156
3.19145,180,2156
3.19691,180,2156
3.20266,180,2156
3.20813,180,2156
3.2135,180,2152
3.21925,180,2156
3.22472,180,2160
3.23018,180,2160
3.23593,180,2160
3.2414,180,2164
3.24677,180,2168
3.25223,180,2164
3.25798,180,2168
3.26345,180,2168
3.26891,180,2172
3.27467,180,2176
3.28003,180,2180
3.2855,180,2184
3.29125,180,2188
3.29672,180,2188
3.30218,180,2192
3.30793,180,2188
3.3134,180,2192
3.31877,180,2200
3.32423,180,2204
3.32998,180,2204
3.33545,180,2208
3.34091,180,2208
3.34667,180,2208
3.35204,180,2220
3.3575,180,2224
3.36325,180,2224
3.36872,180,2228
3.37332,180,2236
3.37878,180,2236
3.38425,180,2236
3.38971,180,2240
3.39547,180,2248
3.40093,180,2252
3.4063,180,2252
3.41205,180,2256
3.41752,180,2264
3.42298,180,2264
3.42873,180,2272
3.4342,180,2276
3.43957,180,2280
3.44503,180,2284
3.45079,180,2292
3.45625,180,2300
3.46172,180,2300
3.46747,180,2304
3.47293,180,2304
3.4783,180,2304
3.48405,180,2308
3.48952,180,2320
3.49498,180,2328
3.50045,180,2340
3.5062,180,2344
3.51157,180,2344
3.51703,180,2352
3.52279,180,2360
3.52825,180,2364
3.53372,180,2368
3.53947,180,2376
3.54484,180,2376
3.5503,180,2384
3.55577,180,2396
3.56152,180,2404
3.56698,180,2412
3.57245,180,2416
3.57811,180,2420
3.58357,180,2428
3.58904,180,2436
3.59479,180,2440
3.60025,180,2448
3.60485,180,2460
3.61032,180,2464
3.61578,180,2472
3.62154,180,2476
3.627,180,2480
3.63247,180,2492
3.63784,180,2508
3.64359,180,2516
3.64905,180,2524
3.65452,180,2528
3.66027,180,2540
3.66573,180,2556
3.6711,180,2560
3.67657,180,2564
3.68232,180,2568
3.68779,180,2580
3.69325,180,2596
3.699,180,2604
3.70437,180,2612
3.70984,180,2624
3.7153,180,2636
3.72105,180,2644
3.72652,180,2660
3.73198,180,2668
3.73764,180,2680
3.7431,180,2696
3.74857,180,2708
3.75403,180,2712
3.75979,180,2720
3.76525,180,2732
3.76985,180,2740
3.77532,180,2760
3.78078,180,2780
3.78654,180,2792
3.792,180,2804
3.79737,180,2816
3.80312,180,2836
3.80859,180,2852
3.81405,180,2860
3.81952,180,2872
3.82527,180,2880
3.83064,180,2892
3.8361,180,2904
3.84185,180,2920
3.84732,180,2944
3.85278,180,2972
3.85825,180,2984
3.86391,180,2996
3.86937,180,3012
3.87484,180,3028
3.88059,180,3044
3.88605,180,3060
3.89065,180,3076
3.89612,180,3092
3.90158,180,3124
3.90705,180,3144
3.9128,180,3152
3.91817,180,3180
3.92364,180,3192
3.92939,180,3164
3.93485,180,3160
3.94032,180,3132
3.94607,180,3104
3.95153,180,3092
3.9569,180,3088
3.96237,180,3084
3.96898,180,3072
3.97464,180,3056
3.9801,180,3048
3.98557,180,3040
3.99103,180,3024
3.99679,180,3012
4.00225,180,2984
4.00762,180,2976
4.01337,180,2968
4.01884,180,2948
4.0243,180,2940
4.02977,180,2932
4.03552,180,2928
4.04089,180,2924
4.04635,180,2912
4.05211,180,2908
4.05757,180,2892
4.06304,180,2884
4.0685,180,2876
4.07425,180,2868
4.07962,180,2864
4.08509,180,2848
4.09084,180,2840
4.0963,180,2836
4.10177,180,2832
4.10752,180,2816
4.11289,180,2808
4.11835,180,2800
4.12411,180,2788
4.12957,180,2784
4.13504,180,2792
4.15162,180,2816
4.15738,180,2848
4.16284,180,2836
4.16831,180,2824
4.17406,180,2816
4.17943,180,2792
4.18489,180,2784
4.19064,180,2780
4.19611,180,2760
4.20157,180,2756
4.20733,180,2752
4.21269,180,2744
4.21845,180,2736
4.22477,180,2728
4.23043,180,2720
4.2359,180,2716
4.24165,180,2708
4.24711,180,2704
4.25258,180,2696
4.25833,180,2680
4.2637,180,2676
4.26916,180,2672
4.27492,180,2652
4.28038,180,2640
4.28585,180,2640
4.2916,180,2636
4.29697,180,2624
4.30243,180,2616
4.30819,180,2616
4.31365,180,2608
4.31911,180,2600
4.32487,180,2596
4.33024,180,2588
4.33599,180,2584
4.34145,180,2576
4.34692,180,2568
4.35267,180,2564
4.35814,180,2564
4.3635,180,2564
4.36926,180,2552
4.38594,180,2540
4.41125,180,1324
4.41671,180,1320
4.42247,180,1302
4.42899,180,1278
4.43445,180,1264
4.43992,180,1258
4.44567,180,1252
4.45871,180,1164
4.46417,180,1156
4.46964,180,1150
4.47539,180,1144
4.48085,180,1136
4.48622,180,1132
4.49198,180,1130
4.49744,180,1132
4.5029,180,1132
4.50866,180,1130
4.51412,180,1132
4.51949,180,1134
4.52524,180,1136
4.53071,180,1122
4.54844,180,1102
4.55391,180,1086
4.55966,180,1074
4.56589,180,1064
4.57165,180,1056
4.57711,180,1052
4.58277,180,1050
4.58823,180,1042
4.5937,180,1034
4.59945,180,1028
4.60491,180,1026
4.61143,180,1024
4.6169,180,1022
4.62265,180,1020
4.62812,180,1020
4.63348,180,1020
4.63924,180,1018
4.6447,180,1014
4.65017,180,1016
4.65592,180,1014
4.66138,180,1012
4.66675,180,1004
4.67251,180,1002
4.67797,180,1002
4.68343,180,1006
4.68785,180,1028
4.6935,180,1036
4.69897,180,1040
4.70443,180,1040
4.7099,180,1036
4.71536,180,1038
4.72083,180,1050
4.72629,180,1050
4.73195,180,1050
4.73741,180,1060
4.74288,180,1066
4.74729,180,1074
4.75294,180,1094
4.75841,180,1108
4.76387,180,1104
4.76934,180,1106
4.7748,180,1106
4.78027,180,1104
4.78602,180,1106
4.79685,180,1108
4.81814,180,2252
4.83645,180,1906
4.8539,180,1882
4.90979,180,1684
4.91555,180,1676
4.92101,180,1688
4.92638,180,1672
4.93184,180,1642
4.93846,180,1608
4.95044,180,1520
4.95591,180,1502
4.96128,180,1474
4.96674,180,1460
4.97221,180,1464
4.98889,180,1466
5.00337,180,1724
5.0189,180,1864
5.0352,180,1870
5.04066,180,1824
5.05188,180,1822
5.05734,180,1766
5.06827,180,1758
5.07364,180,1800
5.07911,180,1792
5.08457,180,1800
5.10317,180,1584
5.10854,180,1596
5.11947,180,1622
5.12417,180,1714
5.135,180,1706
5.14162,180,1540
5.14814,180,1528
5.1536,180,1528
5.15907,180,1530
5.16453,180,1532
5.1699,180,1532
5.17565,180,1534
5.18112,180,1536
5.18553,180,1540
5.19118,180,1548
5.19665,180,1554
5.2024,180,1548
5.20892,180,1530
5.21438,180,1514
5.21985,180,1502
5.2256,180,1490
5.23107,180,1474
5.23672,180,1462
5.24219,180,1450
5.2488,180,1438
5.25446,180,1424
5.25992,180,1412
5.26568,180,1404
5.27114,180,1390
5.27661,180,1380
5.28226,180,1370
5.28888,180,1358
5.29434,180,1346
5.3,180,1336
5.30546,180,1326
5.31122,180,1318
5.31668,180,1308
5.32215,180,1306
5.60028,180,149
5.60574,180,149
5.61801,180,148
5.63105,180,146
5.63767,180,145
5.64994,180,144
5.65646,180,143
5.66384,180,142
5.67036,180,141
5.67611,180,141
5.68263,180,140
5.68915,180,139
5.69462,180,139
5.70037,180,139
5.70583,180,139
5.71341,180,138
5.72002,180,137
5.72654,180,136
5.73229,180,136
5.73968,180,135
5.74533,180,135
5.75195,180,134
5.75732,180,134
5.76307,180,134
5.76959,180,133
5.77697,180,132
5.78378,180,131
5.78924,180,131
5.79471,180,131
5.80046,180,131
5.80803,180,130
5.8135,180,130
5.82012,180,129
5.82577,180,129
5.83315,180,128
5.83891,180,128
5.84437,180,128
5.85089,180,127
5.85664,180,127
5.86403,180,126
5.86968,180,126
5.87515,180,126
5.8809,180,126
5.88742,180,125
5.89288,180,125
5.89864,180,125
5.90602,180,124
5.91167,180,124
5.91714,180,124
5.92289,180,124
5.92941,180,123
5.93488,180,123
5.94063,180,123
5.94801,180,122
5.95367,180,122
5.95913,180,122
5.96488,180,122
5.97035,180,122
5.9761,180,122
5.98339,180,121
5.98914,180,121
5.99461,180,121
6.00036,180,121
6.00688,180,120
6.01234,180,120
6.01809,180,120
6.02356,180,120
6.02893,180,120
6.03468,180,120
6.04235,180,119
6.04782,180,119
6.05347,180,119
6.05894,180,119
6.0644,180,119
6.07015,180,119
6.07562,180,119
6.08329,180,118
6.08866,180,118
6.09441,180,118
6.09987,180,118
6.10563,180,118
6.11109,180,118
6.11675,180,118
6.12221,180,118
6.12797,180,118
6.13535,180,117
6.1411,180,117
6.14647,180,117
6.15222,180,117
6.15769,180,117
6.16315,180,117
6.1689,180,117
6.17437,180,117
6.18003,180,117
6.18549,180,117
6.19124,180,117
6.19671,180,117
6.20246,180,117
6.20898,180,116
6.21444,180,116
6.21991,180,116
6.22556,180,116
6.23103,180,116
6.23678,180,116
6.24138,180,117
6.248,180,116
6.25337,180,116
6.25912,180,116
6.26459,180,116
6.27005,180,116
6.2758,180,116
6.28127,180,116
0.000479369,180,116
0.00594418,180,116
0.0116966,180,116
0.0171614,180,116
0.022818,180,116
0.0282828,180,116
0.0329806,180,117
0.0395,180,116
0.0449648,180,116
0.0507172,180,116
0.0560862,180,116
0.0618386,180,116
0.0648107,180,116
0.0702755,180,116
0.0760279,180,116
0.0814927,180,116
0.0860947,180,117
0.0915595,180,117
0.0973119,180,117
0.102777,180,117
0.108242,180,117
0.113898,180,117
0.119363,180,117
0.125115,180,117
0.128663,180,118
0.136045,180,117
0.141797,180,117
0.145345,180,118
0.150714,180,118
0.156466,180,118
0.161931,180,118
0.167683,180,118
0.173148,180,118
0.178613,180,118
0.184269,180,118
0.189734,180,118
0.195487,180,118
0.200951,180,118
0.204499,180,119
0.210251,180,119
0.21562,180,119
0.219168,180,120
0.226837,180,119
0.232302,180,119
0.23585,180,120
0.241602,180,120
0.247067,180,120
0.252436,180,120
0.258188,180,120
0.263653,180,120
0.268255,180,121
0.27372,180,121
0.279472,180,121
0.284937,180,121
0.290689,180,121
0.296154,180,121
0.299701,180,122
0.305358,180,122
0.310823,180,122
0.316288,180,122
0.320123,180,123
0.325587,180,123
0.331052,180,123
0.336709,180,123
0.342174,180,123
0.346871,180,124
0.352336,180,124
0.357993,180,124
0.363458,180,124
0.367005,180,125
0.372757,180,125
0.378222,180,125
0.383687,180,125
0.388289,180,126
0.394041,180,126
0.399506,180,126
0.403053,180,127
0.40871,180,127
0.414175,180,127
0.41964,180,127
0.424242,180,128
0.429994,180,128
0.435459,180,128
0.439006,180,129
0.444471,180,129
0.450223,180,129
0.454825,180,130
0.46029,180,130
0.463837,180,131
0.46959,180,131
0.475055,180,131
0.479657,180,132
0.485121,180,132
0.501708,180,132
0.505255,180,133
0.509953,180,134
0.514555,180,135
0.520019,180,135
0.525772,180,135
0.529319,180,136
0.534688,180,136
0.539386,180,137
0.545138,180,137
0.549453,180,138
0.555972,180,137
0.56067,180,138
0.566135,180,138
0.569874,180,139
0.574284,180,140
0.580036,180,140
0.585501,180,140
0.590103,180,141
0.594418,180,142
0.60017,180,142
0.603717,180,143
0.608128,180,144
0.613784,180,144
0.619249,180,144
0.635068,180,145
0.639478,180,146
0.648682,180,148
0.654147,180,148
0.66431,180,149
0.667857,180,150
0.677924,180,151
0.693743,180,152
0.702755,180,154
0.707357,180,155
1.27435,180,1208
1.28001,180,1192
1.28548,180,1190
1.29094,180,1188
1.29641,180,1186
1.30216,180,1184
1.30762,180,1182
1.31309,180,1180
1.31846,180,1178
1.32392,180,1176
1.32967,180,1176
1.33514,180,1172
1.34166,180,1170
1.34712,180,1168
1.35259,180,1168
1.35805,180,1168
1.3638,180,1166
1.36917,180,1164
1.37464,180,1162
1.3801,180,1160
1.38557,180,1158
1.39132,180,1158
1.39679,180,1156
1.40225,180,1156
1.40771,180,1154
1.41337,180,1154
1.41884,180,1152
1.4243,180,1150
1.42977,180,1152
1.43523,180,1150
1.44098,180,1148
1.44635,180,1148
1.45182,180,1148
1.45728,180,1146
1.46303,180,1146
1.4685,180,1146
1.47396,180,1144
1.47943,180,1142
1.48509,180,1142
1.49055,180,1138
1.49601,180,1142
1.50148,180,1144
1.50723,180,1142
1.5127,180,1142
1.51816,180,1140
1.52353,180,1140
1.52928,180,1140
1.53475,180,1140
1.54021,180,1140
1.54568,180,1140
1.55143,180,1138
1.5568,180,1138
1.56226,180,1138
1.56773,180,1140
1.57348,180,1138
1.57895,180,1138
1.58441,180,1138
1.58988,180,1138
1.59553,180,1138
1.601,180,1138
1.60646,180,1138
1.61193,180,1138
1.61768,180,1138
1.62314,180,1138
1.62861,180,1138
1.63426,180,1138
1.63973,180,1138
1.64519,180,1140
1.65066,180,1142
1.65641,180,1142
1.66188,180,1142
1.66725,180,1144
1.67271,180,1138
1.67846,180,1146
1.68393,180,1154
1.68939,180,1148
1.69486,180,1148
1.70051,180,1148
1.70598,180,1148
1.71144,180,1150
1.71691,180,1150
1.72266,180,1152
1.72813,180,1152
1.73359,180,1154
1.73905,180,1154
1.74471,180,1154
1.75018,180,1156
1.75564,180,1158
1.76139,180,1158
1.76686,180,1158
1.77232,180,1160
1.77769,180,1164
1.78344,180,1164
1.78891,180,1166
1.79437,180,1168
1.79984,180,1168
1.80559,180,1170
1.80991,180,1172
1.81566,180,1172
1.82112,180,1174
1.82659,180,1174
1.83196,180,1178
1.83771,180,1178
1.84317,180,1178
1.84864,180,1182
1.8541,180,1184
1.85986,180,1184
1.86532,180,1186
1.87069,180,1188
1.87615,180,1190
1.88191,180,1190
1.88737,180,1192
1.89284,180,1196
1.8983,180,1198
1.90396,180,1200
1.90942,180,1202
1.91489,180,1206
1.92035,180,1210
1.9261,180,1210
1.93157,180,1212
1.93703,180,1214
1.9424,180,1216
1.94816,180,1218
1.95362,180,1220
1.95909,180,1224
1.96484,180,1226
1.96915,180,1230
1.97462,180,1232
1.98037,180,1236
1.98583,180,1238
1.9913,180,1240
1.99696,180,1244
2.00242,180,1240
2.00788,180,1246
2.01335,180,1258
2.01881,180,1258
2.02457,180,1260
2.03003,180,1264
2.0354,180,1266
2.04087,180,1270
2.04662,180,1274
2.05208,180,1278
2.05755,180,1282
2.06301,180,1284
2.06848,180,1288
2.07413,180,1292
2.07854,180,1296
2.08401,180,1300
2.08967,180,1302
2.09513,180,1306
2.10059,180,1312
2.10606,180,1318
2.11181,180,1320
2.11728,180,1324
2.12274,180,1328
2.12821,180,1332
2.13358,180,1336
2.13933,180,1342
2.14479,180,1350
2.15026,180,1354
2.15572,180,1356
2.16147,180,1362
2.16579,180,1368
2.17125,180,1372
2.17701,180,1378
2.18247,180,1382
2.18784,180,1386
2.19331,180,1392
2.19906,180,1398
2.20452,180,1404
2.20999,180,1408
2.21545,180,1414
2.22092,180,1422
2.22657,180,1428
2.23204,180,1432
2.2375,180,1438
2.24297,180,1444
2.24757,180,1450
2.25303,180,1458
2.2585,180,1464
2.26425,180,1472
2.26972,180,1480
2.27518,180,1486
2.28065,180,1494
2.28601,180,1502
2.29177,180,1506
2.29723,180,1512
2.3027,180,1522
2.30816,180,1530
2.31391,180,1536
2.31823,180,1542
2.32369,180,1550
2.32945,180,1560
2.33491,180,1568
2.34038,180,1576
2.34574,180,1584
2.35121,180,1592
2.35696,180,1598
2.36243,180,1610
2.36789,180,1620
2.37336,180,1624
2.37901,180,1634
2.38342,180,1644
2.38889,180,1652
2.39464,180,1666
2.40001,180,1676
2.40547,180,1684
2.41094,180,1694
2.41669,180,1700
2.42216,180,1712
2.42762,180,1724
2.43309,180,1734
2.43855,180,1744
2.44421,180,1750
2.44862,180,1762
2.45408,180,1778
2.45974,180,1788
2.4652,180,1798
2.47067,180,1810
2.47613,180,1822
2.48188,180,1836
2.48735,180,1850
2.49281,180,1862
2.49818,180,1874
2.50365,180,1890
2.50835,180,1904
2.51381,180,1910
2.51947,180,1924
2.52493,180,1942
2.5304,180,1956
2.53586,180,1974
2.54161,180,1988
2.54708,180,2000
2.55254,180,2014
2.55791,180,2030
2.56367,180,2048
2.56808,180,2064
2.57373,180,2080
2.5792,180,2092
2.58466,180,2116
2.59013,180,2136
2.59588,180,2156
2.60134,180,2168
2.60681,180,2188
2.61218,180,2208
2.61793,180,2232
2.62234,180,2244
2.628,180,2264
2.63346,180,2292
2.63893,180,2320
2.64439,180,2336
2.65014,180,2316
2.65561,180,2328
2.66107,180,2364
2.66644,180,2360
2.67219,180,2356
2.67766,180,2352
2.68312,180,2348
2.68859,180,2340
2.69434,180,2336
2.69981,180,2332
2.70518,180,2324
2.71064,180,2312
2.71639,180,2304
2.72186,180,2304
2.72732,180,2300
2.73279,180,2296
2.73844,180,2292
2.74391,180,2288
2.74937,180,2288
2.75513,180,2284
2.76059,180,2276
2.76605,180,2276
2.77152,180,2268
2.77718,180,2264
2.78264,180,2260
2.78811,180,2252
2.79357,180,2248
2.79932,180,2248
2.80479,180,2244
2.81025,180,2240
2.81562,180,2236
2.82224,180,2232
2.8277,180,2228
2.83336,180,2224
2.83882,180,2224
2.84429,180,2224
2.85004,180,2216
2.85551,180,2216
2.86097,180,2216
2.86634,180,2212
2.87209,180,2204
2.87756,180,2196
2.88302,180,2196
2.88849,180,2196
2.89424,180,2192
2.89961,180,2192
2.90507,180,2192
2.91054,180,2184
2.91629,180,2184
2.92175,180,2180
2.92722,180,2176
2.93268,180,2176
2.93834,180,2176
2.9438,180,2172
2.94927,180,2168
2.95473,180,2168
2.96049,180,2168
2.96595,180,2168
2.97142,180,2164
2.97679,180,2164
2.98254,180,2160
2.988,180,2160
2.99347,180,2160
2.99922,180,2160
3.00468,180,2160
3.01005,180,2160
3.01552,180,2156
3.02127,180,2156
3.02674,180,2156
3.0322,180,2156
3.03767,180,2152
3.04342,180,2152
3.04879,180,2152
3.05425,180,2152
3.06,180,2148
3.06547,180,2148
3.07093,180,2148
3.07669,180,2152
3.08206,180,2152
3.08752,180,2148
3.09327,180,2152
3.09874,180,2152
3.1042,180,2152
3.10995,180,2148
3.11532,180,2148
3.12079,180,2152
3.12654,180,2152
3.13201,180,2148
3.13747,180,2148
3.14322,180,2152
3.14859,180,2152
3.15406,180,2152
3.15981,180,2148
3.16527,180,2152
3.17074,180,2156
3.17649,180,2156
3.18186,180,2156
3.18761,180,2156
3.19308,180,2156
3.19854,180,2156
3.20429,180,2156
3.20976,180,2160
3.21522,180,2164
3.22088,180,2164
3.22635,180,2164
3.23181,180,2164
3.23756,180,2164
3.24303,180,2164
3.24849,180,2168
3.25415,180,2172
3.25961,180,2176
3.26508,180,2176
3.27083,180,2176
3.2763,180,2176
3.28176,180,2176
3.28742,180,2180
3.29288,180,2188
3.29835,180,2192
3.3041,180,2192
3.30956,180,2196
3.31503,180,2200
3.32068,180,2204
3.32615,180,2204
3.33161,180,2208
3.33737,180,2212
3.34283,180,2212
3.3483,180,2216
3.35395,180,2216
3.35942,180,2224
3.36517,180,2228
3.37064,180,2224
3.3761,180,2228
3.3807,180,2236
3.38617,180,2240
3.39192,180,2244
3.39738,180,2248
3.40275,180,2256
3.40851,180,2256
3.41397,180,2260
3.41944,180,2264
3.42519,180,2268
3.43065,180,2272
3.43612,180,2272
3.44177,180,2276
3.44724,180,2284
3.4527,180,2288
3.45846,180,2296
3.46392,180,2300
3.46939,180,2304
3.47504,180,2312
3.48051,180,2316
3.48597,180,2320
3.49172,180,2324
3.49719,180,2332
3.50285,180,2340
3.50831,180,2340
3.51377,180,2348
3.51953,180,2356
3.52499,180,2360
3.53046,180,2360
3.53611,180,2368
3.54158,180,2372
3.54704,180,2376
3.5528,180,2384
3.55826,180,2392
3.56372,180,2400
3.56938,180,2408
3.57485,180,2416
3.58031,180,2428
3.58606,180,2436
3.59153,180,2440
3.59699,180,2444
3.60265,180,2452
3.60706,180,2460
3.61281,180,2464
3.61828,180,2472
3.62365,180,2480
3.62911,180,2488
3.63486,180,2492
3.64033,180,2504
3.64579,180,2520
3.65155,180,2528
3.65701,180,2532
3.66238,180,2540
3.66784,180,2552
3.6736,180,2564
3.67906,180,2568
3.68453,180,2580
3.69028,180,2592
3.69565,180,2600
3.70111,180,2604
3.70658,180,2608
3.71233,180,2624
3.71779,180,2636
3.72326,180,2644
3.72892,180,2656
3.73438,180,2664
3.73985,180,2680
3.74531,180,2696
3.75106,180,2712
3.75653,180,2720
3.76199,180,2728
3.76659,180,2740
3.77206,180,2744
3.77781,180,2756
3.78318,180,2772
3.78865,180,2792
3.7944,180,2808
3.79986,180,2820
3.80533,180,2832
3.81079,180,2848
3.81654,180,2860
3.82191,180,2872
3.82738,180,2880
3.83313,180,2904
3.8386,180,2924
3.84406,180,2932
3.84952,180,2944
3.85518,180,2968
3.86065,180,2988
3.86611,180,3000
3.87186,180,3012
3.87733,180,3024
3.88279,180,3044
3.88826,180,3068
3.89286,180,3096
3.89832,180,3116
3.90408,180,3132
3.90945,180,3148
3.91491,180,3164
3.92066,180,3188
3.92613,180,3208
3.93159,180,3208
3.93735,180,3212
3.94271,180,3216
3.94818,180,3192
3.95364,180,3156
3.9594,180,3148
3.96486,180,3132
3.97033,180,3092
3.97608,180,3084
3.98231,180,3072
3.98806,180,3060
3.99353,180,3052
3.9989,180,3036
4.00465,180,3016
4.01011,180,3004
4.01558,180,2996
4.02104,180,2980
4.0268,180,2960
4.03216,180,2944
4.03763,180,2928
4.04338,180,2912
4.04885,180,2896
4.05431,180,2888
4.05978,180,2872
4.06543,180,2860
4.0709,180,2856
4.07636,180,2848
4.08211,180,2836
4.08758,180,2828
4.09304,180,2816
4.0988,180,2792
4.10417,180,2776
4.10963,180,2764
4.1151,180,2748
4.12085,180,2740
4.12631,180,2736
4.13283,180,2724
4.1383,180,2716
4.14376,180,2712
4.14951,180,2704
4.15488,180,2696
4.16035,180,2684
4.16581,180,2668
4.17157,180,2664
4.17703,180,2656
4.18249,180,2644
4.18815,180,2640
4.19362,180,2636
4.19908,180,2620
4.20455,180,2608
4.2103,180,2600
4.21576,180,2596
4.22123,180,2588
4.22669,180,2580
4.23235,180,2572
4.23781,180,2568
4.24328,180,2560
4.24903,180,2548
4.2545,180,2540
4.25996,180,2536
4.26533,180,2532
4.27108,180,2520
4.27655,180,2516
4.28201,180,2516
4.28748,180,2508
4.29323,180,2504
4.2986,180,2500
4.30406,180,2496
4.30953,180,2492
4.33273,180,2332
4.34395,180,2300
4.36053,180,2280
4.37693,180,2276
4.39351,180,2276
4.41019,180,2264
4.41566,180,2236
4.42112,180,2236
4.42678,180,2240
4.4334,180,2224
4.44423,180,2200
4.45573,180,1408
4.4612,180,1410
4.46666,180,1420
4.47232,180,1422
4.47779,180,1418
4.48325,180,1414
4.489,180,1414
4.49447,180,1418
4.49993,180,1406
4.5054,180,1396
4.51105,180,1388
4.51652,180,1374
4.52198,180,1380
4.52745,180,1392
4.5332,180,1392
4.5517,180,1276
4.55717,180,1256
4.56263,180,1246
4.5681,180,1234
4.57462,180,1220
4.58037,180,1212
4.58584,180,1206
4.5913,180,1200
4.59667,180,1194
4.60242,180,1192
4.60789,180,1190
4.61335,180,1190
4.61882,180,1188
4.62457,180,1182
4.62994,180,1180
4.6354,180,1186
4.64115,180,1184
4.64662,180,1192
4.65208,180,1206
4.65755,180,1208
4.6633,180,1208
4.66867,180,1212
4.67414,180,1226
4.6796,180,1224
4.68535,180,1218
4.68967,180,1234
4.69513,180,1236
4.70088,180,1232
4.70635,180,1236
4.71181,180,1238
4.71728,180,1252
4.72294,180,1268
4.7331,180,1316
4.73856,180,1312
4.74393,180,1314
4.7494,180,1316
4.75515,180,1316
4.76608,180,1316
4.78027,180,2276
4.78602,180,2280
4.79139,180,2284
4.80424,180,2048
4.80884,180,2052
4.82552,180,2056
4.86531,180,1308
4.87106,180,1304
4.87652,180,1302
4.88199,180,1304
5.13941,180,1470
5.14488,180,1472
5.15063,180,1472
5.16146,180,1478
5.17268,180,1490
5.17814,180,1494
5.18361,180,1492
5.18927,180,1498
5.19473,180,1504
5.20048,180,1506
5.20595,180,1502
5.2117,180,1498
5.21716,180,1500
5.22253,180,1496
5.22829,180,1488
5.23375,180,1476
5.2395,180,1462
5.24497,180,1452
5.25149,180,1440
5.25724,180,1426
5.2627,180,1414
5.26836,180,1404
5.27383,180,1392
5.27929,180,1382
5.28504,180,1372
5.29156,180,1360
5.29703,180,1348
5.30278,180,1336
5.30824,180,1322
5.3139,180,1308
5.31937,180,1298
5.32598,180,1288
5.33164,180,1282
5.3371,180,1274
5.34285,180,1264
5.34832,180,1260
5.35378,180,1256
5.35944,180,1248
5.36491,180,1238
5.37152,180,1228
5.37718,180,1222
5.38264,180,1214
5.3884,180,1206
5.39386,180,1198
5.39961,180,1192
5.40498,180,1186
5.4162,180,1182
5.57679,180,152
5.5834,180,151
5.58992,180,150
5.59759,180,149
5.60871,180,149
5.6207,180,148
5.62837,180,146
5.63489,180,145
5.64064,180,145
5.64716,180,144
5.65377,180,143
5.66681,180,142
5.6788,180,141
5.68532,180,140
5.69193,180,139
5.70305,180,139
5.71648,180,138
5.72299,180,137
5.72951,180,136
5.7369,180,135
5.74265,180,135
5.74811,180,135
5.75463,180,134
5.76144,180,133
5.7669,180,133
5.77237,180,133
5.77812,180,133
5.78656,180,131
5.79231,180,131
5.79768,180,131
5.80535,180,130
5.81082,180,130
5.81733,180,129
5.82309,180,129
5.82855,180,129
5.83613,180,128
5.84159,180,128
5.84734,180,128
5.85386,180,127
5.85933,180,127
5.86508,180,127
5.87054,180,127
5.87821,180,126
5.88473,180,125
5.89049,180,125
5.89585,180,125
5.90132,180,125
5.90899,180,124
5.91474,180,124
5.92021,180,124
5.92673,180,123
5.93219,180,123
5.93785,180,123
5.94552,180,122
5.95098,180,122
5.95645,180,122
5.9622,180,122
5.96757,180,122
5.97332,180,122
5.97879,180,122
5.98425,180,122
5.99192,180,121
5.99758,180,121
6.00304,180,121
6.00966,180,120
6.01503,180,120
6.02078,180,120
6.02624,180,120
6.032,180,120
6.03938,180,119
6.04503,180,119
6.0505,180,119
6.05625,180,119
6.06172,180,119
6.06718,180,119
6.07476,180,118
6.08022,180,118
6.08406,180,119
6.09144,180,118
6.09719,180,118
6.10256,180,118
6.10802,180,118
6.11378,180,118
6.11924,180,118
6.12499,180,118
6.13238,180,117
6.13803,180,117
6.1435,180,117
6.14925,180,117
6.15471,180,117
6.16018,180,117
6.16584,180,117
6.1713,180,117
6.17705,180,117
6.18252,180,117
6.18827,180,117
6.19374,180,117
6.1991,180,117
6.20572,180,116
6.21138,180,116
6.21684,180,116
6.22259,180,116
6.227,180,117
6.23352,180,116
6.23927,180,116
6.24464,180,116
6.2504,180,116
6.25586,180,116
6.26133,180,116
6.26708,180,116
6.27254,180,116
6.2782,180,116
0.00345146,180,116
0.00920388,180,116
0.0146687,180,116
0.0204211,180,116
0.0258859,180,116
0.0315425,180,116
0.0370073,180,116
0.0424721,180,116
0.0482245,180,116
0.0536893,180,116
0.0594418,180,116
0.0627015,180,116
0.0673034,180,117
0.0727682,180,117
0.0792876,180,116
0.0839854,180,117
0.089642,180,117
0.0951068,180,117
0.100859,180,117
0.106324,180,117
0.111789,180,117
0.117445,180,117
0.12291,180,117
0.128663,180,117
0.134127,180,117
0.13988,180,117
0.145345,180,117
0.148892,180,118
0.154549,180,118
0.160013,180,118
0.165766,180,118
0.171231,180,118
0.176983,180,118
0.182352,180,118
0.185899,180,119
0.193569,180,118
0.197117,180,119
0.202869,180,119
0.208334,180,119
0.21399,180,119
0.219455,180,119
0.225208,180,119
0.230672,180,119
0.23422,180,120
0.239972,180,120
0.245437,180,120
0.251093,180,120
0.256558,180,120
0.262311,180,120
0.266913,180,121
0.272377,180,121
0.277842,180,121
0.283595,180,121
0.287142,180,122
0.294716,180,121
0.298263,180,122
0.303728,180,122
0.307563,180,123
0.313028,180,123
0.31878,180,123
0.324245,180,123
0.329902,180,123
0.335367,180,123
0.340831,180,123
0.345433,180,124
0.351186,180,124
0.356651,180,124
0.362403,180,124
0.367868,180,124
0.371415,180,125
0.377072,180,125
0.381769,180,126
0.387234,180,126
0.392891,180,126
0.398356,180,126
0.40382,180,126
0.407655,180,127
0.41312,180,127
0.417722,180,128
0.423187,180,128
0.428939,180,128
0.434404,180,128
0.438239,180,129
0.443608,180,129
0.449073,180,129
0.454825,180,129
0.459427,180,130
0.464892,180,130
0.468439,180,131
0.474192,180,131
0.478794,180,132
0.484259,180,132
0.490011,180,132
0.493558,180,133
0.499023,180,133
0.504776,180,133
0.509377,180,134
0.514842,180,134
0.519444,180,135
0.524909,180,135
0.528744,180,136
0.534209,180,136
0.539961,180,136
0.544276,180,137
0.548877,180,138
0.560095,180,138
0.565847,180,138
0.569394,180,139
0.574859,180,139
0.579461,180,140
0.585214,180,140
0.589816,180,141
0.594226,180,142
0.599882,180,142
0.60343,180,143
0.609182,180,143
0.613784,180,144
0.619249,180,144
0.625001,180,144
0.629316,180,145
0.634013,180,146
0.639766,180,146
0.644368,180,147
0.649833,180,147
0.69614,180,150
1.27483,180,1244
1.28145,180,1224
1.28682,180,1212
1.29228,180,1210
1.29804,180,1208
1.3035,180,1208
1.30925,180,1206
1.31472,180,1204
1.32009,180,1200
1.32584,180,1202
1.3313,180,1204
1.33706,180,1196
1.34252,180,1194
1.34818,180,1192
1.35364,180,1190
1.35911,180,1190
1.36486,180,1188
1.37032,180,1186
1.37608,180,1186
1.38145,180,1184
1.38691,180,1184
1.39266,180,1182
1.39813,180,1180
1.40388,180,1178
1.40934,180,1176
1.415,180,1174
1.42047,180,1174
1.42593,180,1172
1.43168,180,1172
1.43715,180,1172
1.44367,180,1170
1.44942,180,1170
1.45488,180,1170
1.46035,180,1168
1.46601,180,1164
1.47147,180,1166
1.47722,180,1166
1.48269,180,1166
1.48815,180,1164
1.49381,180,1158
1.49927,180,1164
1.50397,180,1172
1.51049,180,1166
1.51596,180,1164
1.52142,180,1164
1.52708,180,1164
1.53254,180,1162
1.5383,180,1160
1.54376,180,1160
1.54922,180,1160
1.55498,180,1160
1.56035,180,1160
1.56581,180,1160
1.57156,180,1160
1.57703,180,1160
1.58249,180,1160
1.58825,180,1160
1.59361,180,1160
1.59908,180,1160
1.60483,180,1162
1.6103,180,1162
1.61576,180,1160
1.62151,180,1160
1.62688,180,1160
1.63235,180,1160
1.6381,180,1162
1.64356,180,1162
1.64903,180,1162
1.65478,180,1162
1.66015,180,1162
1.66562,180,1164
1.67137,180,1158
1.67683,180,1168
1.68143,180,1174
1.68805,180,1166
1.69351,180,1168
1.69888,180,1170
1.70464,180,1170
1.70924,180,1172
1.7147,180,1172
1.72017,180,1172
1.72592,180,1172
1.73138,180,1174
1.73685,180,1174
1.7426,180,1174
1.74797,180,1176
1.75344,180,1178
1.75919,180,1178
1.76465,180,1180
1.77012,180,1182
1.77587,180,1184
1.78124,180,1184
1.7867,180,1186
1.79246,180,1186
1.79792,180,1188
1.80339,180,1190
1.80914,180,1192
1.81451,180,1192
1.81997,180,1194
1.82572,180,1194
1.83119,180,1194
1.83665,180,1196
1.84241,180,1200
1.84778,180,1202
1.85353,180,1204
1.85899,180,1206
1.86446,180,1208
1.87021,180,1210
1.87567,180,1210
1.88104,180,1212
1.8868,180,1214
1.89226,180,1214
1.89773,180,1216
1.90348,180,1220
1.90894,180,1224
1.91441,180,1226
1.92006,180,1228
1.92447,180,1230
1.93013,180,1234
1.9356,180,1234
1.94106,180,1236
1.94681,180,1240
1.95228,180,1242
1.95774,180,1244
1.9635,180,1248
1.96886,180,1252
1.97462,180,1254
1.98008,180,1256
1.98555,180,1260
1.9913,180,1266
1.99676,180,1262
2.00213,180,1264
2.00788,180,1274
2.01335,180,1276
2.01881,180,1280
2.02457,180,1284
2.03003,180,1288
2.03569,180,1292
2.04115,180,1294
2.04585,180,1296
2.05122,180,1300
2.05697,180,1302
2.06244,180,1306
2.0679,180,1312
2.07365,180,1318
2.07912,180,1320
2.08478,180,1322
2.09024,180,1328
2.09571,180,1330
2.10146,180,1332
2.10692,180,1340
2.11258,180,1344
2.11804,180,1348
2.12351,180,1352
2.12926,180,1356
2.13473,180,1358
2.14019,180,1364
2.14479,180,1370
2.15055,180,1374
2.15601,180,1378
2.16147,180,1384
2.16713,180,1390
2.1726,180,1394
2.17835,180,1400
2.18381,180,1406
2.18928,180,1412
2.19493,180,1416
2.2004,180,1422
2.20615,180,1430
2.21162,180,1434
2.21708,180,1438
2.22283,180,1446
2.22744,180,1452
2.2329,180,1460
2.23837,180,1466
2.24402,180,1472
2.24949,180,1472
2.25524,180,1482
2.2607,180,1496
2.26617,180,1502
2.27192,180,1506
2.27729,180,1512
2.28304,180,1522
2.28851,180,1534
2.29311,180,1538
2.29857,180,1544
2.30433,180,1552
2.30979,180,1560
2.31526,180,1570
2.32101,180,1576
2.32638,180,1584
2.33213,180,1592
2.33759,180,1598
2.34306,180,1606
2.34881,180,1608
2.35428,180,1618
2.35993,180,1634
2.36434,180,1640
2.3701,180,1648
2.37547,180,1658
2.38122,180,1670
2.38668,180,1680
2.39215,180,1688
2.3979,180,1698
2.40336,180,1706
2.40902,180,1720
2.41449,180,1730
2.41995,180,1738
2.4257,180,1750
2.43031,180,1760
2.43577,180,1770
2.44123,180,1780
2.44699,180,1794
2.45245,180,1802
2.45811,180,1814
2.46357,180,1824
2.46904,180,1836
2.47479,180,1854
2.48026,180,1868
2.48572,180,1876
2.49138,180,1888
2.49607,180,1904
2.50154,180,1918
2.50691,180,1926
2.51266,180,1934
2.51813,180,1954
2.52388,180,1976
2.52934,180,1986
2.535,180,1994
2.54046,180,2014
2.54593,180,2032
2.55168,180,2048
2.556,180,2064
2.56175,180,2076
2.56721,180,2096
2.57297,180,2116
2.57843,180,2132
2.58389,180,2148
2.58955,180,2164
2.59502,180,2184
2.60048,180,2208
2.60623,180,2224
2.61084,180,2240
2.6163,180,2264
2.62176,180,2288
2.62752,180,2308
2.63298,180,2316
2.63845,180,2336
2.6441,180,2340
2.64957,180,2360
2.65532,180,2376
2.66079,180,2360
2.66625,180,2360
2.67191,180,2348
2.67737,180,2344
2.68284,180,2348
2.68859,180,2340
2.69405,180,2332
2.69981,180,2332
2.70518,180,2324
2.71064,180,2316
2.71639,180,2308
2.72186,180,2308
2.72732,180,2300
2.73307,180,2288
2.73844,180,2288
2.7442,180,2292
2.74966,180,2288
2.75513,180,2280
2.76088,180,2276
2.76634,180,2272
2.77171,180,2268
2.77746,180,2260
2.78293,180,2260
2.78868,180,2256
2.79415,180,2248
2.79961,180,2244
2.80527,180,2244
2.81073,180,2240
2.8162,180,2236
2.82272,180,2232
2.82847,180,2228
2.83393,180,2224
2.83969,180,2224
2.84515,180,2220
2.85052,180,2216
2.85627,180,2212
2.86174,180,2212
2.8672,180,2208
2.87295,180,2204
2.87842,180,2200
2.88408,180,2196
2.88954,180,2196
2.89501,180,2196
2.90076,180,2192
2.90622,180,2188
2.91169,180,2188
2.91734,180,2184
2.92281,180,2180
2.92856,180,2180
2.93403,180,2176
2.93949,180,2172
2.94524,180,2172
2.95061,180,2172
2.95608,180,2172
2.96183,180,2172
2.96729,180,2164
2.97305,180,2164
2.97851,180,2160
2.98388,180,2160
2.98963,180,2160
2.9951,180,2156
3.00056,180,2160
3.00631,180,2160
3.01178,180,2156
3.01744,180,2156
3.0229,180,2156
3.02837,180,2160
3.03412,180,2156
3.03958,180,2156
3.04505,180,2152
3.0507,180,2152
3.05617,180,2152
3.06192,180,2152
3.06739,180,2152
3.07285,180,2148
3.07851,180,2148
3.08397,180,2152
3.08944,180,2148
3.09519,180,2148
3.10065,180,2152
3.10641,180,2152
3.11178,180,2152
3.11724,180,2152
3.12299,180,2152
3.12846,180,2152
3.13421,180,2148
3.13968,180,2148
3.14504,180,2152
3.1508,180,2148
3.15626,180,2148
3.16173,180,2152
3.16748,180,2152
3.17294,180,2152
3.1786,180,2152
3.18406,180,2152
3.18953,180,2152
3.19528,180,2156
3.20075,180,2156
3.2064,180,2156
3.21187,180,2160
3.21733,180,2160
3.22309,180,2164
3.22855,180,2164
3.23401,180,2164
3.23977,180,2168
3.24514,180,2172
3.25089,180,2172
3.25635,180,2172
3.26182,180,2172
3.26757,180,2176
3.27304,180,2176
3.27869,180,2176
3.28416,180,2184
3.28962,180,2184
3.29537,180,2188
3.30084,180,2192
3.3063,180,2196
3.31196,180,2200
3.31743,180,2204
3.32318,180,2204
3.32864,180,2204
3.33411,180,2208
3.33976,180,2212
3.34523,180,2212
3.35098,180,2216
3.35645,180,2220
3.36191,180,2224
3.36766,180,2228
3.37303,180,2232
3.3785,180,2232
3.38319,180,2236
3.38885,180,2244
3.39432,180,2248
3.39978,180,2252
3.40553,180,2256
3.411,180,2260
3.41675,180,2264
3.42212,180,2268
3.42758,180,2272
3.43334,180,2276
3.4388,180,2280
3.44455,180,2284
3.45002,180,2288
3.45539,180,2292
3.46114,180,2292
3.4666,180,2296
3.47207,180,2304
3.47782,180,2312
3.48329,180,2320
3.48894,180,2324
3.49441,180,2328
3.49987,180,2336
3.50563,180,2344
3.51109,180,2348
3.51675,180,2352
3.52221,180,2360
3.52768,180,2364
3.53343,180,2368
3.53889,180,2372
3.54436,180,2376
3.55001,180,2380
3.55548,180,2392
3.56123,180,2404
3.5667,180,2412
3.57216,180,2416
3.57791,180,2424
3.58338,180,2432
3.58904,180,2436
3.5945,180,2444
3.59997,180,2452
3.60457,180,2460
3.61032,180,2464
3.61578,180,2468
3.62125,180,2472
3.627,180,2480
3.63247,180,2492
3.63812,180,2504
3.64359,180,2516
3.64934,180,2524
3.65481,180,2528
3.66027,180,2540
3.66593,180,2548
3.67139,180,2556
3.67714,180,2568
3.68261,180,2576
3.68807,180,2584
3.69383,180,2596
3.69919,180,2608
3.70495,180,2612
3.71041,180,2616
3.71588,180,2632
3.72163,180,2644
3.72709,180,2656
3.73275,180,2668
3.73822,180,2676
3.74397,180,2692
3.74943,180,2708
3.7549,180,2716
3.76055,180,2724
3.76525,180,2736
3.77072,180,2744
3.77618,180,2748
3.78184,180,2768
3.7873,180,2788
3.79306,180,2808
3.79852,180,2824
3.80427,180,2832
3.80964,180,2844
3.81511,180,2860
3.82086,180,2872
3.82632,180,2876
3.83208,180,2892
3.83754,180,2912
3.84291,180,2928
3.84866,180,2948
3.85413,180,2968
3.85988,180,2984
3.86534,180,2996
3.871,180,3016
3.87647,180,3048
3.88193,180,3056
3.88768,180,3052
3.89228,180,3076
3.89775,180,3104
3.90321,180,3128
3.90897,180,3148
3.91443,180,3172
3.92009,180,3188
3.92555,180,3208
3.93131,180,3224
3.93677,180,3248
3.94223,180,3284
3.94799,180,3276
3.95336,180,3240
3.95911,180,3228
3.96457,180,3216
3.97004,180,3196
3.97579,180,3176
3.98126,180,3156
3.98691,180,3136
3.99238,180,3116
3.99813,180,3096
4.00359,180,3084
4.01011,180,3068
4.01558,180,3052
4.02133,180,3040
4.0268,180,3036
4.03245,180,3020
4.03792,180,3004
4.04338,180,2988
4.04913,180,2976
4.0546,180,2956
4.06026,180,2932
4.06572,180,2920
4.07147,180,2908
4.07694,180,2896
4.0824,180,2888
4.08815,180,2876
4.09352,180,2868
4.09928,180,2860
4.10474,180,2852
4.11021,180,2836
4.11596,180,2828
4.12142,180,2812
4.12708,180,2792
4.13254,180,2792
4.1383,180,2776
4.14376,180,2752
4.14923,180,2748
4.15488,180,2744
4.16035,180,2740
4.16696,180,2728
4.17243,180,2724
4.17808,180,2720
4.18355,180,2708
4.18901,180,2696
4.19477,180,2676
4.20023,180,2668
4.2057,180,2668
4.21135,180,2656
4.21682,180,2648
4.22257,180,2640
4.22803,180,2624
4.2335,180,2620
4.23916,180,2628
4.24462,180,2620
4.25009,180,2612
4.25584,180,2608
4.2613,180,2600
4.26706,180,2592
4.27242,180,2584
4.27789,180,2576
4.28364,180,2568
4.28911,180,2560
4.29457,180,2556
4.30032,180,2552
4.30569,180,2548
4.31116,180,2536
4.31691,180,2528
4.36791,180,2336
4.37338,180,2312
4.37884,180,2308
4.3845,180,2312
4.38997,180,2308
4.39543,180,2308
4.40118,180,2300
4.40665,180,2284
4.41786,180,2296
4.43934,180,1564
4.44481,180,1556
4.45056,180,1546
4.45602,180,1546
4.46149,180,1548
4.47261,180,1548
4.48028,180,1380
4.48574,180,1386
4.49121,180,1390
4.49686,180,1392
4.50233,180,1392
4.50779,180,1404
4.52007,180,1362
4.52553,180,1348
4.531,180,1322
4.54221,180,1314
4.54979,180,1218
4.55525,180,1194
4.56072,180,1184
4.56647,180,1178
4.57299,180,1170
4.57845,180,1158
4.58421,180,1144
4.58967,180,1140
4.59504,180,1140
4.60079,180,1136
4.60626,180,1136
4.61172,180,1132
4.61747,180,1132
4.62294,180,1132
4.62831,180,1134
4.63406,180,1132
4.63952,180,1120
4.64528,180,1124
4.65074,180,1126
4.65621,180,1130
4.66186,180,1150
4.66733,180,1158
4.67279,180,1158
4.67855,180,1158
4.68401,180,1160
4.68948,180,1170
4.69408,180,1172
4.7006,180,1164
4.70606,180,1170
4.71066,180,1182
4.71613,180,1186
4.72159,180,1188
4.72735,180,1198
4.73281,180,1210
4.73828,180,1228
4.74288,180,1238
4.74834,180,1238
4.75409,180,1240
4.75956,180,1240
4.76493,180,1242
4.77614,180,1242
4.78947,180,2324
4.80155,180,2088
4.80702,180,2092
4.81239,180,2092
4.81814,180,2092
4.8236,180,2096
4.82907,180,2100
4.83482,180,2100
4.84028,180,2100
4.85141,180,2084
4.86531,180,1736
4.87077,180,1742
4.87624,180,1744
4.88199,180,1732
4.88745,180,1724
4.89292,180,1718
4.89858,180,1702
4.90404,180,1700
4.92072,180,1696
4.92724,180,1586
4.93271,180,1582
4.93817,180,1608
4.96128,180,1508
4.96674,180,1512
4.97249,180,1514
4.98256,180,1634
4.98803,180,1624
4.99349,180,1618
4.99896,180,1602
5.00471,180,1594
5.01017,180,1600
5.01564,180,1604
5.02129,180,1608
5.02676,180,1616
5.03683,180,1706
5.05351,180,1730
5.07009,180,1740
5.07556,180,1708
5.08102,180,1690
5.08649,180,1686
5.09224,180,1684
5.09771,180,1692
5.10317,180,1700
5.10883,180,1698
5.11976,180,1682
5.13289,180,1520
5.13836,180,1498
5.14401,180,1500
5.14948,180,1506
5.15494,180,1506
5.16041,180,1502
5.16616,180,1522
5.17047,180,1546
5.17623,180,1562
5.18169,180,1570
5.18716,180,1574
5.19281,180,1560
5.19828,180,1544
5.20374,180,1540
5.21026,180,1528
5.21601,180,1514
5.22177,180,1502
5.22723,180,1486
5.23298,180,1474
5.23835,180,1464
5.2441,180,1450
5.25062,180,1436
5.25638,180,1426
5.26184,180,1412
5.26759,180,1400
5.27306,180,1390
5.27872,180,1378
5.28418,180,1368
5.29099,180,1358
5.29645,180,1346
5.3022,180,1336
5.30767,180,1328
5.31342,180,1316
5.31889,180,1306
5.32454,180,1296
5.33116,180,1284
5.33681,180,1268
5.34228,180,1254
5.34803,180,1246
5.3535,180,1240
5.35925,180,1234
5.36577,180,1226
5.37152,180,1220
5.37689,180,1214
5.38264,180,1210
5.38811,180,1202
5.39386,180,1196
5.39961,180,1188
5.41073,180,1188
5.5648,180,153
5.57142,180,152
5.58369,180,151
5.60708,180,150
5.61552,180,148
5.62233,180,147
5.64006,180,146
5.64773,180,144
5.66001,180,143
5.68532,180,141
5.69299,180,139
5.70037,180,138
5.70612,180,138
5.71264,180,137
5.71839,180,137
5.72386,180,137
5.73066,180,136
5.73795,180,135
5.7437,180,135
5.75022,180,134
5.75598,180,134
5.76249,180,133
5.76825,180,133
5.77563,180,132
5.78138,180,132
5.78704,180,132
5.7925,180,132
5.79912,180,131
5.80669,180,130
5.81245,180,130
5.81896,180,129
5.82472,180,129
5.8321,180,128
5.83785,180,128
5.84351,180,128
5.85012,180,127
5.85549,180,127
5.86124,180,127
5.86891,180,126
5.87438,180,126
5.88004,180,126
5.88579,180,126
5.89231,180,125
5.89777,180,125
5.90544,180,124
5.91119,180,124
5.91666,180,124
5.92232,180,124
5.92893,180,123
5.93459,180,123
5.94005,180,123
5.94552,180,123
5.95319,180,122
5.95884,180,122
5.96431,180,122
5.97006,180,122
5.97744,180,121
5.98099,180,122
5.98866,180,121
5.99432,180,121
6.00093,180,120
6.0063,180,120
6.01205,180,120
6.01752,180,120
6.02327,180,120
6.02874,180,120
6.03631,180,119
6.04178,180,119
6.04753,180,119
6.05299,180,119
6.05874,180,119
6.06411,180,119
6.06987,180,119
6.07533,180,119
6.083,180,118
6.08847,180,118
6.09412,180,118
6.09959,180,118
6.10534,180,118
6.1108,180,118
6.11656,180,118
6.12384,180,117
6.12739,180,118
6.13314,180,118
6.14081,180,117
6.14628,180,117
6.15193,180,117
6.1574,180,117
6.16315,180,117
6.16862,180,117
6.17408,180,117
6.17974,180,117
6.1852,180,117
6.19095,180,117
6.19642,180,117
6.20217,180,117
6.20869,180,116
6.21416,180,116
6.21991,180,116
6.22528,180,116
6.23103,180,116
6.23649,180,116
6.24225,180,116
6.24771,180,116
6.25337,180,116
6.25883,180,116
6.2643,180,116
6.27005,180,116
6.27552,180,116
6.28127,180,116
0,180,116
0.00565655,180,116
0.0111214,180,116
0.0168738,180,116
0.0226262,180,116
0.0279951,180,116
0.0337476,180,116
0.0395,180,116
0.0449648,180,116
0.0507172,180,116
0.0563738,180,116
0.0618386,180,116
0.0659612,180,117
0.0717136,180,117
0.0770825,180,117
0.082835,180,117
0.0885874,180,117
0.0940522,180,117
0.0998046,180,117
0.105174,180,117
0.110926,180,117
0.116678,180,117
0.122143,180,117
0.127896,180,117
0.133552,180,117
0.139017,180,117
0.142564,180,118
0.148317,180,118
0.154069,180,118
0.159534,180,118
0.165191,180,118
0.170943,180,118
0.176408,180,118
0.18216,180,118
0.187529,180,118
0.191364,180,119
0.196829,180,119
0.202581,180,119
0.208334,180,119
0.213799,180,119
0.219455,180,119
0.225208,180,119
0.230672,180,119
0.236425,180,119
0.239972,180,120
0.245629,180,120
0.251093,180,120
0.256846,180,120
0.262598,180,120
0.2672,180,121
0.272665,180,121
0.278418,180,121
0.283882,180,121
0.289539,180,121
0.295291,180,121
0.298839,180,122
0.304591,180,122
0.310056,180,122
0.315712,180,122
0.31926,180,123
0.325012,180,123
0.330477,180,123
0.336229,180,123
0.340831,180,124
0.346584,180,124
0.352049,180,124
0.357705,180,124
0.363458,180,124
0.367005,180,125
0.372757,180,125
0.378222,180,125
0.383879,180,125
0.388577,180,126
0.394041,180,126
0.397876,180,127
0.403245,180,127
0.408998,180,127
0.41475,180,127
0.419352,180,128
0.424817,180,128
0.430569,180,128
0.436034,180,128
0.441786,180,128
0.445238,180,129
0.449936,180,130
0.455688,180,130
0.461345,180,130
0.46681,180,130
0.470644,180,131
0.475246,180,132
0.481862,180,131
0.486464,180,132
0.491928,180,132
0.495763,180,133
0.501228,180,133
0.50583,180,134
0.511583,180,134
0.517239,180,134
0.521937,180,135
0.525484,180,136
0.531141,180,136
0.536606,180,136
0.541303,180,137
0.54696,180,137
0.551658,180,138
0.55741,180,138
0.562779,180,138
0.566327,180,139
0.572079,180,139
0.576777,180,140
0.581379,180,141
0.587898,180,140
0.5925,180,141
0.598253,180,141
0.602663,180,142
0.606498,180,143
0.6111,180,144
0.616564,180,144
0.622317,180,144
0.626919,180,145
0.636986,180,146
0.652805,180,147
0.657407,180,148
0.662104,180,149
0.667857,180,149
0.682526,180,150
0.687223,180,151
0.696427,180,153
0.729216,180,154
1.28116,180,1264
1.28682,180,1242
1.29228,180,1234
1.29804,180,1230
1.3035,180,1230
1.30925,180,1230
1.31577,180,1226
1.32124,180,1224
1.32699,180,1218
1.33236,180,1218
1.33811,180,1222
1.34386,180,1216
1.34933,180,1214
1.35508,180,1212
1.36045,180,1212
1.3662,180,1210
1.37167,180,1208
1.37742,180,1208
1.38288,180,1206
1.38854,180,1206
1.39401,180,1204
1.39976,180,1202
1.40551,180,1202
1.41097,180,1200
1.41663,180,1198
1.4221,180,1196
1.42785,180,1196
1.43331,180,1194
1.43907,180,1194
1.44453,180,1192
1.45019,180,1192
1.45565,180,1190
1.4614,180,1190
1.46687,180,1188
1.47262,180,1188
1.47828,180,1188
1.48374,180,1188
1.4895,180,1188
1.49496,180,1184
1.50062,180,1186
1.50608,180,1188
1.51183,180,1184
1.5173,180,1186
1.52305,180,1184
1.52852,180,1182
1.53398,180,1184
1.53964,180,1182
1.5451,180,1182
1.55085,180,1182
1.55632,180,1182
1.56198,180,1182
1.56744,180,1182
1.57319,180,1182
1.57866,180,1180
1.58441,180,1180
1.58988,180,1180
1.59553,180,1180
1.601,180,1180
1.60675,180,1180
1.61221,180,1182
1.61797,180,1182
1.62334,180,1182
1.62909,180,1182
1.63455,180,1182
1.6403,180,1182
1.64577,180,1182
1.65143,180,1184
1.65689,180,1184
1.66236,180,1184
1.66811,180,1178
1.67357,180,1186
1.67933,180,1194
1.68469,180,1188
1.69045,180,1188
1.69591,180,1188
1.70166,180,1190
1.70713,180,1190
1.71279,180,1192
1.71825,180,1192
1.724,180,1194
1.72947,180,1192
1.73522,180,1192
1.74068,180,1194
1.74634,180,1196
1.75181,180,1196
1.75756,180,1198
1.76302,180,1200
1.76878,180,1202
1.77414,180,1204
1.7799,180,1204
1.78536,180,1206
1.79083,180,1206
1.79658,180,1208
1.80204,180,1210
1.8077,180,1210
1.81317,180,1212
1.81892,180,1214
1.82438,180,1216
1.83013,180,1218
1.8355,180,1216
1.84126,180,1218
1.84672,180,1222
1.85247,180,1224
1.85794,180,1226
1.86359,180,1228
1.86829,180,1230
1.87376,180,1232
1.87941,180,1234
1.88488,180,1236
1.89063,180,1238
1.8961,180,1240
1.90156,180,1242
1.90731,180,1244
1.91268,180,1246
1.91843,180,1248
1.9239,180,1252
1.92965,180,1256
1.93512,180,1258
1.94077,180,1258
1.94624,180,1262
1.95199,180,1266
1.95746,180,1268
1.96321,180,1270
1.96867,180,1272
1.97433,180,1276
1.97979,180,1278
1.98555,180,1282
1.99101,180,1286
1.99676,180,1292
2.00213,180,1292
2.00788,180,1294
2.0123,180,1296
2.01795,180,1300
2.02342,180,1304
2.02917,180,1306
2.03463,180,1310
2.04039,180,1314
2.04585,180,1318
2.05151,180,1322
2.05697,180,1326
2.06272,180,1328
2.06819,180,1332
2.07365,180,1336
2.07931,180,1340
2.08478,180,1344
2.09053,180,1348
2.09599,180,1352
2.10175,180,1356
2.10721,180,1360
2.11287,180,1366
2.11728,180,1372
2.12303,180,1368
2.1284,180,1376
2.13415,180,1390
2.13962,180,1390
2.14537,180,1394
2.15083,180,1400
2.15649,180,1404
2.16195,180,1410
2.16742,180,1414
2.17317,180,1420
2.17864,180,1428
2.18439,180,1432
2.18976,180,1438
2.19551,180,1442
2.20011,180,1448
2.20558,180,1456
2.21104,180,1462
2.21679,180,1468
2.22226,180,1472
2.22801,180,1480
2.23348,180,1488
2.23913,180,1490
2.2446,180,1496
2.25035,180,1506
2.25581,180,1508
2.26147,180,1516
2.26694,180,1528
2.2724,180,1534
2.2771,180,1540
2.28276,180,1548
2.28822,180,1556
2.29397,180,1562
2.29944,180,1570
2.30519,180,1576
2.31056,180,1584
2.31602,180,1594
2.32178,180,1602
2.32724,180,1610
2.33299,180,1616
2.33846,180,1622
2.34411,180,1636
2.34881,180,1646
2.35428,180,1650
2.35965,180,1658
2.3654,180,1670
2.37086,180,1680
2.37662,180,1688
2.38208,180,1698
2.38774,180,1706
2.3932,180,1714
2.39895,180,1722
2.40442,180,1734
2.40988,180,1746
2.41449,180,1758
2.42024,180,1768
2.4257,180,1770
2.43146,180,1778
2.43682,180,1794
2.44258,180,1808
2.44804,180,1822
2.45351,180,1832
2.45926,180,1842
2.46472,180,1858
2.47038,180,1870
2.47585,180,1876
2.4816,180,1886
2.4862,180,1904
2.49166,180,1920
2.49713,180,1930
2.50288,180,1942
2.50835,180,1962
2.514,180,1976
2.51947,180,1986
2.52522,180,2004
2.53068,180,2020
2.53644,180,2034
2.5419,180,2048
2.5465,180,2060
2.55197,180,2080
2.55772,180,2100
2.56309,180,2116
2.56884,180,2132
2.57431,180,2148
2.58006,180,2164
2.58552,180,2184
2.59118,180,2204
2.59693,180,2220
2.60134,180,2236
2.607,180,2252
2.61247,180,2276
2.61822,180,2300
2.62368,180,2320
2.62943,180,2340
2.6349,180,2348
2.64056,180,2360
2.64631,180,2376
2.65177,180,2372
2.65753,180,2368
2.66299,180,2364
2.66865,180,2356
2.67411,180,2356
2.67986,180,2344
2.68533,180,2336
2.69099,180,2336
2.69645,180,2332
2.7022,180,2328
2.70767,180,2320
2.71342,180,2308
2.71889,180,2304
2.72454,180,2304
2.73001,180,2300
2.73576,180,2292
2.74122,180,2284
2.74698,180,2284
2.75235,180,2280
2.7581,180,2272
2.76356,180,2268
2.76931,180,2268
2.77478,180,2264
2.78044,180,2256
2.7859,180,2256
2.79165,180,2252
2.79712,180,2248
2.80287,180,2248
2.80834,180,2244
2.81399,180,2236
2.82061,180,2232
2.82598,180,2232
2.83173,180,2228
2.83719,180,2216
2.84295,180,2216
2.84841,180,2212
2.85407,180,2208
2.85953,180,2208
2.86528,180,2204
2.87075,180,2204
2.8765,180,2204
2.88216,180,2200
2.88762,180,2196
2.89338,180,2192
2.89884,180,2192
2.90459,180,2184
2.91006,180,2184
2.91571,180,2180
2.92118,180,2180
2.92693,180,2180
2.9324,180,2176
2.93815,180,2172
2.94352,180,2168
2.94927,180,2168
2.95473,180,2168
2.96049,180,2164
2.96595,180,2164
2.97161,180,2164
2.97707,180,2164
2.98283,180,2164
2.98829,180,2164
2.99404,180,2160
2.99951,180,2160
3.00516,180,2160
3.01063,180,2156
3.01638,180,2156
3.02185,180,2152
3.0276,180,2156
3.03297,180,2152
3.03872,180,2152
3.04418,180,2152
3.04994,180,2152
3.0554,180,2152
3.06106,180,2152
3.06652,180,2152
3.07228,180,2152
3.07774,180,2148
3.08349,180,2148
3.08896,180,2148
3.09461,180,2148
3.10037,180,2148
3.10583,180,2148
3.11158,180,2152
3.11705,180,2152
3.12271,180,2152
3.12817,180,2152
3.13392,180,2148
3.13939,180,2148
3.14504,180,2148
3.15051,180,2152
3.15626,180,2152
3.16173,180,2152
3.16748,180,2152
3.17314,180,2152
3.1786,180,2156
3.18435,180,2156
3.18982,180,2156
3.19557,180,2156
3.20103,180,2156
3.20669,180,2160
3.21216,180,2160
3.21791,180,2164
3.22337,180,2164
3.22913,180,2160
3.23478,180,2168
3.24025,180,2168
3.246,180,2172
3.25146,180,2172
3.25722,180,2172
3.26259,180,2176
3.26834,180,2176
3.2738,180,2180
3.27956,180,2180
3.28502,180,2180
3.29068,180,2188
3.29614,180,2188
3.30189,180,2192
3.30765,180,2200
3.31311,180,2200
3.31877,180,2200
3.32423,180,2204
3.32998,180,2208
3.33545,180,2212
3.3412,180,2212
3.34667,180,2216
3.35232,180,2216
3.35779,180,2220
3.36354,180,2228
3.36929,180,2228
3.37476,180,2232
3.37936,180,2240
3.38511,180,2240
3.39048,180,2240
3.39623,180,2248
3.4017,180,2252
3.40745,180,2252
3.41292,180,2256
3.41857,180,2264
3.42404,180,2268
3.42979,180,2272
3.43525,180,2276
3.44101,180,2280
3.44666,180,2284
3.45213,180,2288
3.45788,180,2292
3.46335,180,2300
3.4691,180,2304
3.47456,180,2308
3.48022,180,2312
3.48568,180,2320
3.49144,180,2324
3.4969,180,2328
3.50265,180,2336
3.50802,180,2344
3.51377,180,2348
3.51953,180,2352
3.52499,180,2364
3.53074,180,2368
3.53611,180,2372
3.54187,180,2376
3.54733,180,2380
3.55308,180,2392
3.55855,180,2400
3.5642,180,2400
3.56967,180,2404
3.57542,180,2412
3.58089,180,2424
3.58664,180,2436
3.5923,180,2440
3.59776,180,2444
3.60351,180,2456
3.60811,180,2464
3.61358,180,2468
3.61933,180,2472
3.6248,180,2480
3.63055,180,2492
3.63592,180,2496
3.64167,180,2508
3.64714,180,2516
3.65289,180,2528
3.65835,180,2536
3.66401,180,2548
3.66947,180,2556
3.67523,180,2564
3.68069,180,2572
3.68644,180,2584
3.69191,180,2592
3.69756,180,2600
3.70303,180,2608
3.70878,180,2620
3.71425,180,2632
3.72,180,2644
3.72537,180,2652
3.73112,180,2660
3.73659,180,2676
3.74234,180,2688
3.7478,180,2700
3.75346,180,2716
3.75892,180,2724
3.76362,180,2736
3.76928,180,2740
3.77474,180,2752
3.7805,180,2764
3.78596,180,2780
3.79171,180,2800
3.79718,180,2816
3.80283,180,2832
3.8083,180,2844
3.81405,180,2860
3.81952,180,2872
3.82527,180,2876
3.83064,180,2888
3.83639,180,2916
3.84185,180,2928
3.84761,180,2940
3.85307,180,2964
3.85873,180,2984
3.86419,180,3000
3.86995,180,3008
3.87541,180,3024
3.88116,180,3044
3.88663,180,3068
3.89123,180,3080
3.89698,180,3100
3.90245,180,3128
3.9081,180,3148
3.91357,180,3160
3.91932,180,3176
3.92479,180,3200
3.93044,180,3192
3.93591,180,3196
3.94166,180,3220
3.94712,180,3208
3.95288,180,3188
3.95834,180,3164
3.964,180,3156
3.96946,180,3144
3.97522,180,3128
3.98068,180,3100
3.98643,180,3076
3.99295,180,3068
3.99842,180,3064
4.00407,180,3056
4.00954,180,3044
4.01529,180,3032
4.02076,180,3032
4.02651,180,3012
4.03197,180,2980
4.03763,180,2968
4.04309,180,2964
4.04885,180,2960
4.05431,180,2952
4.06006,180,2940
4.06543,180,2936
4.07119,180,2932
4.07665,180,2924
4.0824,180,2912
4.08787,180,2904
4.09352,180,2900
4.09899,180,2896
4.10474,180,2880
4.11021,180,2864
4.11596,180,2860
4.12142,180,2856
4.12708,180,2848
4.13254,180,2836
4.1383,180,2832
4.14376,180,2820
4.14951,180,2804
4.15488,180,2792
4.16064,180,2784
4.1661,180,2780
4.17185,180,2776
4.17732,180,2772
4.18297,180,2764
4.18873,180,2760
4.19419,180,2744
4.20071,180,2732
4.20541,180,2736
4.21193,180,2724
4.21768,180,2708
4.22334,180,2700
4.2288,180,2696
4.23455,180,2684
4.24002,180,2672
4.24577,180,2664
4.25124,180,2656
4.25689,180,2636
4.26236,180,2632
4.26811,180,2636
4.27386,180,2624
4.27933,180,2616
4.28498,180,2620
4.29045,180,2608
4.2962,180,2604
4.30167,180,2600
4.30742,180,2588
4.31307,180,2580
4.31854,180,2580
4.32429,180,2572
4.40933,180,2344
4.42544,180,1600
4.4309,180,1576
4.43666,180,1562
4.44212,180,1544
4.44893,180,1528
4.45439,180,1520
4.46005,180,1512
4.46551,180,1518
4.47127,180,1524
4.47673,180,1510
4.48248,180,1496
4.48795,180,1502
4.49361,180,1506
4.49936,180,1506
4.51604,180,1512
4.52361,180,1298
4.53483,180,1298
4.54327,180,1166
4.54902,180,1146
4.55468,180,1134
4.56014,180,1124
4.56676,180,1114
4.57241,180,1106
4.57788,180,1098
4.58363,180,1098
4.58938,180,1096
4.59485,180,1094
4.6005,180,1092
4.60597,180,1092
4.61172,180,1090
4.61719,180,1088
4.62294,180,1084
4.62831,180,1086
4.63406,180,1086
4.63981,180,1090
4.64528,180,1088
4.65103,180,1070
4.65755,180,1068
4.66301,180,1068
4.66762,180,1078
4.67337,180,1102
4.67902,180,1110
4.68449,180,1114
4.69024,180,1116
4.69484,180,1120
4.70031,180,1122
4.70606,180,1122
4.71153,180,1134
4.71728,180,1136
4.72274,180,1130
4.7284,180,1142
4.73386,180,1156
4.73933,180,1162
4.74393,180,1178
4.74968,180,1178
4.75515,180,1180
4.7609,180,1182
4.76637,180,1184
4.77202,180,1184
4.7887,180,1186
4.80232,180,2128
4.80778,180,2128
4.81354,180,2128
4.819,180,2128
4.82447,180,2132
4.83012,180,2136
4.83559,180,2136
4.8468,180,2136
4.86099,180,1678
4.86646,180,1686
4.87211,180,1702
4.87758,180,1718
4.88333,180,1726
4.8888,180,1734
4.89455,180,1722
4.89992,180,1706
4.90567,180,1688
4.91689,180,1680
4.92341,180,1614
4.92887,180,1602
4.93434,180,1592
4.94009,180,1582
4.94555,180,1568
4.95121,180,1544
4.95783,180,1534
4.96319,180,1534
4.96789,180,1542
4.97901,180,1612
4.98477,180,1616
4.99023,180,1614
4.99598,180,1618
5.00145,180,1630
5.00691,180,1630
5.01257,180,1630
5.01803,180,1634
5.02264,180,1644
5.02839,180,1652
5.03385,180,1674
5.05073,180,1674
5.05619,180,1742
5.06166,180,1748
5.06636,180,1758
5.07287,180,1746
5.07863,180,1712
5.084,180,1690
5.08975,180,1662
5.09627,180,1638
5.10173,180,1622
5.10748,180,1590
5.11947,180,1486
5.12522,180,1494
5.13529,180,1592
5.14075,180,1604
5.14651,180,1592
5.15197,180,1580
5.15763,180,1568
5.16884,180,1558
5.17536,180,1448
5.18083,180,1450
5.18658,180,1452
5.1931,180,1446
5.1978,180,1460
5.20326,180,1482
5.20892,180,1476
5.21438,180,1464
5.21985,180,1470
5.2256,180,1482
5.23107,180,1484
5.23672,180,1468
5.24219,180,1454
5.24899,180,1444
5.25446,180,1434
5.26021,180,1420
5.26568,180,1406
5.27143,180,1394
5.27709,180,1382
5.28255,180,1372
5.28917,180,1360
5.29482,180,1350
5.30057,180,1340
5.30604,180,1330
5.31179,180,1322
5.31716,180,1310
5.32291,180,1300
5.32943,180,1290
5.33519,180,1284
5.34065,180,1274
5.3464,180,1264
5.35187,180,1254
5.35752,180,1246
5.36328,180,1234
5.3698,180,1222
5.37526,180,1212
5.38101,180,1206
5.38677,180,1196
5.39223,180,1188
5.39789,180,1186
5.4091,180,1190
5.5812,180,152
5.60191,180,149
5.61523,180,147
5.6207,180,147
5.63297,180,146
5.64064,180,144
5.6461,180,144
5.65291,180,143
5.65838,180,143
5.67717,180,142
5.68484,180,140
5.69136,180,139
5.69711,180,139
5.70468,180,138
5.71015,180,138
5.71695,180,137
5.72242,180,137
5.72817,180,137
5.73469,180,136
5.74236,180,135
5.74783,180,135
5.75463,180,134
5.76115,180,133
5.7669,180,133
5.77237,180,133
5.78004,180,132
5.7857,180,132
5.79231,180,131
5.79768,180,131
5.80535,180,130
5.8111,180,130
5.81762,180,129
5.82337,180,129
5.83095,180,128
5.83641,180,128
5.84217,180,128
5.84869,180,127
5.85444,180,127
5.8599,180,127
5.86757,180,126
5.87323,180,126
5.87869,180,126
5.88445,180,126
5.88991,180,126
5.89672,180,125
5.90218,180,125
5.90976,180,124
5.91551,180,124
5.92203,180,123
5.92778,180,123
5.93325,180,123
5.939,180,123
5.94446,180,123
5.95204,180,122
5.95779,180,122
5.96354,180,122
5.96901,180,122
5.97658,180,121
5.98233,180,121
5.98809,180,121
5.99355,180,121
5.99921,180,121
6.00582,180,120
6.01148,180,120
6.01694,180,120
6.0227,180,120
6.02845,180,120
6.03391,180,120
6.04149,180,119
6.04724,180,119
6.05299,180,119
6.05846,180,119
6.06411,180,119
6.07178,180,118
6.07754,180,118
6.083,180,118
6.08866,180,118
6.09441,180,118
6.09987,180,118
6.10563,180,118
6.11138,180,118
6.11675,180,118
6.12442,180,117
6.13017,180,117
6.13564,180,117
6.14129,180,117
6.14704,180,117
6.15251,180,117
6.15826,180,117
6.16392,180,117
6.16938,180,117
6.17514,180,117
6.18089,180,117
6.18635,180,117
6.19201,180,117
6.19862,180,116
6.20428,180,116
6.21003,180,116
6.2155,180,116
6.22125,180,116
6.227,180,116
6.23237,180,116
6.23812,180,116
6.24388,180,116
6.24934,180,116
6.25509,180,116
6.26075,180,116
6.26622,180,116
6.27197,180,116
6.27772,180,116
0.00210922,180,116
0.00757403,180,116
0.0133265,180,116
0.0187913,180,116
0.0245437,180,116
0.0299126,180,116
0.0356651,180,116
0.0411299,180,116
0.0468823,180,116
0.0523471,180,116
0.0580036,180,116
0.0618386,180,117
0.0673034,180,117
0.0730558,180,117
0.0795753,180,116
0.0839854,180,117
0.089642,180,117
0.0951068,180,117
0.100859,180,117
0.106324,180,117
0.111789,180,117
0.117445,180,117
0.12291,180,117
0.128375,180,117
0.134127,180,117
0.139592,180,117
0.145057,180,117
0.150714,180,117
0.154261,180,118
0.159726,180,118
0.165478,180,118
0.170943,180,118
0.176408,180,118
0.18216,180,118
0.187529,180,118
0.191076,180,119
0.196541,180,119
0.202294,180,119
0.207759,180,119
0.213511,180,119
0.218976,180,119
0.224345,180,119
0.227892,180,120
0.233644,180,120
0.239109,180,120
0.244574,180,120
0.250326,180,120
0.255791,180,120
0.261448,180,120
0.265858,180,121
0.27161,180,121
0.276979,180,121
0.282444,180,121
0.288197,180,121
0.291744,180,122
0.297209,180,122
0.302961,180,122
0.308426,180,122
0.313795,180,122
0.319547,180,122
0.323095,180,123
0.32856,180,123
0.334024,180,123
0.339777,180,123
0.344091,180,124
0.349844,180,124
0.355308,180,124
0.360773,180,124
0.36643,180,124
0.369977,180,125
0.375442,180,125
0.380907,180,125
0.386659,180,125
0.391261,180,126
0.396726,180,126
0.402191,180,126
0.405738,180,127
0.41149,180,127
0.416955,180,127
0.42242,180,127
0.427022,180,128
0.432487,180,128
0.436034,180,129
0.441786,180,129
0.447155,180,129
0.45262,180,129
0.457318,180,130
0.462783,180,130
0.468439,180,130
0.471987,180,131
0.477452,180,131
0.482053,180,132
0.487518,180,132
0.493271,180,132
0.496818,180,133
0.501228,180,134
0.506885,180,134
0.51235,180,134
0.517814,180,134
0.522416,180,135
0.527881,180,135
0.531716,180,136
0.537181,180,136
0.541783,180,137
0.547248,180,137
0.551945,180,138
0.55741,180,138
0.562779,180,138
0.568532,180,138
0.572079,180,139
0.577544,180,139
0.582146,180,140
0.587611,180,140
0.592308,180,141
0.597773,180,141
0.602375,180,142
0.60784,180,142
0.611387,180,143
0.617044,180,143
0.627206,180,144
0.631521,180,145
0.636219,180,146
0.640821,180,147
0.645422,180,148
0.652038,180,147
0.656352,180,148
0.660954,180,149
0.666419,180,149
0.669966,180,150
0.675719,180,150
0.685785,180,151
0.695948,180,152
0.699495,180,154
1.28605,180,1262
1.29152,180,1246
1.29727,180,1244
1.30264,180,1242
1.3081,180,1240
1.31357,180,1236
1.31903,180,1236
1.32478,180,1236
1.33025,180,1236
1.33571,180,1234
1.34108,180,1230
1.34655,180,1230
1.35316,180,1228
1.35863,180,1224
1.36428,180,1224
1.36975,180,1222
1.37521,180,1220
1.38068,180,1218
1.38614,180,1216
1.3919,180,1216
1.39726,180,1214
1.40273,180,1212
1.40819,180,1212
1.41366,180,1210
1.41941,180,1210
1.42488,180,1208
1.43034,180,1208
1.43581,180,1208
1.44146,180,1206
1.44693,180,1202
1.45239,180,1202
1.45786,180,1204
1.46332,180,1202
1.46907,180,1200
1.47444,180,1198
1.47991,180,1198
1.48537,180,1198
1.49084,180,1196
1.49659,180,1198
1.50205,180,1204
1.50752,180,1202
1.51289,180,1196
1.51835,180,1194
1.52411,180,1192
1.52957,180,1194
1.53504,180,1194
1.5405,180,1192
1.54596,180,1192
1.55162,180,1192
1.55709,180,1190
1.56255,180,1192
1.56802,180,1192
1.57377,180,1190
1.57923,180,1190
1.5847,180,1190
1.59007,180,1190
1.59553,180,1190
1.60128,180,1192
1.60675,180,1190
1.61221,180,1192
1.61768,180,1192
1.62314,180,1192
1.6288,180,1192
1.63426,180,1192
1.63973,180,1192
1.64519,180,1194
1.65066,180,1194
1.65641,180,1194
1.66188,180,1194
1.66725,180,1192
1.67271,180,1196
1.67817,180,1200
1.68393,180,1198
1.68939,180,1198
1.69486,180,1200
1.70032,180,1202
1.70579,180,1204
1.71144,180,1202
1.71691,180,1202
1.72237,180,1204
1.72784,180,1204
1.73359,180,1206
1.73905,180,1208
1.74442,180,1208
1.74989,180,1210
1.75535,180,1210
1.76082,180,1210
1.76657,180,1212
1.77204,180,1212
1.7775,180,1214
1.78287,180,1214
1.78833,180,1216
1.79409,180,1218
1.79955,180,1220
1.80502,180,1222
1.81048,180,1222
1.81595,180,1224
1.8216,180,1226
1.82601,180,1230
1.83253,180,1224
1.838,180,1228
1.8426,180,1236
1.84806,180,1234
1.85353,180,1236
1.85899,180,1238
1.86446,180,1240
1.87021,180,1240
1.87567,180,1242
1.88104,180,1244
1.88651,180,1248
1.89197,180,1250
1.89773,180,1252
1.90319,180,1256
1.90866,180,1256
1.91412,180,1258
1.91959,180,1262
1.92524,180,1264
1.93071,180,1266
1.93617,180,1268
1.94164,180,1270
1.9471,180,1272
1.95257,180,1276
1.95822,180,1280
1.96369,180,1282
1.96915,180,1286
1.97462,180,1288
1.98008,180,1292
1.98583,180,1288
1.9913,180,1292
1.99561,180,1300
2.00137,180,1302
2.00683,180,1306
2.0123,180,1310
2.01776,180,1312
2.02313,180,1318
2.02859,180,1320
2.03435,180,1324
2.03981,180,1326
2.04528,180,1328
2.05074,180,1332
2.05621,180,1336
2.06186,180,1342
2.06733,180,1346
2.07279,180,1348
2.07826,180,1352
2.08372,180,1356
2.08947,180,1358
2.09494,180,1362
2.09925,180,1368
2.10501,180,1370
2.11047,180,1374
2.11593,180,1380
2.1213,180,1388
2.12677,180,1394
2.13223,180,1396
2.13799,180,1400
2.14345,180,1406
2.14892,180,1410
2.15438,180,1414
2.15984,180,1420
2.1655,180,1426
2.17097,180,1432
2.17643,180,1438
2.1819,180,1442
2.18736,180,1446
2.19196,180,1452
2.19743,180,1460
2.20289,180,1464
2.20864,180,1468
2.21411,180,1474
2.21948,180,1482
2.22494,180,1492
2.23041,180,1498
2.23587,180,1496
2.24163,180,1500
2.24709,180,1512
2.25255,180,1520
2.25802,180,1528
2.26368,180,1534
2.26809,180,1540
2.27374,180,1546
2.27921,180,1552
2.28467,180,1562
2.29014,180,1572
2.29589,180,1576
2.30135,180,1582
2.30682,180,1594
2.31228,180,1604
2.31794,180,1608
2.32341,180,1612
2.32887,180,1622
2.33462,180,1634
2.33894,180,1646
2.34469,180,1654
2.35015,180,1660
2.35562,180,1670
2.36108,180,1678
2.36674,180,1684
2.37221,180,1694
2.37767,180,1704
2.38314,180,1714
2.38889,180,1724
2.39435,180,1732
2.39982,180,1742
2.40547,180,1750
2.40988,180,1762
2.41535,180,1772
2.42101,180,1780
2.42647,180,1794
2.43193,180,1806
2.43769,180,1818
2.44315,180,1824
2.44862,180,1836
2.45408,180,1850
2.45974,180,1860
2.4652,180,1876
2.47067,180,1888
2.47537,180,1902
2.48073,180,1910
2.4862,180,1922
2.49195,180,1932
2.49742,180,1948
2.50288,180,1964
2.50835,180,1976
2.514,180,1988
2.51947,180,2002
2.52493,180,2016
2.53068,180,2032
2.53615,180,2048
2.54075,180,2060
2.54622,180,2076
2.55168,180,2092
2.55715,180,2108
2.5629,180,2128
2.56827,180,2144
2.57373,180,2160
2.5792,180,2172
2.58495,180,2196
2.59041,180,2220
2.59588,180,2232
2.60048,180,2248
2.60595,180,2264
2.61141,180,2292
2.61716,180,2312
2.62263,180,2332
2.628,180,2352
2.63921,180,2328
2.64468,180,2380
2.65014,180,2368
2.6559,180,2368
2.66126,180,2364
2.66673,180,2360
2.67219,180,2356
2.67795,180,2348
2.68341,180,2344
2.68888,180,2336
2.69453,180,2332
2.7,180,2324
2.70546,180,2316
2.71093,180,2312
2.71668,180,2308
2.72214,180,2300
2.72761,180,2300
2.73307,180,2296
2.73873,180,2288
2.7442,180,2284
2.74966,180,2280
2.75513,180,2280
2.76088,180,2276
2.76634,180,2268
2.77171,180,2264
2.77746,180,2260
2.78293,180,2256
2.78839,180,2252
2.79386,180,2252
2.79961,180,2244
2.80498,180,2240
2.81159,180,2232
2.81706,180,2232
2.82252,180,2228
2.82789,180,2224
2.83365,180,2224
2.83911,180,2220
2.84458,180,2220
2.85004,180,2212
2.85579,180,2208
2.86116,180,2208
2.86663,180,2204
2.87209,180,2200
2.87784,180,2200
2.88331,180,2200
2.88877,180,2196
2.89424,180,2192
2.89989,180,2188
2.90536,180,2184
2.91082,180,2184
2.91629,180,2180
2.92204,180,2180
2.92751,180,2176
2.93297,180,2176
2.93834,180,2172
2.94409,180,2168
2.94956,180,2168
2.95502,180,2168
2.96049,180,2164
2.96624,180,2164
2.97161,180,2164
2.97707,180,2164
2.98254,180,2160
2.98829,180,2156
2.99376,180,2156
2.99922,180,2156
3.00468,180,2156
3.01034,180,2156
3.01581,180,2156
3.02127,180,2156
3.02674,180,2152
3.03249,180,2152
3.03795,180,2152
3.04342,180,2152
3.04879,180,2152
3.05454,180,2152
3.06,180,2148
3.06547,180,2148
3.07093,180,2148
3.07669,180,2148
3.08206,180,2148
3.08752,180,2152
3.09298,180,2148
3.09874,180,2148
3.1042,180,2148
3.10967,180,2152
3.11513,180,2148
3.12079,180,2148
3.12625,180,2148
3.13172,180,2148
3.13718,180,2148
3.14293,180,2148
3.1484,180,2148
3.15386,180,2152
3.15923,180,2152
3.16499,180,2152
3.17045,180,2152
3.17592,180,2152
3.18138,180,2156
3.18713,180,2156
3.1925,180,2156
3.19797,180,2156
3.20343,180,2156
3.20918,180,2160
3.21465,180,2164
3.22011,180,2164
3.22558,180,2160
3.23123,180,2164
3.2367,180,2164
3.24216,180,2164
3.24763,180,2168
3.25338,180,2172
3.25885,180,2172
3.26431,180,2176
3.26968,180,2176
3.27543,180,2176
3.2809,180,2180
3.28636,180,2184
3.29183,180,2184
3.29758,180,2188
3.30295,180,2196
3.30841,180,2196
3.31417,180,2200
3.31963,180,2204
3.3251,180,2208
3.33085,180,2208
3.33622,180,2208
3.34168,180,2212
3.34743,180,2216
3.3529,180,2220
3.35836,180,2220
3.36412,180,2224
3.36948,180,2228
3.37524,180,2232
3.37965,180,2236
3.3853,180,2236
3.39077,180,2244
3.39623,180,2244
3.40199,180,2248
3.40745,180,2252
3.41292,180,2260
3.41857,180,2264
3.42404,180,2268
3.4295,180,2272
3.43525,180,2276
3.44072,180,2284
3.44647,180,2284
3.45184,180,2284
3.45731,180,2292
3.46306,180,2300
3.46852,180,2304
3.47399,180,2308
3.47974,180,2312
3.4852,180,2320
3.49057,180,2324
3.49633,180,2328
3.50179,180,2336
3.50726,180,2340
3.51301,180,2348
3.51847,180,2352
3.52384,180,2356
3.52959,180,2364
3.53506,180,2368
3.54081,180,2372
3.54628,180,2380
3.55174,180,2388
3.5574,180,2392
3.56286,180,2400
3.56833,180,2404
3.57408,180,2412
3.57954,180,2424
3.58501,180,2432
3.59067,180,2440
3.59613,180,2448
3.6016,180,2452
3.6062,180,2460
3.61195,180,2464
3.61741,180,2472
3.62288,180,2480
3.62863,180,2484
3.6341,180,2492
3.63947,180,2504
3.64522,180,2520
3.65068,180,2524
3.65615,180,2528
3.6619,180,2540
3.66736,180,2552
3.67273,180,2560
3.67849,180,2568
3.68395,180,2576
3.6897,180,2588
3.69517,180,2596
3.70063,180,2604
3.70629,180,2616
3.71175,180,2624
3.71722,180,2640
3.72297,180,2648
3.72844,180,2656
3.7339,180,2668
3.73956,180,2688
3.74502,180,2696
3.75049,180,2704
3.75624,180,2716
3.7617,180,2728
3.76631,180,2736
3.77177,180,2740
3.77752,180,2752
3.78299,180,2776
3.78845,180,2792
3.79411,180,2804
3.79957,180,2820
3.80504,180,2836
3.81079,180,2848
3.81626,180,2856
3.82172,180,2868
3.82738,180,2884
3.83284,180,2900
3.83831,180,2912
3.84406,180,2928
3.84952,180,2952
3.85499,180,2972
3.86065,180,2984
3.86611,180,2996
3.87158,180,3008
3.87704,180,3032
3.88279,180,3048
3.88826,180,3060
3.89286,180,3080
3.89832,180,3112
3.90379,180,3132
3.90925,180,3140
3.91491,180,3160
3.92038,180,3192
3.92584,180,3212
3.93131,180,3220
3.93706,180,3252
3.94252,180,3244
3.94799,180,3208
3.95364,180,3200
3.95911,180,3196
3.96457,180,3168
3.97004,180,3136
3.97579,180,3112
3.98126,180,3096
3.98662,180,3084
3.99324,180,3068
3.9987,180,3064
4.00436,180,3060
4.00983,180,3036
4.01529,180,3012
4.02076,180,3000
4.02651,180,2992
4.03197,180,2976
4.03744,180,2964
4.04281,180,2956
4.04856,180,2948
4.05402,180,2936
4.05949,180,2908
4.06524,180,2892
4.07071,180,2888
4.07607,180,2880
4.08154,180,2872
4.08729,180,2868
4.09276,180,2860
4.09822,180,2848
4.10369,180,2836
4.10934,180,2828
4.11481,180,2824
4.12027,180,2804
4.12602,180,2784
4.13149,180,2772
4.13695,180,2768
4.14242,180,2760
4.14808,180,2748
4.15354,180,2752
4.15901,180,2748
4.16447,180,2740
4.17099,180,2732
4.17674,180,2724
4.18221,180,2720
4.18767,180,2720
4.19314,180,2716
4.19879,180,2692
4.20426,180,2688
4.20972,180,2688
4.21519,180,2676
4.22094,180,2668
4.2264,180,2664
4.23187,180,2664
4.23753,180,2656
4.24299,180,2648
4.24846,180,2648
4.25392,180,2648
4.25967,180,2648
4.26514,180,2640
4.2706,180,2632
4.27597,180,2628
4.28172,180,2628
4.28719,180,2620
4.29265,180,2616
4.29812,180,2616
4.30387,180,2612
4.30924,180,2600
4.3147,180,2592
4.32046,180,2592
4.33139,180,2592
4.38891,180,1410
4.39438,180,1406
4.40013,180,1402
4.40559,180,1404
4.41096,180,1406
4.41671,180,1410
4.42218,180,1420
4.42764,180,1432
4.43225,180,1454
4.43771,180,1478
4.44318,180,1480
4.44893,180,1494
4.45439,180,1514
4.45986,180,1512
4.47098,180,1516
4.48133,180,1150
4.4868,180,1138
4.49226,180,1132
4.49801,180,1136
4.50348,180,1138
4.50894,180,1142
4.51431,180,1150
4.52007,180,1162
4.52448,180,1186
4.54221,180,1150
4.54758,180,1130
4.5542,180,1116
4.55966,180,1106
4.56532,180,1100
4.57078,180,1092
4.57625,180,1084
4.58171,180,1078
4.58747,180,1076
4.59293,180,1070
4.59945,180,1064
4.60491,180,1064
4.61038,180,1066
4.61604,180,1068
4.6215,180,1064
4.62697,180,1062
4.63243,180,1060
4.63818,180,1060
4.64365,180,1060
4.64911,180,1064
4.65448,180,1054
4.66023,180,1048
4.6657,180,1048
4.67116,180,1058
4.67577,180,1078
4.68123,180,1088
4.68669,180,1090
4.69245,180,1090
4.69791,180,1096
4.70338,180,1100
4.70903,180,1100
4.7145,180,1102
4.71996,180,1108
4.72543,180,1116
4.73003,180,1126
4.74125,180,1132
4.74671,180,1162
4.75218,180,1152
4.75764,180,1152
4.7633,180,1154
4.76876,180,1154
4.77423,180,1154
4.79091,180,1158
4.80318,180,2148
4.80884,180,2152
4.8143,180,2152
4.81977,180,2152
4.82523,180,2148
4.83099,180,2148
4.83645,180,2140
4.84652,180,2380
4.86147,180,1682
4.86694,180,1686
4.8724,180,1684
4.87815,180,1678
4.88362,180,1674
4.88908,180,1668
4.89455,180,1652
4.90021,180,1648
4.90567,180,1662
4.91114,180,1654
4.91765,180,1630
4.92341,180,1616
4.92887,180,1604
4.93462,180,1598
4.94009,180,1586
4.94575,180,1564
4.95121,180,1550
4.95668,180,1550
4.96243,180,1554
4.96789,180,1570
4.97796,180,1648
4.98371,180,1646
4.99023,180,1634
4.9957,180,1634
5.0003,180,1644
5.00605,180,1646
5.01152,180,1648
5.01698,180,1654
5.02733,180,1782
5.0328,180,1788
5.03826,180,1794
5.04392,180,1778
5.04939,180,1758
5.056,180,1738
5.06166,180,1700
5.06712,180,1682
5.07287,180,1684
5.07834,180,1688
5.0838,180,1694
5.08946,180,1706
5.10154,180,1622
5.1072,180,1604
5.11918,180,1510
5.12465,180,1502
5.13586,180,1520
5.14047,180,1598
5.14622,180,1584
5.15168,180,1568
5.15715,180,1556
5.16827,180,1538
5.17488,180,1456
5.18054,180,1460
5.18601,180,1458
5.19147,180,1460
5.19722,180,1456
5.20269,180,1472
5.20844,180,1480
5.21381,180,1468
5.21956,180,1474
5.22503,180,1484
5.23049,180,1482
5.23624,180,1466
5.24171,180,1450
5.24823,180,1440
5.25398,180,1432
5.25935,180,1420
5.26481,180,1406
5.27057,180,1392
5.27603,180,1382
5.28178,180,1372
5.2883,180,1360
5.29377,180,1348
5.29952,180,1340
5.30489,180,1330
5.31035,180,1318
5.31611,180,1310
5.32157,180,1302
5.32809,180,1294
5.33384,180,1282
5.33931,180,1272
5.34477,180,1264
5.35052,180,1254
5.35589,180,1246
5.36165,180,1236
5.36817,180,1228
5.37363,180,1220
5.37938,180,1206
5.38485,180,1192
5.39031,180,1186
5.39607,180,1184
5.40719,180,1190
5.57324,180,152
5.57985,180,151
5.58532,180,151
5.59759,180,150
5.61169,180,148
5.6183,180,147
5.62377,180,147
5.63028,180,146
5.6368,180,145
5.64332,180,144
5.64879,180,144
5.65454,180,144
5.66298,180,142
5.66959,180,141
5.67525,180,141
5.6927,180,140
5.69931,180,139
5.70689,180,138
5.71341,180,137
5.71887,180,137
5.72462,180,137
5.73114,180,136
5.73881,180,135
5.74428,180,135
5.7508,180,134
5.75626,180,134
5.76278,180,133
5.76853,180,133
5.77592,180,132
5.78167,180,132
5.78704,180,132
5.79365,180,131
5.79931,180,131
5.80669,180,130
5.81331,180,129
5.81896,180,129
5.82663,180,128
5.8321,180,128
5.83756,180,128
5.84322,180,128
5.84869,180,128
5.8553,180,127
5.86287,180,126
5.86834,180,126
5.87409,180,126
5.87956,180,126
5.88608,180,125
5.89154,180,125
5.89729,180,125
5.90276,180,125
5.91033,180,124
5.9158,180,124
5.92232,180,123
5.92807,180,123
5.93353,180,123
5.93929,180,123
5.94475,180,123
5.95232,180,122
5.95779,180,122
5.96325,180,122
5.96901,180,122
5.97658,180,121
5.98205,180,121
5.98751,180,121
5.99326,180,121
5.99873,180,121
6.00438,180,121
6.011,180,120
6.01646,180,120
6.02193,180,120
6.02759,180,120
6.03305,180,120
6.04072,180,119
6.04619,180,119
6.05184,180,119
6.05731,180,119
6.06277,180,119
6.06852,180,119
6.07399,180,119
6.08156,180,118
6.08703,180,118
6.09278,180,118
6.09824,180,118
6.10371,180,118
6.10946,180,118
6.11704,180,117
6.1225,180,117
6.12797,180,117
6.13372,180,117
6.13918,180,117
6.14484,180,117
6.1503,180,117
6.15577,180,117
6.16152,180,117
6.16699,180,117
6.17274,180,117
6.17811,180,117
6.18386,180,117
6.19038,180,116
6.19584,180,116
6.2016,180,116
6.20706,180,116
6.21281,180,116
6.21828,180,116
6.22394,180,116
6.2294,180,116
6.23515,180,116
6.24062,180,116
6.24637,180,116
6.25174,180,116
6.25749,180,116
6.26296,180,116
6.26871,180,116
6.27417,180,116
6.27964,180,116
0.00345146,180,116
0.00920388,180,116
0.0149563,180,116
0.0207087,180,116
0.0263653,180,116
0.0324053,180,116
0.0381578,180,116
0.0438143,180,116
0.0495668,180,116
0.0544563,180,117
0.0610716,180,116
0.0621262,180,116
0.0678786,180,116
0.0736311,180,116
0.078233,180,117
0.0841772,180,117
0.0899296,180,117
0.0956821,180,117
0.101434,180,117
0.107091,180,117
0.112843,180,117
0.118596,180,117
0.12454,180,117
0.130292,180,117
0.136045,180,117
0.141797,180,117
0.145536,180,118
0.151289,180,118
0.157041,180,118
0.162794,180,118
0.16845,180,118
0.17449,180,118
0.180243,180,118
0.185899,180,118
0.191652,180,118
0.197404,180,118
0.201239,180,119
0.206896,180,119
0.212648,180,119
0.218401,180,119
0.224345,180,119
0.230097,180,119
0.233932,180,120
0.239684,180,120
0.245437,180,120
0.251093,180,120
0.256846,180,120
0.262598,180,120
0.267488,180,121
0.27324,180,121
0.278897,180,121
0.284649,180,121
0.290402,180,121
0.294237,180,122
0.299893,180,122
0.305646,180,122
0.311686,180,122
0.315233,180,123
0.321177,180,123
0.32693,180,123
0.332682,180,123
0.338339,180,123
0.343036,180,124
0.348981,180,124
0.354733,180,124
0.360485,180,124
0.36432,180,125
0.369977,180,125
0.375729,180,125
0.381482,180,125
0.386371,180,126
0.392124,180,126
0.397876,180,126
0.401615,180,127
0.407368,180,127
0.41312,180,127
0.41801,180,128
0.424529,180,127
0.429515,180,128
0.435171,180,128
0.440924,180,128
0.447731,180,127
0.456455,180,125
0.479944,180,118
0.487806,180,117
0.494325,180,116
0.500365,180,116
0.508035,180,115
0.513692,180,115
0.521649,180,114
0.527402,180,114
0.533058,180,114
0.538811,180,114
0.544563,180,114
0.550316,180,114
0.55626,180,114
0.559807,180,115
0.565847,180,115
0.571504,180,115
0.577256,180,115
0.583009,180,115
0.586844,180,116
0.5925,180,116
0.597198,180,117
0.603142,180,117
0.608895,180,117
0.614647,180,117
0.618482,180,118
0.624138,180,118
0.627973,180,119
0.631808,180,120
0.637561,180,120
0.643313,180,120
0.64897,180,120
0.653859,180,121
0.657694,180,122
0.663447,180,122
0.667282,180,123
0.673034,180,123
0.677636,180,124
0.683676,180,124
0.687223,180,125
0.693168,180,125
0.69777,180,126
0.703522,180,126
0.707357,180,127
0.713109,180,127
0.717999,180,128
0.723751,180,128
0.72749,180,129
0.732476,180,130
0.738132,180,130
0.741967,180,131
0.746665,180,132
0.752322,180,132
0.756157,180,133
0.761909,180,133
0.766799,180,134
0.771688,180,135
0.775236,180,136
0.781276,180,136
0.785878,180,137
0.79163,180,137
0.79652,180,138
0.800354,180,139
0.804956,180,140
0.809942,180,141
0.814544,180,142
0.818379,180,143
0.823268,180,144
0.82787,180,145
1.14291,180,239
1.15892,180,242
1.18864,180,256
1.21347,180,267
1.21923,180,267
1.22383,180,269
1.23447,180,272
1.2593,180,305
1.28682,180,334
1.34846,180,510
1.35451,180,507
1.36026,180,508
1.36591,180,508
1.37167,180,509
1.37742,180,508
1.38317,180,505
1.38883,180,504
1.39458,180,505
1.40033,180,505
1.40599,180,503
1.41174,180,502
1.41749,180,502
1.4243,180,501
1.43005,180,495
1.43581,180,497
1.44146,180,497
1.45326,180,493
1.45891,180,497
1.46466,180,497
1.47042,180,496
1.47607,180,496
1.48183,180,493
1.48758,180,494
1.49333,180,495
1.50474,180,494
1.51049,180,494
1.52219,180,493
1.52794,180,495
1.53369,180,496
1.53935,180,492
1.54596,180,491
1.55191,180,490
1.55661,180,493
1.60809,180,500
1.61298,180,509
1.61768,180,516
1.62334,180,518
1.62909,180,522
1.63398,180,532
1.63867,180,542
1.64443,180,546
1.65497,180,548
1.66725,180,624
1.673,180,624
1.67875,180,624
1.6845,180,626
1.69016,180,626
1.70166,180,626
1.70742,180,628
1.71883,180,630
1.72458,180,630
1.73033,180,630
1.73522,180,632
1.74088,180,632
1.74749,180,630
1.75315,180,630
1.75813,180,634
1.76379,180,634
1.76954,180,636
1.7753,180,636
1.78105,180,636
1.7867,180,638
1.79246,180,638
1.79821,180,640
1.80396,180,642
1.80962,180,642
1.82112,180,644
1.82678,180,644
1.83253,180,646
1.83742,180,648
1.84317,180,648
1.84893,180,650
1.85468,180,652
1.86034,180,654
1.86609,180,656
1.87184,180,656
1.87759,180,658
1.88325,180,660
1.889,180,660
1.89475,180,662
1.90616,180,664
1.92831,180,666
1.93397,180,672
1.93972,180,674
1.94547,180,676
1.95122,180,676
1.95688,180,678
1.96263,180,680
1.97404,180,682
1.99015,180,686
2.00731,180,692
2.02457,180,700
2.02946,180,704
2.03521,180,704
2.04087,180,706
2.05812,180,708
2.07528,180,716
2.10635,180,3136
2.1121,180,3144
2.11776,180,3160
2.12351,180,3184
2.12926,180,3196
2.13501,180,3204
2.14067,180,3212
2.14642,180,3224
2.15217,180,3244
2.15793,180,3252
2.16358,180,3272
2.16962,180,3292
2.17538,180,3304
2.18103,180,3312
2.18679,180,3324
2.19254,180,3336
2.20395,180,3348
2.21545,180,3372
2.2212,180,3396
2.22686,180,3392
2.23261,180,3348
2.23837,180,3312
2.24402,180,3288
2.24977,180,3264
2.25553,180,3252
2.26128,180,3240
2.26694,180,3220
2.27269,180,3192
2.27873,180,3168
2.28438,180,3152
2.29014,180,3120
2.29589,180,3100
2.30164,180,3084
2.30816,180,3068
2.31391,180,3056
2.31957,180,3036
2.32561,180,3012
2.33136,180,3000
2.33702,180,2988
2.34277,180,2960
2.34852,180,2932
2.35428,180,2912
2.35993,180,2904
2.36569,180,2892
2.37144,180,2880
2.37719,180,2872
2.38285,180,2856
2.3886,180,2840
2.39435,180,2824
2.40001,180,2796
2.40576,180,2772
2.41151,180,2768
2.41727,180,2756
2.42292,180,2744
2.42868,180,2736
2.43548,180,2728
2.44123,180,2716
2.44699,180,2700
2.45264,180,2684
2.4584,180,2664
2.46415,180,2644
2.4699,180,2636
2.47556,180,2632
2.48131,180,2624
2.48735,180,2616
2.49301,180,2608
2.49876,180,2592
2.50451,180,2580
2.51026,180,2576
2.51592,180,2560
2.52167,180,2548
2.52743,180,2536
2.53318,180,2520
2.53883,180,2516
2.54459,180,2508
2.55034,180,2504
2.556,180,2496
2.56175,180,2488
2.5675,180,2480
2.57325,180,2468
2.57891,180,2460
2.58581,180,2452
2.59147,180,2444
2.59722,180,2436
2.60297,180,2432
2.60863,180,2424
2.61438,180,2408
2.62014,180,2408
2.62589,180,2404
2.63183,180,2392
2.63758,180,2384
2.64334,180,2380
2.64899,180,2376
2.65475,180,2372
2.6605,180,2364
2.66625,180,2356
2.67191,180,2348
2.67766,180,2344
2.68341,180,2336
2.68916,180,2328
2.69482,180,2320
2.70086,180,2312
2.70661,180,2312
2.71227,180,2304
2.71802,180,2300
2.72377,180,2292
2.72953,180,2288
2.73518,180,2284
2.74094,180,2280
2.74669,180,2276
2.75235,180,2272
2.7581,180,2268
2.76385,180,2268
2.7696,180,2260
2.77555,180,2256
2.7813,180,2252
2.78705,180,2248
2.79271,180,2240
2.79846,180,2236
2.80527,180,2224
2.81102,180,2216
2.81677,180,2220
2.82252,180,2220
2.82818,180,2216
2.83393,180,2212
2.83969,180,2212
2.84534,180,2208
2.85109,180,2204
2.85685,180,2204
2.8626,180,2200
2.86826,180,2196
2.8743,180,2196
2.88005,180,2196
2.88571,180,2192
2.89146,180,2184
2.89721,180,2184
2.90296,180,2180
2.90862,180,2172
2.91437,180,2172
2.92012,180,2172
2.92588,180,2176
2.93153,180,2172
2.93729,180,2164
2.94333,180,2160
2.94898,180,2160
2.95473,180,2156
2.96049,180,2156
2.96624,180,2156
2.9719,180,2152
2.97765,180,2152
2.9834,180,2148
2.98906,180,2148
2.99481,180,2148
3.00056,180,2148
3.00631,180,2148
3.01226,180,2148
3.01801,180,2144
3.02376,180,2140
3.02942,180,2144
3.03517,180,2140
3.04093,180,2140
3.04668,180,2140
3.05233,180,2136
3.05809,180,2140
3.06384,180,2140
3.06959,180,2140
3.07525,180,2140
3.08129,180,2140
3.08704,180,2140
3.0927,180,2136
3.09845,180,2132
3.1042,180,2136
3.10995,180,2140
3.11561,180,2140
3.12136,180,2136
3.12712,180,2136
3.13277,180,2136
3.13852,180,2132
3.14428,180,2136
3.15032,180,2136
3.15597,180,2136
3.16173,180,2144
3.16748,180,2140
3.17314,180,2140
3.17889,180,2144
3.18464,180,2148
3.19039,180,2144
3.19605,180,2144
3.2018,180,2148
3.20755,180,2152
3.21331,180,2152
3.21896,180,2152
3.22472,180,2156
3.23076,180,2156
3.23641,180,2156
3.24216,180,2156
3.24792,180,2160
3.25367,180,2164
3.25933,180,2160
3.26508,180,2160
3.27083,180,2168
3.27658,180,2176
3.28224,180,2176
3.28799,180,2180
3.29374,180,2180
3.2994,180,2184
3.30515,180,2192
3.31091,180,2188
3.31666,180,2188
3.3226,180,2188
3.32835,180,2196
3.33411,180,2200
3.33976,180,2200
3.34552,180,2200
3.35127,180,2204
3.35702,180,2208
3.36268,180,2216
3.36843,180,2220
3.37418,180,2220
3.37994,180,2224
3.38559,180,2228
3.39134,180,2232
3.3971,180,2228
3.40199,180,2236
3.40774,180,2240
3.41339,180,2244
3.41915,180,2256
3.4249,180,2260
3.43065,180,2264
3.43631,180,2268
3.44206,180,2276
3.44781,180,2280
3.45357,180,2284
3.45922,180,2284
3.46526,180,2288
3.47101,180,2296
3.47667,180,2304
3.48242,180,2304
3.48818,180,2300
3.49393,180,2308
3.49959,180,2320
3.50534,180,2328
3.51109,180,2336
3.51675,180,2340
3.5225,180,2348
3.52825,180,2352
3.534,180,2360
3.53966,180,2368
3.54541,180,2372
3.55117,180,2376
3.55711,180,2380
3.56286,180,2388
3.56861,180,2396
3.57437,180,2404
3.58002,180,2412
3.58578,180,2424
3.59153,180,2432
3.59728,180,2436
3.60294,180,2440
3.60869,180,2448
3.61444,180,2452
3.61933,180,2464
3.62508,180,2480
3.63074,180,2488
3.63649,180,2492
3.64225,180,2500
3.648,180,2508
3.65365,180,2524
3.65941,180,2528
3.66516,180,2536
3.67091,180,2552
3.67657,180,2560
3.68232,180,2568
3.68807,180,2584
3.69383,180,2596
3.69977,180,2608
3.70552,180,2616
3.71127,180,2628
3.71693,180,2632
3.72268,180,2616
3.72844,180,2628
3.73409,180,2640
3.73985,180,2620
3.7456,180,2604
3.75135,180,2572
3.75701,180,2552
3.76276,180,2540
3.76851,180,2524
3.77446,180,2508
3.78021,180,2492
3.78596,180,2476
3.79248,180,2452
3.79823,180,2432
3.80427,180,2424
3.80993,180,2412
3.81568,180,2396
3.82143,180,2376
3.82709,180,2360
3.83284,180,2344
3.8386,180,2328
3.84435,180,2316
3.85,180,2304
3.85576,180,2288
3.86151,180,2276
3.86726,180,2264
3.87292,180,2248
3.87972,180,2232
3.88548,180,2228
3.89123,180,2216
3.89698,180,2200
3.90264,180,2188
3.90868,180,2176
3.91443,180,2164
3.92009,180,2148
3.92584,180,2136
3.93159,180,2132
3.93735,180,2128
3.943,180,2132
3.94875,180,2144
3.95451,180,2160
3.96592,180,2168
3.97771,180,2172
3.98336,180,2164
3.98912,180,2152
3.99487,180,2144
4.00062,180,2136
4.00628,180,2128
4.01203,180,2120
4.01778,180,2112
4.02344,180,2100
4.02919,180,2092
4.03494,180,2084
4.0407,180,2080
4.04664,180,2080
4.05239,180,2068
4.05815,180,2052
4.06467,180,2048
4.07042,180,2042
4.07636,180,2032
4.08211,180,2020
4.08787,180,2016
4.09352,180,2010
4.09928,180,2004
4.10503,180,1994
4.11078,180,1988
4.11644,180,1980
4.12219,180,1972
4.12794,180,1966
4.13369,180,1972
4.13935,180,1968
4.14539,180,1950
4.15114,180,1946
4.1568,180,1938
4.16255,180,1934
4.16831,180,1928
4.17406,180,1916
4.17971,180,1908
4.18547,180,1906
4.19122,180,1898
4.19697,180,1894
4.20263,180,1892
4.20943,180,1886
4.21519,180,1880
4.22094,180,1870
4.22669,180,1866
4.23235,180,1864
4.2381,180,1864
4.24414,180,1858
4.2498,180,1850
4.25555,180,1846
4.2613,180,1844
4.26706,180,1840
4.27271,180,1836
4.27846,180,1832
4.28422,180,1828
4.28987,180,1822
4.29591,180,1814
4.30167,180,1810
4.30742,180,1802
4.31307,180,1800
4.31883,180,1802
4.32458,180,1796
4.33024,180,1802
4.33628,180,1798
4.34203,180,1788
4.34768,180,1784
4.35344,180,1780
4.35919,180,1778
4.36494,180,1774
4.38623,180,1048
4.39217,180,1028
4.39869,180,1014
4.40444,180,1008
4.41048,180,1002
4.43829,180,702
4.44615,180,664
4.4519,180,654
4.45765,180,654
4.4634,180,652
4.46906,180,648
4.47587,180,644
4.48162,180,640
4.48737,180,640
4.49313,180,640
4.49907,180,638
4.50482,180,638
4.51057,180,636
4.51738,180,630
4.52304,180,630
4.52879,180,630
4.53454,180,628
4.5403,180,628
4.54595,180,626
4.5517,180,624
4.55774,180,624
4.5634,180,622
4.56915,180,622
4.57491,180,622
4.58066,180,620
4.58632,180,622
4.59207,180,620
4.59811,180,620
4.60376,180,618
4.60952,180,616
4.61527,180,618
4.62102,180,618
4.62668,180,618
4.63243,180,616
4.63847,180,618
4.64413,180,620
4.64988,180,624
4.65563,180,622
4.66138,180,616
4.66819,180,610
4.67385,180,610
4.67883,180,618
4.68449,180,622
4.69705,180,606
4.70175,180,622
4.7074,180,628
4.71344,180,628
4.7192,180,630
4.72485,180,630
4.73061,180,630
4.73549,180,632
4.74211,180,630
4.74777,180,630
4.75381,180,630
4.75841,180,632
4.76416,180,634
4.76991,180,634
4.77586,180,634
4.78161,180,634
4.78736,180,634
4.79302,180,634
4.79877,180,636
4.80452,180,636
4.81028,180,638
4.81622,180,638
4.82284,180,628
4.82849,180,626
4.83453,180,630
4.84028,180,630
4.84594,180,628
4.85064,180,632
4.85658,180,634
4.86234,180,634
4.86809,180,636
4.87374,180,638
4.8795,180,640
4.88525,180,640
4.89119,180,644
4.89695,180,642
4.9027,180,644
4.9073,180,648
4.91334,180,650
4.91909,180,650
4.92475,180,650
4.9305,180,660
4.94114,180,668
4.96482,180,1786
4.97058,180,1788
4.97633,180,1790
4.98208,180,1792
4.98774,180,1800
5.00519,180,1810
5.03222,180,1440
5.03683,180,1448
5.04258,180,1452
5.0745,180,1860
5.08026,180,1862
5.08591,180,1870
5.09167,180,1880
5.09742,180,1870
5.10911,180,1832
5.11487,180,1802
5.12062,180,1780
5.12743,180,1756
5.13308,180,1734
5.13884,180,1716
5.14459,180,1694
5.15034,180,1674
5.156,180,1654
5.1629,180,1634
5.16856,180,1618
5.17431,180,1600
5.18035,180,1584
5.18601,180,1566
5.19176,180,1546
5.19857,180,1534
5.20432,180,1518
5.21007,180,1504
5.21573,180,1492
5.22148,180,1474
5.22723,180,1460
5.23318,180,1450
5.23979,180,1436
5.24573,180,1424
5.25149,180,1414
5.25724,180,1402
5.2629,180,1390
5.26865,180,1376
5.27546,180,1364
5.28121,180,1356
5.28696,180,1348
5.29262,180,1334
5.29837,180,1324
5.30441,180,1316
5.31016,180,1306
5.31582,180,1296
5.32263,180,1286
5.32838,180,1280
5.33988,180,1286
5.48465,180,165
5.49146,180,163
5.49827,180,162
5.50479,180,161
5.51169,180,160
5.5185,180,159
5.5253,180,158
5.53211,180,157
5.53863,180,156
5.54544,180,155
5.55119,180,155
5.558,180,154
5.5648,180,153
5.57161,180,152
5.57842,180,151
5.58532,180,150
5.59289,180,149
5.59865,180,149
5.60545,180,148
5.61226,180,147
5.61907,180,146
5.62587,180,145
5.63278,180,144
5.63843,180,144
5.64419,180,144
5.65099,180,143
5.65895,180,142
5.66547,180,141
5.67141,180,141
5.67803,180,140
5.68397,180,140
5.6927,180,138
5.69845,180,138
5.7042,180,138
5.71101,180,137
5.71676,180,137
5.72357,180,136
5.72923,180,136
5.73718,180,135
5.74399,180,134
5.74974,180,134
5.75655,180,133
5.7623,180,133
5.76796,180,133
5.77592,180,132
5.78272,180,131
5.78848,180,131
5.79413,180,131
5.79989,180,131
5.80784,180,130
5.81465,180,129
5.82031,180,129
5.82606,180,129
5.8321,180,129
5.83967,180,128
5.84543,180,128
5.85223,180,127
5.85799,180,127
5.86594,180,126
5.8716,180,126
5.87735,180,126
5.88416,180,125
5.88991,180,125
5.89585,180,125
5.90161,180,125
5.90928,180,124
5.91522,180,124
5.92097,180,124
5.92778,180,123
5.93353,180,123
5.93929,180,123
5.94715,180,122
5.9529,180,122
5.95865,180,122
5.96431,180,122
5.97035,180,122
5.97802,180,121
5.98368,180,121
5.98972,180,121
5.99547,180,121
6.00112,180,121
6.00793,180,120
6.01368,180,120
6.01944,180,120
6.02548,180,120
6.03113,180,120
6.0388,180,119
6.04475,180,119
6.0505,180,119
6.05625,180,119
6.062,180,119
6.06795,180,119
6.0737,180,119
6.07945,180,119
6.08732,180,118
6.09307,180,118
6.09882,180,118
6.10448,180,118
6.11023,180,118
6.11627,180,118
6.12193,180,118
6.12768,180,118
6.13564,180,117
6.14129,180,117
6.14704,180,117
6.1528,180,117
6.15855,180,117
6.16449,180,117
6.17025,180,117
6.176,180,117
6.18165,180,117
6.18741,180,117
6.19316,180,117
6.1991,180,117
6.20486,180,117
6.21061,180,117
6.21742,180,116
6.22317,180,116
6.22883,180,116
6.23458,180,116
6.24033,180,116
6.24637,180,116
6.25203,180,116
6.25778,180,116
6.26353,180,116
6.26919,180,116
6.27494,180,116
6.28098,180,116
0.00325971,0,116
0.00891626,0,116
0.0146687,0,116
0.0204211,0,116
0.0261735,0,116
0.0318301,0,116
0.0375825,0,116
0.043335,0,116
0.0490874,0,116
0.0547439,0,116
0.0604964,0,116
0.0631808,0,116
0.0689333,0,116
0.0746857,0,116
0.0795753,0,117
0.0850401,0,117
0.0907925,0,117
0.096449,0,117
0.102201,0,117
0.107954,0,117
0.113706,0,117
0.119363,0,117
0.125115,0,117
0.130868,0,117
0.13662,0,117
0.142277,0,117
0.148029,0,117
0.151576,0,118
0.157329,0,118
0.162985,0,118
0.168738,0,118
0.17449,0,118
0.180243,0,118
0.185899,0,118
0.191652,0,118
0.197404,0,118
0.200951,0,119
0.206704,0,119
0.21236,0,119
0.218113,0,119
0.223865,0,119
0.229618,0,119
0.235274,0,119
0.238822,0,120
0.244574,0,120
0.250326,0,120
0.255983,0,120
0.261735,0,120
0.267488,0,120
0.27324,0,120
0.277842,0,121
0.283595,0,121
0.289251,0,121
0.295004,0,121
0.298839,0,122
0.304591,0,122
0.310248,0,122
0.315712,0,122
0.319547,0,123
0.3253,0,123
0.331052,0,123
0.336709,0,123
0.342461,0,123
0.347063,0,124
0.352816,0,124
0.358568,0,124
0.369977,0,124
0.385604,0,118
0.407943,0,112
0.415805,0,111
0.423475,0,110
0.429227,0,110
0.436801,0,109
0.442553,0,109
0.448306,0,109
0.45588,0,108
0.461632,0,108
0.467385,0,108
0.473137,0,108
0.478794,0,108
0.484546,0,108
0.488094,0,109
0.493846,0,109
0.499598,0,109
0.505255,0,109
0.511007,0,109
0.514842,0,110
0.520595,0,110
0.525964,0,110
0.529799,0,111
0.535551,0,111
0.541303,0,111
0.545138,0,112
0.550507,0,112
0.55626,0,112
0.560095,0,113
0.565847,0,113
0.569682,0,114
0.575339,0,114
0.580803,0,114
0.584638,0,115
0.590391,0,115
0.596047,0,115
0.599595,0,116
0.60458,0,117
0.610237,0,117
0.615989,0,117
0.619537,0,118
0.625289,0,118
0.629124,0,119
0.63478,0,119
0.638615,0,120
0.644368,0,120
0.649833,0,120
0.654722,0,121
0.65827,0,122
0.664022,0,122
0.669679,0,122
0.673513,0,123
0.678211,0,124
0.683868,0,124
0.68962,0,124
0.693455,0,125
0.698057,0,126
0.70381,0,126
0.707645,0,127
0.713397,0,127
0.717999,0,128
0.723751,0,128
0.72749,0,129
0.732188,0,130
0.737941,0,130
0.74168,0,131
0.747432,0,131
0.752034,0,132
0.767374,0,133
0.864686,0,177
0.868233,0,180
0.873123,0,181
0.878875,0,182
0.883573,0,183
0.888175,0,184
0.904569,0,186
1.04905,0,201
1.10658,0,221
1.12163,0,224
1.16602,0,254
1.17071,0,258
1.17532,0,261
1.17973,0,303
1.35259,0,502
1.35834,0,507
1.36975,0,511
1.39707,0,588
1.40273,0,588
1.40848,0,586
1.415,0,584
1.42075,0,584
1.42651,0,584
1.43226,0,584
1.43792,0,582
1.44367,0,584
1.44913,0,584
1.45488,0,582
1.46054,0,582
1.46629,0,580
1.47205,0,580
1.4778,0,580
1.48346,0,580
1.48921,0,580
1.49496,0,580
1.50062,0,580
1.50608,0,578
1.51183,0,578
1.51759,0,580
1.52334,0,578
1.529,0,578
1.53475,0,578
1.5405,0,578
1.54625,0,578
1.55162,0,578
1.55737,0,578
1.56313,0,578
1.56888,0,578
1.57454,0,578
1.58029,0,580
1.58575,0,580
1.59151,0,578
1.59716,0,578
1.60291,0,580
1.60867,0,580
1.61413,0,578
1.61988,0,580
1.62554,0,580
1.63129,0,580
1.63705,0,582
1.6427,0,582
1.64817,0,582
1.65392,0,582
1.65967,0,582
1.66542,0,582
1.67108,0,584
1.67578,0,586
1.6823,0,584
1.68719,0,586
1.69265,0,586
1.6984,0,586
1.70406,0,586
1.70981,0,586
1.71557,0,588
1.72103,0,588
1.72678,0,590
1.73244,0,590
1.73819,0,592
1.74394,0,592
1.7496,0,592
1.75507,0,592
1.76082,0,594
1.76657,0,594
1.77232,0,594
1.77798,0,596
1.7892,0,596
2.14125,0,688
2.40528,0,2796
2.41065,0,2768
2.4164,0,2756
2.42216,0,2744
2.42791,0,2736
2.43472,0,2732
2.44018,0,2720
2.44584,0,2708
2.45159,0,2692
2.45734,0,2680
2.46309,0,2672
2.46875,0,2656
2.4745,0,2632
2.47997,0,2624
2.48572,0,2624
2.49138,0,2620
2.49713,0,2604
2.50288,0,2596
2.50863,0,2580
2.51429,0,2568
2.51976,0,2560
2.52551,0,2548
2.53126,0,2544
2.53692,0,2536
2.54267,0,2516
2.54842,0,2508
2.55417,0,2500
2.55983,0,2492
2.5653,0,2488
2.57105,0,2476
2.5768,0,2468
2.58246,0,2464
2.58907,0,2452
2.59473,0,2444
2.60048,0,2436
2.60623,0,2428
2.61199,0,2420
2.61764,0,2412
2.62339,0,2408
2.62915,0,2396
2.6349,0,2388
2.64056,0,2384
2.64602,0,2376
2.65177,0,2372
2.65753,0,2368
2.66318,0,2360
2.66893,0,2356
2.67469,0,2352
2.68044,0,2344
2.6861,0,2336
2.69185,0,2328
2.6976,0,2324
2.70326,0,2316
2.70872,0,2312
2.71447,0,2308
2.72023,0,2300
2.72598,0,2292
2.73164,0,2288
2.73739,0,2284
2.74314,0,2276
2.74889,0,2276
2.75455,0,2276
2.7603,0,2268
2.76605,0,2264
2.77152,0,2260
2.77718,0,2252
2.78293,0,2248
2.78868,0,2244
2.79443,0,2236
2.80124,0,2232
2.80671,0,2232
2.81236,0,2224
2.81811,0,2220
2.82387,0,2216
2.82952,0,2216
2.83528,0,2212
2.84103,0,2208
2.84678,0,2208
2.85244,0,2204
2.85819,0,2200
2.86394,0,2196
2.86941,0,2192
2.87506,0,2192
2.88082,0,2192
2.88657,0,2188
2.89232,0,2184
2.89798,0,2184
2.90373,0,2180
2.90948,0,2176
2.91523,0,2172
2.92089,0,2172
2.92636,0,2168
2.93211,0,2164
2.93786,0,2160
2.94352,0,2160
2.94927,0,2160
2.95502,0,2160
2.96077,0,2156
2.96643,0,2156
2.97218,0,2152
2.97794,0,2152
2.98369,0,2152
2.98906,0,2148
2.99481,0,2148
3.00056,0,2144
3.00631,0,2148
3.01197,0,2152
3.01772,0,2148
3.02348,0,2140
3.02923,0,2140
3.03489,0,2140
3.04064,0,2140
3.04639,0,2140
3.05185,0,2140
3.05751,0,2140
3.06326,0,2140
3.06902,0,2136
3.07477,0,2136
3.08043,0,2136
3.08618,0,2140
3.09193,0,2136
3.09768,0,2136
3.10334,0,2136
3.1088,0,2136
3.11456,0,2140
3.12031,0,2140
3.12597,0,2140
3.13172,0,2136
3.13747,0,2136
3.14322,0,2136
3.14888,0,2136
3.15463,0,2140
3.16038,0,2144
3.16614,0,2144
3.17151,0,2140
3.17726,0,2140
3.18301,0,2144
3.18876,0,2144
3.19442,0,2144
3.20017,0,2144
3.20592,0,2144
3.21168,0,2148
3.21733,0,2152
3.22309,0,2152
3.22884,0,2156
3.2343,0,2160
3.23996,0,2160
3.24571,0,2160
3.25146,0,2160
3.25722,0,2160
3.26287,0,2164
3.26863,0,2164
3.27438,0,2168
3.28003,0,2176
3.28579,0,2176
3.29125,0,2176
3.297,0,2184
3.30276,0,2188
3.30841,0,2188
3.31417,0,2184
3.31992,0,2188
3.32567,0,2192
3.33133,0,2192
3.33708,0,2196
3.34283,0,2200
3.34849,0,2204
3.35395,0,2208
3.35971,0,2212
3.36546,0,2216
3.37121,0,2220
3.37687,0,2220
3.38262,0,2224
3.38837,0,2228
3.39403,0,2232
3.39873,0,2236
3.40448,0,2236
3.41014,0,2240
3.41589,0,2248
3.42164,0,2256
3.4273,0,2260
3.43305,0,2264
3.43851,0,2268
3.44427,0,2272
3.45002,0,2276
3.45568,0,2280
3.46143,0,2284
3.46718,0,2288
3.47293,0,2288
3.47859,0,2296
3.48434,0,2308
3.49009,0,2312
3.49575,0,2316
3.50122,0,2320
3.50697,0,2328
3.51272,0,2332
3.51847,0,2340
3.52413,0,2348
3.52988,0,2356
3.53563,0,2360
3.54129,0,2364
3.54704,0,2368
3.5528,0,2372
3.55826,0,2380
3.56401,0,2388
3.56967,0,2392
3.57542,0,2396
3.58117,0,2400
3.58683,0,2404
3.59258,0,2408
3.59834,0,2424
3.60409,0,2440
3.60974,0,2448
3.6155,0,2456
3.62019,0,2464
3.62585,0,2476
3.6316,0,2480
3.63736,0,2488
3.64301,0,2500
3.64848,0,2504
3.65423,0,2516
3.65998,0,2524
3.66573,0,2532
3.67139,0,2548
3.67714,0,2556
3.6829,0,2568
3.68855,0,2580
3.69431,0,2588
3.70006,0,2604
3.70581,0,2612
3.71147,0,2620
3.71693,0,2628
3.72268,0,2628
3.72844,0,2612
3.73409,0,2592
3.73985,0,2572
3.7456,0,2548
3.75135,0,2528
3.75701,0,2516
3.76276,0,2500
3.76851,0,2476
3.77532,0,2448
3.78078,0,2432
3.78654,0,2424
3.79219,0,2412
3.79794,0,2396
3.8037,0,2372
3.80945,0,2348
3.81511,0,2328
3.82086,0,2324
3.82661,0,2312
3.83227,0,2292
3.83802,0,2276
3.84377,0,2268
3.84952,0,2252
3.85518,0,2236
3.8618,0,2228
3.86745,0,2216
3.87321,0,2200
3.87896,0,2196
3.88471,0,2180
3.89037,0,2164
3.89612,0,2148
3.90187,0,2136
3.90762,0,2128
3.91328,0,2124
3.91903,0,2104
3.92479,0,2084
3.93044,0,2092
3.93619,0,2104
3.94195,0,2112
3.9477,0,2128
3.96457,0,2144
3.97033,0,2128
3.97608,0,2120
3.98173,0,2116
3.98749,0,2104
3.99324,0,2092
3.9989,0,2084
4.00465,0,2076
4.0104,0,2064
4.01615,0,2056
4.02181,0,2052
4.02843,0,2044
4.03408,0,2026
4.03983,0,2028
4.04559,0,2028
4.05134,0,2010
4.057,0,2002
4.06275,0,1990
4.0685,0,1982
4.07425,0,1972
4.07991,0,1970
4.08566,0,1966
4.09141,0,1950
4.09707,0,1944
4.10282,0,1942
4.10858,0,1932
4.11433,0,1922
4.11998,0,1904
4.12545,0,1914
4.1312,0,1924
4.13695,0,1904
4.14261,0,1896
4.14951,0,1886
4.15517,0,1878
4.16092,0,1874
4.16668,0,1870
4.17243,0,1860
4.17808,0,1852
4.18384,0,1848
4.1893,0,1844
4.19505,0,1842
4.20071,0,1840
4.20646,0,1832
4.21222,0,1826
4.21797,0,1818
4.22362,0,1810
4.22938,0,1804
4.23513,0,1798
4.24079,0,1796
4.24654,0,1792
4.25229,0,1788
4.25804,0,1782
4.2637,0,1778
4.26945,0,1778
4.2752,0,1774
4.28096,0,1766
4.28661,0,1762
4.29237,0,1758
4.29917,0,1752
4.30493,0,1752
4.31068,0,1750
4.31633,0,1746
4.3404,0,898
4.34606,0,890
4.35181,0,888
4.35756,0,886
4.36331,0,886
4.36897,0,884
4.37472,0,880
4.38047,0,880
4.38623,0,880
4.39188,0,880
4.41125,0,686
4.41806,0,670
4.42467,0,658
4.43033,0,652
4.43714,0,644
4.44289,0,638
4.44864,0,632
4.45545,0,628
4.4612,0,626
4.46695,0,624
4.47261,0,622
4.47836,0,620
4.48411,0,620
4.48977,0,618
4.49552,0,616
4.50128,0,616
4.50703,0,616
4.51355,0,614
4.5193,0,612
4.52496,0,612
4.53071,0,612
4.53646,0,608
4.54221,0,608
4.54787,0,610
4.55362,0,608
4.55937,0,606
4.56513,0,606
4.57078,0,606
4.57654,0,606
4.58229,0,604
4.58794,0,604
4.5937,0,604
4.59945,0,604
4.6052,0,604
4.61086,0,604
4.61661,0,604
4.62236,0,604
4.62812,0,606
4.63377,0,608
4.63952,0,606
4.64528,0,600
4.65208,0,598
4.65784,0,598
4.66244,0,600
4.66819,0,604
4.68075,0,590
4.68535,0,604
4.6911,0,612
4.69705,0,612
4.7028,0,612
4.70855,0,612
4.71421,0,612
4.71996,0,612
4.72572,0,612
4.73147,0,612
4.73712,0,614
4.74182,0,616
4.74863,0,614
4.75438,0,614
4.75898,0,618
4.76474,0,618
4.77039,0,618
4.77614,0,620
4.7819,0,620
4.78765,0,620
4.79331,0,620
4.79906,0,618
4.80481,0,620
4.81056,0,624
4.81622,0,626
4.82197,0,626
4.82772,0,626
4.83338,0,626
4.83913,0,628
4.84489,0,628
4.85064,0,630
4.85524,0,632
4.86099,0,634
4.86665,0,634
4.8724,0,632
4.87815,0,634
4.88391,0,636
4.88956,0,636
4.89532,0,640
4.90107,0,642
4.90653,0,640
4.91219,0,640
4.91794,0,642
4.92369,0,644
4.92945,0,644
4.9351,0,642
4.94086,0,644
4.94555,0,650
4.95121,0,660
4.96837,0,664
4.99733,0,1716
5.00797,0,1232
5.01372,0,1230
5.02024,0,1228
5.03165,0,1212
5.0374,0,1204
5.04315,0,1212
5.04891,0,1218
5.05456,0,1222
5.06032,0,1226
5.06607,0,1224
5.07172,0,1226
5.07642,0,1234
5.08217,0,1236
5.08783,0,1236
5.09358,0,1240
5.09934,0,1248
5.10509,0,1250
5.11074,0,1254
5.11621,0,1256
5.12196,0,1262
5.12771,0,1268
5.13337,0,1272
5.13912,0,1272
5.14488,0,1276
5.15063,0,1280
5.15628,0,1280
5.16204,0,1280
5.16779,0,1282
5.17345,0,1286
5.1907,0,1292
5.19799,0,1550
5.20489,0,1532
5.21026,0,1514
5.21601,0,1500
5.22177,0,1490
5.22752,0,1474
5.23318,0,1458
5.24008,0,1444
5.24573,0,1432
5.25149,0,1420
5.25695,0,1408
5.2627,0,1398
5.26836,0,1386
5.27411,0,1376
5.28092,0,1366
5.28667,0,1354
5.29243,0,1340
5.29808,0,1332
5.30355,0,1322
5.3093,0,1312
5.31505,0,1302
5.32186,0,1290
5.32761,0,1286
5.33327,0,1290
5.47104,0,166
5.47785,0,165
5.4836,0,164
5.48925,0,164
5.49606,0,163
5.50296,0,162
5.51054,0,160
5.51735,0,159
5.5231,0,159
5.52962,0,158
5.53642,0,157
5.54333,0,156
5.55013,0,155
5.55665,0,154
5.56346,0,153
5.57027,0,152
5.57602,0,152
5.58254,0,151
5.58935,0,150
5.59702,0,149
5.60382,0,148
5.61063,0,147
5.61638,0,147
5.62319,0,146
5.62971,0,145
5.63575,0,145
5.64227,0,144
5.64908,0,143
5.65675,0,142
5.6625,0,142
5.66931,0,141
5.67611,0,140
5.68186,0,140
5.68867,0,139
5.69433,0,139
5.70583,0,139
5.72031,0,137
5.72712,0,136
5.73469,0,135
5.74044,0,135
5.7462,0,135
5.753,0,134
5.75981,0,133
5.76748,0,132
5.77122,0,133
5.77889,0,132
5.78464,0,132
5.79145,0,131
5.7972,0,131
5.80478,0,130
5.81053,0,130
5.81733,0,129
5.82309,0,129
5.82884,0,129
5.8367,0,128
5.84245,0,128
5.84926,0,127
5.85501,0,127
5.86067,0,127
5.86834,0,126
5.87409,0,126
5.87984,0,126
5.88665,0,125
5.89231,0,125
5.89806,0,125
5.90573,0,124
5.91167,0,124
5.91743,0,124
5.92318,0,124
5.92999,0,123
5.93574,0,123
5.9414,0,123
5.94907,0,122
5.95482,0,122
5.96057,0,122
5.96623,0,122
5.97198,0,122
5.97984,0,121
5.98559,0,121
5.99135,0,121
5.9971,0,121
6.00275,0,121
6.00851,0,121
6.01531,0,120
6.02107,0,120
6.02682,0,120
6.03248,0,120
6.04043,0,119
6.04619,0,119
6.05184,0,119
6.05759,0,119
6.06335,0,119
6.0691,0,119
6.07667,0,118
6.08243,0,118
6.08818,0,118
6.09412,0,118
6.09987,0,118
6.10563,0,118
6.11138,0,118
6.11704,0,118
6.12471,0,117
6.13046,0,117
6.13612,0,117
6.14187,0,117
6.14762,0,117
6.15337,0,117
6.15903,0,117
6.16478,0,117
6.17053,0,117
6.17619,0,117
6.18194,0,117
6.1877,0,117
6.19345,0,117
6.20025,0,116
6.20601,0,116
6.21166,0,116
6.21742,0,116
6.22317,0,116
6.22883,0,116
6.23458,0,116
6.24033,0,116
6.24608,0,116
6.25174,0,116
6.25749,0,116
6.26324,0,116
6.269,0,116
6.27465,0,116
6.28041,0,116
0.00239685,180,116
0.00814927,180,116
0.0139017,180,116
0.0195583,180,116
0.0253107,180,116
0.0313507,180,116
0.0370073,180,116
0.0427597,180,116
0.0485121,180,116
0.0542646,180,116
0.0599211,180,116
0.0648107,180,117
0.0705631,180,117
0.0773702,180,116
0.0831226,180,116
0.0877245,180,117
0.093477,180,117
0.0992294,180,117
0.104982,180,117
0.110926,180,117
0.116678,180,117
0.122431,180,117
0.128087,180,117
0.13384,180,117
0.139592,180,117
0.145345,180,117
0.151001,180,117
0.154836,180,118
0.160589,180,118
0.166341,180,118
0.171998,180,118
0.17775,180,118
0.183502,180,118
0.189447,180,118
0.195199,180,118
0.198746,180,119
0.204786,180,119
0.210443,180,119
0.216195,180,119
0.221948,180,119
0.2277,180,119
0.233357,180,119
0.237192,180,120
0.242944,180,120
0.248697,180,120
0.254353,180,120
0.260106,180,120
0.265858,180,120
0.270748,180,121
0.2765,180,121
0.282252,180,121
0.287909,180,121
0.291744,180,122
0.297496,180,122
0.319068,180,116
0.344379,180,109
0.354158,180,107
0.35991,180,107
0.36758,180,106
0.373333,180,106
0.379277,180,106
0.388001,180,105
0.393754,180,105
0.399506,180,105
0.40708,180,104
0.412833,180,104
0.416668,180,105
0.42242,180,105
0.428077,180,105
0.433829,180,105
0.439581,180,105
0.445238,180,105
0.448018,180,106
0.453771,180,106
0.459427,180,106
0.46518,180,106
0.470932,180,106
0.474767,180,107
0.490011,180,108
0.495763,180,108
0.50142,180,108
0.507172,180,108
0.51072,180,109
0.516472,180,109
0.522225,180,109
0.525964,180,110
0.531716,180,110
0.535551,180,111
0.541303,180,111
0.545138,180,112
0.550795,180,112
0.556547,180,112
0.560095,180,113
0.565847,180,113
0.571504,180,113
0.575339,180,114
0.581091,180,114
0.584926,180,115
0.590678,180,115
0.596335,180,115
0.60017,180,116
0.605922,180,116
0.610524,180,117
0.616277,180,117
0.622029,180,117
0.625864,180,118
0.631521,180,118
0.635356,180,119
0.638903,180,120
0.644655,180,120
0.649545,180,121
0.655297,180,121
0.659132,180,122
0.664789,180,122
0.670541,180,122
0.674089,180,123
0.678978,180,124
0.684731,180,124
0.688278,180,125
0.694222,180,125
0.69892,180,126
0.702755,180,127
0.708412,180,127
0.713109,180,128
0.764306,180,162
0.769004,180,163
0.773606,180,165
0.778495,180,166
0.79,180,166
0.793835,180,168
0.803327,180,170
0.806874,180,172
0.818379,180,173
0.823268,180,174
0.82787,180,175
0.83276,180,176
0.850017,180,176
0.905624,180,171
0.910226,180,172
0.914924,180,174
0.918663,180,176
0.923648,180,178
0.932852,180,180
1.28663,180,418
1.31826,180,441
1.32478,180,439
1.32939,180,441
1.33514,180,445
1.34003,180,452
1.34463,180,461
1.34933,180,469
1.35422,180,479
1.35882,180,489
1.3638,180,500
1.36735,180,513
1.3779,180,524
1.39103,180,580
1.39679,180,578
1.40819,180,576
1.41395,180,574
1.4197,180,574
1.42536,180,574
1.43111,180,574
1.43686,180,572
1.44261,180,572
1.44827,180,572
1.45402,180,572
1.45977,180,572
1.46524,180,572
1.4709,180,572
1.4778,180,570
1.48346,180,570
1.48921,180,570
1.49496,180,570
1.50062,180,568
1.50637,180,568
1.51212,180,568
1.51787,180,568
1.52353,180,570
1.529,180,570
1.53475,180,568
1.5405,180,566
1.54625,180,566
1.55191,180,568
1.55766,180,568
1.56341,180,568
1.58058,180,568
1.59879,180,491
1.60569,180,479
1.61221,180,471
1.61797,180,469
1.62362,180,469
1.62938,180,469
1.63513,180,469
1.64088,180,469
1.64654,180,469
1.65229,180,470
1.65804,180,471
1.66264,180,473
1.67415,180,477
1.6823,180,572
1.68805,180,572
1.69371,180,574
1.69946,180,574
1.70521,180,574
1.71096,180,576
1.71662,180,576
1.72237,180,576
1.72813,180,578
1.73378,180,578
1.73953,180,578
1.74529,180,580
1.75104,180,580
1.7567,180,580
1.76245,180,582
1.7682,180,582
1.77395,180,582
1.77961,180,584
1.78536,180,584
1.78996,180,586
1.80147,180,586
1.81863,180,588
1.8355,180,590
2.1145,180,708
2.12025,180,704
2.13358,180,674
2.13933,180,682
2.15649,180,682
2.1726,180,684
2.42628,180,2748
2.43165,180,2740
2.43855,180,2728
2.44421,180,2716
2.44996,180,2712
2.45571,180,2696
2.46137,180,2680
2.46712,180,2672
2.47287,180,2652
2.47863,180,2632
2.48428,180,2624
2.48975,180,2616
2.4955,180,2612
2.50125,180,2600
2.50691,180,2592
2.51266,180,2584
2.51841,180,2568
2.52417,180,2560
2.52982,180,2548
2.53557,180,2544
2.54133,180,2532
2.54708,180,2516
2.55274,180,2512
2.55849,180,2504
2.56424,180,2492
2.56999,180,2484
2.57565,180,2480
2.58111,180,2472
2.58687,180,2460
2.59367,180,2452
2.59943,180,2444
2.60508,180,2436
2.61084,180,2432
2.61659,180,2420
2.62234,180,2412
2.628,180,2400
2.63346,180,2392
2.63921,180,2388
2.64497,180,2380
2.65072,180,2376
2.65638,180,2372
2.66213,180,2364
2.66788,180,2360
2.67354,180,2356
2.67929,180,2348
2.68504,180,2340
2.69079,180,2332
2.69645,180,2332
2.7022,180,2324
2.70796,180,2320
2.71371,180,2312
2.71936,180,2304
2.72483,180,2292
2.73058,180,2292
2.73633,180,2288
2.74199,180,2280
2.74774,180,2276
2.7535,180,2276
2.75925,180,2272
2.7649,180,2268
2.77066,180,2260
2.77641,180,2256
2.78216,180,2252
2.78782,180,2248
2.79357,180,2244
2.79932,180,2240
2.80584,180,2232
2.81159,180,2228
2.81725,180,2228
2.823,180,2228
2.82876,180,2220
2.83451,180,2212
2.84017,180,2208
2.84592,180,2208
2.85167,180,2204
2.85742,180,2200
2.86308,180,2192
2.86854,180,2192
2.8743,180,2192
2.88005,180,2192
2.88571,180,2188
2.89146,180,2184
2.89721,180,2180
2.90296,180,2176
2.90862,180,2172
2.91437,180,2172
2.92012,180,2172
2.92588,180,2168
2.93153,180,2164
2.93729,180,2164
2.94304,180,2160
2.94869,180,2160
2.95445,180,2160
2.9602,180,2156
2.96595,180,2156
2.97161,180,2152
2.97736,180,2152
2.98311,180,2152
2.98887,180,2148
2.99452,180,2148
2.99999,180,2144
3.00574,180,2144
3.01149,180,2148
3.01715,180,2144
3.0229,180,2140
3.02865,180,2140
3.03441,180,2140
3.04006,180,2140
3.04581,180,2136
3.05157,180,2140
3.05732,180,2140
3.06298,180,2136
3.06873,180,2132
3.07448,180,2132
3.08023,180,2132
3.08589,180,2136
3.09164,180,2136
3.09739,180,2136
3.10305,180,2136
3.1088,180,2140
3.11456,180,2136
3.12031,180,2136
3.12597,180,2140
3.13172,180,2140
3.13747,180,2140
3.14322,180,2140
3.14888,180,2140
3.15463,180,2140
3.16038,180,2144
3.16614,180,2144
3.17179,180,2144
3.17755,180,2140
3.18301,180,2140
3.18876,180,2144
3.19442,180,2144
3.20017,180,2144
3.20592,180,2148
3.21168,180,2148
3.21733,180,2152
3.22309,180,2152
3.22884,180,2156
3.23449,180,2156
3.24025,180,2160
3.246,180,2160
3.25175,180,2160
3.25741,180,2160
3.26316,180,2160
3.26891,180,2164
3.27467,180,2168
3.28032,180,2168
3.28607,180,2172
3.29183,180,2176
3.29758,180,2184
3.30324,180,2184
3.30899,180,2184
3.31474,180,2184
3.3204,180,2188
3.32615,180,2192
3.3319,180,2196
3.33765,180,2196
3.34331,180,2196
3.34906,180,2200
3.35482,180,2204
3.36057,180,2204
3.36594,180,2204
3.37169,180,2208
3.37744,180,2216
3.38319,180,2224
3.38885,180,2228
3.3946,180,2228
3.40036,180,2232
3.40525,180,2240
3.411,180,2244
3.41675,180,2252
3.42241,180,2252
3.42816,180,2256
3.43391,180,2260
3.43938,180,2268
3.44503,180,2272
3.45079,180,2272
3.45654,180,2276
3.46229,180,2284
3.46795,180,2288
3.4737,180,2288
3.47945,180,2296
3.4852,180,2304
3.49086,180,2308
3.49661,180,2312
3.50237,180,2320
3.50802,180,2328
3.51377,180,2332
3.51953,180,2336
3.52528,180,2344
3.53094,180,2352
3.53669,180,2360
3.54244,180,2364
3.54819,180,2368
3.55385,180,2372
3.5596,180,2376
3.56564,180,2384
3.5713,180,2392
3.57705,180,2396
3.5828,180,2404
3.58856,180,2408
3.59421,180,2420
3.59997,180,2428
3.60572,180,2436
3.61137,180,2448
3.61713,180,2452
3.62182,180,2460
3.62748,180,2472
3.63323,180,2480
3.63899,180,2484
3.64474,180,2492
3.65039,180,2504
3.65615,180,2516
3.6619,180,2520
3.66756,180,2528
3.67331,180,2544
3.67906,180,2552
3.68481,180,2564
3.69047,180,2576
3.69622,180,2588
3.70198,180,2596
3.70773,180,2604
3.71338,180,2608
3.71914,180,2616
3.72489,180,2636
3.73064,180,2636
3.7363,180,2616
3.74205,180,2600
3.7478,180,2572
3.75346,180,2544
3.75921,180,2524
3.76496,180,2508
3.77072,180,2500
3.77637,180,2484
3.78213,180,2464
3.78893,180,2436
3.79468,180,2416
3.80044,180,2408
3.80609,180,2396
3.81185,180,2372
3.8176,180,2352
3.82335,180,2348
3.82901,180,2332
3.83476,180,2316
3.84051,180,2296
3.84627,180,2272
3.85192,180,2268
3.85767,180,2256
3.86343,180,2236
3.87023,180,2224
3.87599,180,2212
3.88164,180,2196
3.88739,180,2188
3.89315,180,2172
3.8989,180,2164
3.90456,180,2148
3.91031,180,2124
3.91606,180,2116
3.92172,180,2112
3.92747,180,2100
3.93322,180,2096
3.93898,180,2104
3.94463,180,2120
3.95038,180,2132
3.95614,180,2136
3.96189,180,2120
3.96755,180,2128
3.9733,180,2152
3.97905,180,2136
3.9848,180,2128
3.99046,180,2112
3.99621,180,2096
4.00196,180,2092
4.01424,180,1998
4.02018,180,2030
4.02488,180,2050
4.03168,180,2044
4.03744,180,2036
4.04309,180,2038
4.04885,180,2028
4.0546,180,2006
4.06026,180,1998
4.06601,180,1992
4.07176,180,1988
4.07751,180,1980
4.08317,180,1972
4.08892,180,1964
4.09467,180,1954
4.10043,180,1950
4.10608,180,1946
4.11212,180,1938
4.11788,180,1930
4.12353,180,1924
4.12928,180,1916
4.13504,180,1910
4.14079,180,1900
4.14645,180,1896
4.15325,180,1890
4.15901,180,1878
4.16476,180,1870
4.17051,180,1866
4.17617,180,1864
4.18192,180,1858
4.18767,180,1846
4.19342,180,1842
4.19908,180,1838
4.20483,180,1834
4.21059,180,1828
4.21624,180,1822
4.22199,180,1818
4.22775,180,1812
4.2335,180,1806
4.23916,180,1800
4.2452,180,1792
4.25095,180,1792
4.25661,180,1790
4.26236,180,1782
4.26811,180,1776
4.27386,180,1770
4.27952,180,1768
4.28527,180,1764
4.29102,180,1758
4.29783,180,1756
4.30358,180,1752
4.30924,180,1750
4.31499,180,1742
4.32074,180,1736
4.3265,180,1738
4.33215,180,1740
4.33791,180,1732
4.34366,180,1722
4.34941,180,1720
4.35507,180,1720
4.36082,180,1716
4.36657,180,1712
4.37223,180,1708
4.38402,180,1710
4.417,180,680
4.42275,180,670
4.42927,180,662
4.43503,180,658
4.44068,180,652
4.44759,180,644
4.45324,180,642
4.45899,180,636
4.46475,180,632
4.47155,180,630
4.47731,180,626
4.48296,180,624
4.48872,180,622
4.49447,180,618
4.50128,180,614
4.50703,180,612
4.51268,180,612
4.51844,180,610
4.52419,180,608
4.52994,180,608
4.5356,180,610
4.54135,180,610
4.5471,180,610
4.55286,180,608
4.55851,180,608
4.56426,180,608
4.57002,180,606
4.57596,180,606
4.58171,180,606
4.58747,180,604
4.59312,180,602
4.59887,180,602
4.60463,180,604
4.61038,180,606
4.61604,180,608
4.62179,180,608
4.62754,180,610
4.63329,180,608
4.63895,180,600
4.64557,180,598
4.65017,180,602
4.65592,180,606
4.66158,180,600
4.66848,180,592
4.67308,180,600
4.67883,180,608
4.68449,180,608
4.69024,180,612
4.69599,180,614
4.70175,180,612
4.7074,180,610
4.71316,180,608
4.71891,180,610
4.72466,180,614
4.73032,180,614
4.73607,180,612
4.74182,180,610
4.74748,180,610
4.75323,180,610
4.75898,180,612
4.76474,180,614
4.77039,180,614
4.77614,180,614
4.78075,180,616
4.7865,180,616
4.79225,180,616
4.79906,180,614
4.80366,180,618
4.80941,180,620
4.81517,180,620
4.82092,180,622
4.82657,180,618
4.83233,180,618
4.83808,180,622
4.84383,180,624
4.84949,180,624
4.85524,180,622
4.86099,180,622
4.86665,180,624
4.8724,180,626
4.87815,180,626
4.88391,180,626
4.88956,180,628
4.89532,180,630
4.90107,180,630
4.90682,180,628
4.91219,180,630
4.91718,180,632
4.92283,180,632
4.92858,180,634
4.93434,180,640
4.94009,180,644
4.94575,180,642
4.9515,180,644
4.9561,180,654
4.97307,180,778
4.97882,180,780
4.98448,180,782
4.99023,180,784
4.99598,180,786
5.00164,180,786
5.00739,180,788
5.01314,180,790
5.0189,180,792
5.02379,180,794
5.02954,180,796
5.0352,180,796
5.04066,180,798
5.04641,180,802
5.05217,180,804
5.05782,180,806
5.06357,180,808
5.06933,180,808
5.07508,180,812
5.08074,180,814
5.08649,180,816
5.09138,180,820
5.09713,180,820
5.10288,180,822
5.10854,180,826
5.11429,180,830
5.11976,180,832
5.12551,180,832
5.13126,180,834
5.13692,180,836
5.14296,180,838
5.14871,180,838
5.15437,180,838
5.16012,180,840
5.16587,180,844
5.17076,180,852
5.17651,180,858
5.18217,180,860
5.18792,180,866
5.19368,180,868
5.19972,180,870
5.20537,180,874
5.21112,180,878
5.21601,180,880
5.22177,180,886
5.22752,180,888
5.23318,180,890
5.23893,180,892
5.24468,180,898
5.25062,180,902
5.25638,180,904
5.26213,180,908
5.26788,180,910
5.27277,180,916
5.27852,180,920
5.28418,180,922
5.28993,180,926
5.29569,180,932
5.30144,180,936
5.30738,180,938
5.31313,180,942
5.31774,180,946
5.32378,180,950
5.45848,180,169
5.46442,180,169
5.47785,180,167
5.48571,180,165
5.49146,180,164
5.49913,180,162
5.50594,180,161
5.51169,180,161
5.5185,180,160
5.5253,180,159
5.53182,180,158
5.53863,180,157
5.54659,180,155
5.55224,180,155
5.55915,180,154
5.56567,180,153
5.57247,180,152
5.57928,180,151
5.58503,180,151
5.59184,180,150
5.59941,180,149
5.60545,180,149
5.61197,180,148
5.61801,180,148
5.62453,180,147
5.63249,180,145
5.63901,180,144
5.64505,180,144
5.65157,180,143
5.65943,180,142
5.66518,180,142
5.67199,180,141
5.67774,180,141
5.68455,180,140
5.69136,180,139
5.69903,180,138
5.70468,180,138
5.71159,180,137
5.71724,180,137
5.72405,180,136
5.7298,180,136
5.73555,180,136
5.74342,180,135
5.75022,180,134
5.75598,180,134
5.76278,180,133
5.77045,180,132
5.7762,180,132
5.78186,180,132
5.78876,180,131
5.79442,180,131
5.80238,180,130
5.80803,180,130
5.81379,180,130
5.82059,180,129
5.82635,180,129
5.8343,180,128
5.83996,180,128
5.84571,180,128
5.85252,180,127
5.85827,180,127
5.86403,180,127
5.8716,180,126
5.87764,180,126
5.88339,180,126
5.8902,180,125
5.89585,180,125
5.90161,180,125
5.90928,180,124
5.91503,180,124
5.92097,180,124
5.92749,180,123
5.93353,180,123
5.93929,180,123
5.94494,180,123
5.9507,180,123
5.95836,180,122
5.96431,180,122
5.97006,180,122
5.97773,180,121
5.98339,180,121
5.98914,180,121
5.99518,180,121
6.00093,180,121
6.00774,180,120
6.0134,180,120
6.01915,180,120
6.0249,180,120
6.03065,180,120
6.03852,180,119
6.04427,180,119
6.05002,180,119
6.05568,180,119
6.06143,180,119
6.06718,180,119
6.07284,180,119
6.07888,180,119
6.08463,180,119
6.09029,180,119
6.09796,180,118
6.10371,180,118
6.10965,180,118
6.11732,180,117
6.12308,180,117
6.12883,180,117
6.13449,180,117
6.14052,180,117
6.14628,180,117
6.15193,180,117
6.15769,180,117
6.16344,180,117
6.16919,180,117
6.17514,180,117
6.18089,180,117
6.18664,180,117
6.1923,180,117
6.19805,180,117
6.2038,180,117
6.21061,180,116
6.21636,180,116
6.22202,180,116
6.22777,180,116
6.23381,180,116
6.23947,180,116
6.24522,180,116
6.25097,180,116
6.25672,180,116
6.26238,180,116
6.26813,180,116
6.27417,180,116
6.27983,180,116
0.00373908,0,116
0.00949151,0,116
0.0152439,0,116
0.0209964,0,116
0.0266529,0,116
0.0324053,0,116
0.0384454,0,116
0.0441019,0,116
0.0498544,0,116
0.0556068,0,116
0.0613592,0,116
0.0673034,0,116
0.0730558,0,116
0.0788083,0,116
0.0834102,0,117
0.0891626,0,117
0.0948192,0,117
0.100859,0,117
0.106612,0,117
0.112268,0,117
0.118021,0,117
0.123773,0,117
0.129525,0,117
0.135182,0,117
0.140934,0,117
0.146687,0,117
0.152439,0,117
0.156178,0,118
0.161931,0,118
0.167683,0,118
0.173436,0,118
0.179092,0,118
0.185132,0,118
0.190885,0,118
0.196541,0,118
0.200376,0,119
0.206129,0,119
0.211881,0,119
0.217538,0,119
0.22329,0,119
0.229043,0,119
0.234795,0,119
0.238534,0,120
0.291456,0,105
0.297209,0,105
0.30507,0,104
0.31274,0,103
0.318493,0,103
0.324245,0,103
0.329902,0,103
0.338914,0,102
0.344666,0,102
0.350419,0,102
0.356075,0,102
0.361828,0,102
0.36758,0,102
0.370265,0,103
0.378989,0,102
0.384742,0,102
0.387426,0,103
0.393466,0,103
0.399218,0,103
0.404971,0,103
0.410627,0,103
0.41638,0,103
0.420215,0,104
0.425967,0,104
0.431624,0,104
0.437376,0,104
0.441211,0,105
0.446964,0,105
0.45262,0,105
0.455401,0,106
0.461057,0,106
0.46681,0,106
0.472562,0,106
0.476397,0,107
0.482053,0,107
0.487806,0,107
0.491641,0,108
0.497393,0,108
0.503146,0,108
0.506885,0,109
0.512637,0,109
0.51839,0,109
0.521937,0,110
0.527881,0,110
0.533634,0,110
0.537181,0,111
0.542933,0,111
0.546768,0,112
0.552425,0,112
0.55626,0,113
0.562012,0,113
0.565847,0,114
0.571504,0,114
0.575051,0,115
0.580803,0,115
0.584638,0,116
0.590391,0,116
0.594993,0,117
0.600745,0,117
0.606498,0,117
0.610237,0,118
0.615989,0,118
0.621742,0,118
0.625577,0,119
0.629316,0,120
0.635068,0,120
0.640821,0,120
0.645422,0,121
0.651175,0,121
0.65501,0,122
0.660762,0,122
0.664501,0,123
0.680608,0,124
0.720971,0,140
0.725669,0,141
0.741967,0,142
0.849729,0,179
0.861138,0,179
0.866891,0,179
0.877245,0,180
0.886833,0,183
0.89364,0,182
0.901214,0,179
0.908117,0,178
0.915691,0,175
0.921443,0,175
0.932852,0,175
1.14205,0,290
1.14665,0,293
1.15355,0,292
1.15921,0,291
1.16496,0,291
1.17071,0,291
1.17637,0,292
1.18212,0,291
1.18788,0,290
1.19468,0,288
1.20044,0,289
1.20504,0,292
1.25854,0,305
1.27023,0,306
1.2757,0,359
1.30408,0,437
1.30973,0,435
1.31548,0,435
1.32124,0,439
1.32613,0,444
1.33073,0,451
1.364,0,520
1.37464,0,534
1.43849,0,586
1.49113,0,584
1.52516,0,582
1.53091,0,580
1.53667,0,582
1.54242,0,580
1.56533,0,578
1.57099,0,578
1.57674,0,580
1.58249,0,580
1.58825,0,580
1.5939,0,580
1.61106,0,580
1.62257,0,580
1.62832,0,580
1.63398,0,580
1.63973,0,580
1.64548,0,580
1.65123,0,580
1.65689,0,582
1.66264,0,582
1.6684,0,582
1.6798,0,582
1.69677,0,584
1.71394,0,584
1.71969,0,584
1.7311,0,584
1.74749,0,588
2.00683,0,498
2.01258,0,496
2.01824,0,495
2.02399,0,493
2.02974,0,495
2.04691,0,500
2.11919,0,700
2.13147,0,680
2.13636,0,686
2.40873,0,910
2.41372,0,914
2.41938,0,920
2.42513,0,930
2.43088,0,938
2.43663,0,944
2.45264,0,958
2.45322,0,2740
2.46003,0,2712
2.46578,0,2692
2.47153,0,2676
2.47719,0,2648
2.48294,0,2628
2.48869,0,2624
2.49444,0,2616
2.5001,0,2612
2.50585,0,2600
2.51161,0,2588
2.51736,0,2576
2.52301,0,2568
2.52877,0,2556
2.53452,0,2544
2.54027,0,2532
2.54593,0,2524
2.55168,0,2520
2.55743,0,2508
2.56309,0,2500
2.56884,0,2492
2.57459,0,2484
2.58035,0,2476
2.586,0,2464
2.59262,0,2456
2.59828,0,2452
2.60403,0,2444
2.60978,0,2432
2.61553,0,2420
2.62119,0,2412
2.62694,0,2408
2.63269,0,2396
2.63845,0,2392
2.6441,0,2384
2.64986,0,2380
2.65561,0,2376
2.66126,0,2368
2.66702,0,2364
2.67277,0,2356
2.67852,0,2348
2.68418,0,2344
2.68993,0,2336
2.69568,0,2332
2.70144,0,2328
2.70709,0,2320
2.71285,0,2316
2.7186,0,2308
2.72435,0,2300
2.73001,0,2292
2.73576,0,2288
2.74151,0,2284
2.74717,0,2280
2.75292,0,2276
2.75867,0,2276
2.76443,0,2272
2.77008,0,2268
2.77583,0,2264
2.78159,0,2256
2.78734,0,2252
2.793,0,2248
2.79875,0,2244
2.8045,0,2236
2.81131,0,2232
2.81706,0,2232
2.82272,0,2228
2.82847,0,2224
2.83422,0,2216
2.83997,0,2212
2.84563,0,2208
2.85138,0,2204
2.85714,0,2200
2.86279,0,2200
2.86854,0,2196
2.8743,0,2192
2.88005,0,2188
2.88571,0,2188
2.89146,0,2188
2.89721,0,2180
2.90296,0,2180
2.90862,0,2176
2.91437,0,2172
2.92012,0,2172
2.92588,0,2168
2.93153,0,2164
2.93729,0,2164
2.94304,0,2160
2.94869,0,2156
2.95445,0,2160
2.9602,0,2156
2.96595,0,2156
2.97161,0,2152
2.97736,0,2148
2.98311,0,2148
2.98887,0,2148
2.99452,0,2144
3.00027,0,2144
3.00603,0,2144
3.01178,0,2144
3.01744,0,2140
3.02319,0,2136
3.02894,0,2140
3.0346,0,2140
3.04035,0,2136
3.0461,0,2140
3.05185,0,2140
3.05751,0,2136
3.06326,0,2136
3.06902,0,2132
3.07477,0,2136
3.08043,0,2136
3.08618,0,2136
3.09193,0,2136
3.09768,0,2136
3.10334,0,2136
3.10909,0,2136
3.11484,0,2136
3.12031,0,2136
3.12597,0,2136
3.13172,0,2136
3.13747,0,2136
3.14322,0,2136
3.14888,0,2136
3.15463,0,2136
3.16038,0,2136
3.16614,0,2136
3.17179,0,2140
3.17755,0,2140
3.1833,0,2140
3.18895,0,2144
3.19471,0,2144
3.20046,0,2144
3.20621,0,2148
3.21187,0,2148
3.21762,0,2144
3.22337,0,2148
3.22913,0,2148
3.23478,0,2152
3.24053,0,2156
3.24629,0,2156
3.25204,0,2160
3.2577,0,2156
3.26345,0,2160
3.2692,0,2160
3.27486,0,2164
3.28061,0,2164
3.28636,0,2168
3.29211,0,2176
3.29777,0,2176
3.30324,0,2180
3.30899,0,2180
3.31474,0,2184
3.3204,0,2188
3.32615,0,2192
3.3319,0,2192
3.33765,0,2192
3.34331,0,2196
3.34906,0,2200
3.35482,0,2204
3.36057,0,2204
3.36623,0,2204
3.37198,0,2208
3.37773,0,2212
3.38348,0,2220
3.38914,0,2224
3.39489,0,2224
3.40064,0,2228
3.40525,0,2236
3.411,0,2240
3.41675,0,2244
3.42241,0,2244
3.42816,0,2252
3.43391,0,2256
3.43957,0,2264
3.44532,0,2268
3.45107,0,2268
3.45683,0,2272
3.46248,0,2284
3.46823,0,2284
3.47399,0,2284
3.47974,0,2288
3.4854,0,2292
3.49115,0,2296
3.4969,0,2308
3.50265,0,2308
3.50831,0,2316
3.51406,0,2328
3.51981,0,2332
3.52547,0,2340
3.53122,0,2348
3.53698,0,2352
3.54273,0,2360
3.54839,0,2364
3.55414,0,2368
3.5596,0,2376
3.56535,0,2380
3.57111,0,2384
3.57676,0,2392
3.58252,0,2400
3.58827,0,2404
3.59393,0,2408
3.59968,0,2420
3.60543,0,2432
3.61118,0,2440
3.61684,0,2452
3.62288,0,2456
3.62748,0,2464
3.63323,0,2472
3.63899,0,2472
3.64474,0,2484
3.65039,0,2500
3.65615,0,2508
3.6619,0,2512
3.66756,0,2524
3.67331,0,2528
3.67906,0,2524
3.68481,0,2536
3.69047,0,2560
3.69622,0,2580
3.70198,0,2588
3.70773,0,2596
3.71338,0,2604
3.71914,0,2612
3.72518,0,2620
3.73083,0,2628
3.73659,0,2624
3.74234,0,2624
3.74809,0,2612
3.7595,0,2672
3.76525,0,2636
3.77091,0,2616
3.77666,0,2596
3.78241,0,2576
3.78817,0,2556
3.79382,0,2528
3.79957,0,2516
3.80533,0,2508
3.81108,0,2492
3.81674,0,2472
3.82354,0,2448
3.8293,0,2424
3.83505,0,2420
3.8408,0,2408
3.84646,0,2392
3.85221,0,2368
3.85796,0,2348
3.86371,0,2328
3.86937,0,2320
3.87512,0,2312
3.88088,0,2296
3.88663,0,2280
3.89228,0,2268
3.89804,0,2260
3.90379,0,2244
3.9106,0,2228
3.91635,0,2216
3.92201,0,2204
3.92776,0,2188
3.93351,0,2180
3.93926,0,2172
3.94492,0,2156
3.95067,0,2144
3.95642,0,2136
3.96208,0,2140
3.96783,0,2148
3.97359,0,2160
3.97934,0,2176
3.98499,0,2152
4.00225,0,2168
4.00791,0,2160
4.01366,0,2148
4.01941,0,2140
4.02517,0,2132
4.03657,0,2112
4.04338,0,2036
4.04913,0,2044
4.05374,0,2060
4.06054,0,2048
4.0663,0,2036
4.07205,0,2032
4.0777,0,2034
4.08346,0,2028
4.08921,0,2016
4.09496,0,2008
4.10062,0,1992
4.10637,0,1988
4.11212,0,1980
4.11788,0,1970
4.12353,0,1964
4.12928,0,1952
4.13504,0,1950
4.14098,0,1946
4.14673,0,1942
4.15249,0,1930
4.15824,0,1918
4.1639,0,1918
4.16965,0,1914
4.1754,0,1918
4.18115,0,1906
4.18681,0,1902
4.19256,0,1894
4.19937,0,1878
4.20512,0,1870
4.21087,0,1866
4.21653,0,1866
4.22228,0,1858
4.22803,0,1858
4.23379,0,1856
4.23944,0,1856
4.2452,0,1850
4.25095,0,1846
4.25661,0,1840
4.26236,0,1838
4.26811,0,1828
4.27405,0,1824
4.27981,0,1820
4.28556,0,1820
4.29131,0,1816
4.29697,0,1812
4.30272,0,1810
4.30847,0,1802
4.31423,0,1796
4.31988,0,1792
4.32563,0,1790
4.33139,0,1786
4.33714,0,1784
4.3428,0,1784
4.34855,0,1782
4.3543,0,1780
4.35996,0,1778
4.366,0,1770
4.37175,0,1768
4.3775,0,1764
4.38316,0,1760
4.40118,0,1752
4.4334,0,690
4.43992,0,682
4.44586,0,676
4.45161,0,672
4.45736,0,668
4.46388,0,662
4.46964,0,660
4.47539,0,658
4.48105,0,654
4.48709,0,654
4.49284,0,650
4.49849,0,648
4.50425,0,648
4.51,0,648
4.51652,0,646
4.52227,0,644
4.52831,0,642
4.53397,0,642
4.53972,0,640
4.54547,0,640
4.55113,0,642
4.55688,0,642
4.56263,0,640
4.56839,0,638
4.57404,0,640
4.5798,0,638
4.58555,0,636
4.5913,0,638
4.59696,0,642
4.60271,0,642
4.60846,0,638
4.61421,0,632
4.62102,0,630
4.62591,0,634
4.63166,0,634
4.63732,0,634
4.64394,0,628
4.64959,0,620
4.65563,0,624
4.66138,0,628
4.66704,0,624
4.67279,0,616
4.68315,0,638
4.6889,0,638
4.69465,0,636
4.70031,0,638
4.70606,0,642
4.7121,0,642
4.71776,0,640
4.72351,0,638
4.72926,0,640
4.73502,0,644
4.74067,0,644
4.74642,0,642
4.75218,0,642
4.75793,0,640
4.76359,0,636
4.76934,0,636
4.77509,0,636
4.78075,0,636
4.7865,0,636
4.79225,0,636
4.798,0,640
4.80366,0,642
4.80941,0,638
4.81517,0,636
4.82092,0,636
4.82657,0,636
4.83233,0,638
4.83808,0,638
4.84402,0,638
4.84978,0,638
4.85553,0,640
4.86128,0,642
4.86694,0,646
4.87164,0,648
4.87729,0,654
4.8888,0,658
4.91852,0,642
4.92427,0,640
4.92993,0,640
4.93568,0,636
4.94143,0,634
4.94718,0,634
4.95284,0,632
4.95859,0,632
4.9654,0,628
4.97115,0,628
4.9769,0,630
4.98256,0,628
4.98831,0,628
4.99407,0,628
4.99982,0,628
5.00548,0,628
5.01123,0,626
5.01698,0,628
5.02187,0,634
5.02839,0,630
5.03414,0,626
5.03989,0,626
5.04584,0,624
5.05159,0,624
5.05734,0,624
5.063,0,626
5.06875,0,626
5.0745,0,626
5.08026,0,626
5.08591,0,626
5.09167,0,626
5.09742,0,628
5.10317,0,628
5.10883,0,630
5.11352,0,632
5.11918,0,634
5.12522,0,636
5.13097,0,640
5.13663,0,642
5.14238,0,644
5.14814,0,646
5.15274,0,648
5.15849,0,650
5.16424,0,652
5.1699,0,654
5.17565,0,656
5.1814,0,656
5.18716,0,658
5.19281,0,658
5.19857,0,660
5.20461,0,660
5.21026,0,662
5.21601,0,664
5.22177,0,664
5.22637,0,666
5.23212,0,666
5.23787,0,668
5.24353,0,670
5.24928,0,670
5.25503,0,672
5.26079,0,674
5.26644,0,674
5.27248,0,676
5.27824,0,678
5.28389,0,678
5.28965,0,680
5.2954,0,682
5.30029,0,684
5.30604,0,686
5.31179,0,688
5.31745,0,694
5.43202,0,175
5.43882,0,174
5.44563,0,173
5.45244,0,171
5.45905,0,170
5.46586,0,169
5.47267,0,168
5.48024,0,166
5.48714,0,165
5.4928,0,165
5.49961,0,163
5.50651,0,162
5.51332,0,161
5.51984,0,160
5.52665,0,159
5.53345,0,158
5.54026,0,157
5.54601,0,157
5.55368,0,155
5.56049,0,154
5.5673,0,153
5.57305,0,153
5.57985,0,152
5.58666,0,151
5.59241,0,151
5.59922,0,150
5.60795,0,148
5.61447,0,147
5.62051,0,147
5.62616,0,147
5.63383,0,145
5.63958,0,145
5.64639,0,144
5.6532,0,143
5.65895,0,143
5.66681,0,142
5.67333,0,141
5.67937,0,141
5.68589,0,140
5.6927,0,139
5.69845,0,139
5.7042,0,139
5.71322,0,137
5.71887,0,137
5.72462,0,137
5.73143,0,136
5.73718,0,136
5.74485,0,135
5.75051,0,135
5.75732,0,134
5.76422,0,133
5.76988,0,133
5.77783,0,132
5.78349,0,132
5.79039,0,131
5.79605,0,131
5.8018,0,131
5.80947,0,130
5.81542,0,130
5.82203,0,129
5.82798,0,129
5.83373,0,129
5.8414,0,128
5.84706,0,128
5.85386,0,127
5.85961,0,127
5.86565,0,127
5.87323,0,126
5.87898,0,126
5.88579,0,125
5.89154,0,125
5.89729,0,125
5.90295,0,125
5.91091,0,124
5.91666,0,124
5.92232,0,124
5.92807,0,124
5.93488,0,123
5.94063,0,123
5.94657,0,123
5.95232,0,123
5.95999,0,122
5.96575,0,122
5.97169,0,122
5.97936,0,121
5.98511,0,121
5.99077,0,121
5.99652,0,121
6.00256,0,121
6.00822,0,121
6.01483,0,120
6.02078,0,120
6.02653,0,120
6.03228,0,120
6.03794,0,120
6.04561,0,119
6.05165,0,119
6.05731,0,119
6.06306,0,119
6.06881,0,119
6.07456,0,119
6.08022,0,119
6.08818,0,118
6.09383,0,118
6.09959,0,118
6.10534,0,118
6.11109,0,118
6.11675,0,118
6.1225,0,118
6.13046,0,117
6.13612,0,117
6.14187,0,117
6.14762,0,117
6.15337,0,117
6.15903,0,117
6.16507,0,117
6.17082,0,117
6.17648,0,117
6.18223,0,117
6.18798,0,117
6.19374,0,117
6.20054,0,116
6.20514,0,117
6.21195,0,116
6.2177,0,116
6.22346,0,116
6.2294,0,116
6.23515,0,116
6.2409,0,116
6.24656,0,116
6.25231,0,116
6.25807,0,116
6.26382,0,116
6.26948,0,116
6.27552,0,116
6.28127,0,116
0.0040267,180,116
0.00977913,180,116
0.0155316,180,116
0.0211881,180,116
0.0272282,180,116
0.0329806,180,116
0.0386371,180,116
0.0443896,180,116
0.050142,180,116
0.0558944,180,116
0.061551,180,116
0.0631808,180,116
0.0689333,180,116
0.0749733,180,116
0.0806299,180,116
0.0853277,180,117
0.0910801,180,117
0.0967367,180,117
0.102489,180,117
0.108242,180,117
0.113898,180,117
0.119938,180,117
0.125691,180,117
0.131443,180,117
0.1371,180,117
0.142852,180,117
0.148604,180,117
0.152439,180,118
0.158096,180,118
0.163848,180,118
0.169601,180,118
0.175257,180,118
0.18101,180,118
0.186762,180,118
0.245629,180,103
0.254353,180,102
0.260106,180,102
0.265858,180,102
0.27161,180,102
0.279184,180,101
0.284937,180,101
0.290977,180,101
0.296634,180,101
0.302386,180,101
0.308138,180,101
0.313795,180,101
0.319547,180,101
0.3253,180,101
0.329135,180,102
0.334791,180,102
0.340544,180,102
0.346296,180,102
0.352049,180,102
0.354733,180,103
0.360485,180,103
0.366238,180,103
0.371894,180,103
0.377935,180,103
0.383687,180,103
0.387234,180,104
0.392891,180,104
0.398643,180,104
0.402478,180,105
0.41964,180,105
0.420502,180,107
0.424242,180,108
0.428077,180,109
0.439006,180,129
0.446964,180,128
0.45262,180,128
0.456455,180,129
0.461057,180,130
0.46681,180,130
0.472562,180,130
0.476397,180,131
0.482053,180,131
0.487039,180,132
0.492695,180,132
0.498448,180,132
0.502283,180,133
0.508035,180,133
0.513692,180,133
0.51839,180,134
0.524142,180,134
0.529032,180,135
0.534688,180,135
0.538523,180,136
0.544276,180,136
0.550028,180,136
0.55463,180,137
0.559519,180,138
0.565272,180,138
0.571024,180,138
0.574859,180,139
0.580516,180,139
0.586268,180,139
0.59087,180,140
0.595856,180,141
0.601512,180,141
0.60621,180,142
0.611867,180,142
0.615702,180,143
0.621454,180,143
0.626056,180,144
0.631808,180,144
0.636698,180,145
0.64245,180,145
0.647052,180,146
0.652805,180,146
0.657407,180,147
0.662392,180,148
0.668049,180,148
0.678403,180,149
0.68799,180,150
0.692592,180,151
0.708987,180,152
0.712822,180,154
0.717424,180,155
0.723176,180,155
0.728929,180,155
0.735736,180,154
0.740337,180,155
0.74609,180,155
0.751842,180,155
0.757499,180,155
0.763251,180,155
0.768141,180,156
0.771688,180,158
0.776578,180,159
0.780413,180,161
0.787028,180,160
0.804189,180,160
0.836595,180,162
0.84043,180,164
0.846182,180,165
0.850784,180,166
0.871013,180,169
0.886257,180,165
0.890859,180,166
0.895845,180,167
0.899584,180,169
0.916266,180,184
0.921155,180,186
0.925757,180,187
0.930743,180,189
0.935345,180,190
0.940234,180,192
0.944932,180,193
0.949534,180,195
0.954424,180,196
0.959026,180,197
0.964011,180,199
0.968613,180,201
0.973215,180,203
0.97705,180,205
0.993444,180,207
1.12239,180,265
1.1385,180,287
1.1431,180,291
1.1478,180,294
1.22086,180,232
1.24406,180,323
2.13636,180,517
2.14288,180,505
2.14863,180,502
2.15438,180,502
2.1609,180,501
2.17729,180,503
2.40087,180,2896
2.40634,180,2844
2.41209,180,2832
2.41775,180,2808
2.4235,180,2784
2.42925,180,2768
2.435,180,2752
2.44066,180,2748
2.44641,180,2740
2.45322,180,2732
2.45897,180,2712
2.46444,180,2692
2.47009,180,2688
2.47585,180,2672
2.4816,180,2652
2.48735,180,2636
2.49301,180,2632
2.49876,180,2628
2.50451,180,2616
2.51026,180,2608
2.51592,180,2592
2.52167,180,2588
2.52743,180,2584
2.53318,180,2568
2.53883,180,2548
2.54459,180,2544
2.55034,180,2540
2.5558,180,2524
2.56146,180,2508
2.56721,180,2500
2.57297,180,2492
2.57872,180,2484
2.58437,180,2484
2.59013,180,2472
2.59693,180,2456
2.60269,180,2456
2.60815,180,2444
2.6139,180,2432
2.61956,180,2432
2.62531,180,2424
2.63106,180,2408
2.63672,180,2400
2.64247,180,2392
2.64823,180,2384
2.65398,180,2380
2.65964,180,2376
2.66539,180,2372
2.67114,180,2368
2.67689,180,2360
2.68255,180,2352
2.6883,180,2348
2.69405,180,2340
2.69981,180,2336
2.70546,180,2328
2.71093,180,2320
2.71668,180,2312
2.72243,180,2304
2.72809,180,2300
2.73384,180,2296
2.73959,180,2292
2.74535,180,2288
2.751,180,2284
2.75676,180,2280
2.76251,180,2276
2.76816,180,2268
2.77392,180,2268
2.77967,180,2264
2.78542,180,2260
2.79108,180,2252
2.79683,180,2248
2.80258,180,2244
2.80834,180,2240
2.81485,180,2232
2.82061,180,2228
2.82626,180,2224
2.83202,180,2220
2.83777,180,2216
2.84352,180,2212
2.84918,180,2212
2.85493,180,2208
2.86068,180,2204
2.86634,180,2196
2.87209,180,2192
2.87784,180,2192
2.88331,180,2188
2.88906,180,2188
2.89472,180,2188
2.90047,180,2184
2.90622,180,2180
2.91188,180,2180
2.91763,180,2176
2.92338,180,2172
2.92914,180,2168
2.93479,180,2168
2.94055,180,2164
2.9463,180,2160
2.95205,180,2156
2.95771,180,2156
2.96346,180,2156
2.96921,180,2156
2.97496,180,2152
2.98062,180,2148
2.98637,180,2148
2.99184,180,2148
2.99759,180,2148
3.00325,180,2148
3.009,180,2144
3.01475,180,2144
3.0205,180,2140
3.02616,180,2136
3.03191,180,2140
3.03767,180,2140
3.04342,180,2140
3.04907,180,2140
3.05483,180,2136
3.06058,180,2136
3.06624,180,2136
3.07199,180,2136
3.07774,180,2136
3.08349,180,2136
3.08915,180,2136
3.0949,180,2132
3.10037,180,2136
3.10612,180,2132
3.11178,180,2132
3.11753,180,2136
3.12328,180,2132
3.12903,180,2136
3.13469,180,2136
3.14044,180,2136
3.14619,180,2136
3.15195,180,2132
3.1576,180,2136
3.16336,180,2136
3.16911,180,2140
3.17486,180,2140
3.18052,180,2140
3.18627,180,2140
3.19202,180,2140
3.19768,180,2140
3.20343,180,2144
3.20918,180,2144
3.21494,180,2140
3.2204,180,2144
3.22606,180,2148
3.23181,180,2152
3.23756,180,2152
3.24322,180,2152
3.24897,180,2152
3.25472,180,2156
3.26048,180,2156
3.26613,180,2160
3.27189,180,2160
3.27764,180,2164
3.28339,180,2168
3.28905,180,2168
3.2948,180,2172
3.30055,180,2176
3.3063,180,2176
3.31196,180,2180
3.31771,180,2180
3.32318,180,2184
3.32893,180,2188
3.33459,180,2192
3.34034,180,2192
3.34609,180,2192
3.35184,180,2196
3.3575,180,2204
3.36325,180,2204
3.36901,180,2208
3.37476,180,2208
3.38041,180,2212
3.38617,180,2220
3.39192,180,2224
3.39758,180,2220
3.40333,180,2224
3.40908,180,2232
3.41368,180,2236
3.41944,180,2240
3.42519,180,2248
3.43084,180,2252
3.4366,180,2256
3.44235,180,2260
3.4481,180,2264
3.45376,180,2264
3.45951,180,2272
3.46526,180,2276
3.47101,180,2280
3.47638,180,2284
3.48214,180,2288
3.48789,180,2292
3.49364,180,2296
3.4993,180,2304
3.50505,180,2316
3.5108,180,2308
3.51656,180,2312
3.52221,180,2328
3.52796,180,2328
3.53372,180,2336
3.53947,180,2348
3.54513,180,2352
3.55088,180,2360
3.55663,180,2364
3.56229,180,2368
3.56804,180,2376
3.57379,180,2380
3.57954,180,2388
3.58501,180,2392
3.59067,180,2400
3.59642,180,2408
3.60217,180,2416
3.60792,180,2428
3.61358,180,2436
3.61933,180,2440
3.62508,180,2448
3.63074,180,2456
3.63544,180,2464
3.64119,180,2472
3.64685,180,2484
3.6526,180,2492
3.65835,180,2496
3.66401,180,2504
3.66976,180,2512
3.67551,180,2524
3.68127,180,2524
3.68692,180,2536
3.69268,180,2556
3.69843,180,2568
3.70418,180,2580
3.70984,180,2588
3.71559,180,2596
3.72134,180,2608
3.72709,180,2616
3.73275,180,2624
3.7385,180,2624
3.74426,180,2632
3.74991,180,2644
3.75566,180,2660
3.76142,180,2676
3.76717,180,2692
3.77283,180,2700
3.77858,180,2704
3.78433,180,2720
3.79008,180,2720
3.79574,180,2724
3.80149,180,2728
3.80724,180,2700
3.813,180,2672
3.81865,180,2656
3.82441,180,2648
3.83016,180,2636
3.83581,180,2616
3.84157,180,2588
3.84732,180,2564
3.85307,180,2548
3.85873,180,2532
3.86448,180,2524
3.87023,180,2512
3.87599,180,2496
3.88164,180,2472
3.88845,180,2448
3.8942,180,2436
3.89995,180,2428
3.90571,180,2416
3.91136,180,2408
3.91712,180,2396
3.92287,180,2376
3.92862,180,2364
3.93428,180,2344
3.94003,180,2328
3.94578,180,2320
3.95153,180,2316
3.95719,180,2300
3.96294,180,2284
3.9687,180,2268
3.97435,180,2252
3.9801,180,2244
3.98586,180,2236
3.99238,180,2224
3.99813,180,2220
4.00388,180,2228
4.00877,180,2240
4.01452,180,2252
4.02018,180,2268
4.02593,180,2256
4.03168,180,2260
4.03744,180,2272
4.04309,180,2260
4.04885,180,2248
4.0546,180,2236
4.06141,180,2232
4.06716,180,2220
4.07857,180,2124
4.08432,180,2128
4.08998,180,2152
4.09573,180,2144
4.10148,180,2128
4.10723,180,2136
4.11289,180,2136
4.11864,180,2112
4.12439,180,2100
4.13015,180,2100
4.1358,180,2084
4.14156,180,2084
4.14731,180,2076
4.15306,180,2064
4.15872,180,2056
4.16533,180,2048
4.17099,180,2044
4.17674,180,2036
4.18249,180,2024
4.18815,180,2028
4.1939,180,2024
4.19966,180,2018
4.20541,180,2008
4.21106,180,1996
4.21682,180,1998
4.22257,180,1992
4.22832,180,1988
4.23398,180,1978
4.23973,180,1974
4.24548,180,1968
4.25124,180,1964
4.25689,180,1958
4.26264,180,1946
4.26868,180,1952
4.27434,180,1946
4.28009,180,1944
4.28585,180,1936
4.2916,180,1932
4.29726,180,1928
4.30301,180,1920
4.30876,180,1914
4.31442,180,1908
4.32017,180,1906
4.32592,180,1902
4.33167,180,1898
4.33733,180,1894
4.34308,180,1896
4.34989,180,1890
4.35564,180,1890
4.36139,180,1886
4.36705,180,1884
4.3728,180,1878
4.37856,180,1878
4.38431,180,1876
4.38997,180,1870
4.39572,180,1866
4.40147,180,1864
4.40722,180,1862
4.41288,180,1858
4.41863,180,1856
4.42438,180,1854
4.43014,180,1850
4.43579,180,1844
4.44155,180,1842
4.4473,180,1840
4.45295,180,1840
4.45871,180,1836
4.46446,180,1832
4.4704,180,1832
4.47616,180,1830
4.48191,180,1826
4.49332,180,1826
4.52639,180,696
4.53205,180,698
4.5378,180,698
4.54356,180,698
4.54931,180,696
4.55496,180,696
4.56072,180,696
4.56647,180,696
4.57213,180,696
4.57788,180,696
4.58363,180,696
4.58938,180,696
4.59504,180,694
4.60079,180,694
4.60654,180,694
4.6123,180,694
4.61795,180,694
4.62371,180,694
4.62946,180,694
4.63521,180,696
4.64087,180,696
4.64662,180,696
4.65237,180,696
4.65803,180,696
4.66407,180,696
4.66982,180,696
4.67557,180,698
4.68123,180,698
4.68698,180,698
4.69273,180,700
4.69839,180,700
4.70414,180,700
4.7099,180,700
4.71565,180,700
4.72131,180,702
4.72706,180,702
4.73166,180,704
4.73741,180,704
4.74345,180,704
4.7492,180,704
4.75486,180,704
4.76061,180,706
4.76637,180,708
4.77202,180,708
4.77777,180,706
4.78353,180,706
4.78928,180,708
4.79494,180,708
4.80069,180,706
4.8075,180,702
4.81325,180,702
4.819,180,700
4.82466,180,700
4.83041,180,698
4.83616,180,698
4.84191,180,696
4.84757,180,696
4.85332,180,692
4.85908,180,686
4.86483,180,684
4.87048,180,688
4.87624,180,694
4.88199,180,690
4.8888,180,682
4.89455,180,678
4.90021,180,678
4.90596,180,676
4.91171,180,676
4.91746,180,674
4.92312,180,672
4.92887,180,670
4.93462,180,666
4.94143,180,662
4.94718,180,658
4.95284,180,656
4.95859,180,654
4.96435,180,652
4.9701,180,652
4.97575,180,650
4.98151,180,650
4.98726,180,650
4.99292,180,650
4.99867,180,650
5.00442,180,648
5.01123,180,646
5.01612,180,648
5.02264,180,646
5.02839,180,640
5.03414,180,638
5.03989,180,636
5.04555,180,636
5.0513,180,644
5.05619,180,652
5.06194,180,654
5.0677,180,656
5.07345,180,658
5.07911,180,660
5.08486,180,662
5.08975,180,666
5.0955,180,668
5.10125,180,670
5.10691,180,674
5.11266,180,676
5.11841,180,678
5.12417,180,680
5.12982,180,682
5.13481,180,684
5.14047,180,686
5.14622,180,688
5.15197,180,690
5.15763,180,688
5.16338,180,688
5.16913,180,688
5.17488,180,688
5.18054,180,690
5.18629,180,692
5.19205,180,694
5.1978,180,694
5.20345,180,692
5.20921,180,690
5.21496,180,688
5.22071,180,688
5.22637,180,690
5.23212,180,690
5.23787,180,692
5.24353,180,692
5.24957,180,694
5.25532,180,698
5.25992,180,708
5.26568,180,718
5.27143,180,720
5.27709,180,722
5.28773,180,728
5.39137,180,184
5.39817,180,183
5.40498,180,182
5.4116,180,180
5.42416,180,179
5.44237,180,177
5.45196,180,173
5.45877,180,171
5.46557,180,170
5.47209,180,169
5.4789,180,168
5.48657,180,166
5.49338,180,165
5.49913,180,164
5.50594,180,163
5.51926,180,161
5.52607,180,160
5.53288,180,159
5.53949,180,158
5.5463,180,157
5.55311,180,156
5.56672,180,154
5.57324,180,153
5.58014,180,152
5.58695,180,151
5.59376,180,150
5.59941,180,150
5.60708,180,149
5.61389,180,148
5.61964,180,148
5.62645,180,147
5.63326,180,146
5.64006,180,145
5.64668,180,144
5.65234,180,144
5.65914,180,143
5.6671,180,142
5.67362,180,141
5.67966,180,141
5.68618,180,140
5.69222,180,140
5.69874,180,139
5.7066,180,138
5.71235,180,138
5.71916,180,137
5.72491,180,137
5.73172,180,136
5.73939,180,135
5.74505,180,135
5.75195,180,134
5.75761,180,134
5.76336,180,134
5.7694,180,134
5.77812,180,132
5.78464,180,131
5.79059,180,131
5.79634,180,131
5.80209,180,131
5.80976,180,130
5.81542,180,130
5.82146,180,130
5.82798,180,129
5.83593,180,128
5.84159,180,128
5.84734,180,128
5.8531,180,128
5.8599,180,127
5.86565,180,127
5.87131,180,127
5.87927,180,126
5.88502,180,126
5.89068,180,126
5.89748,180,125
5.90324,180,125
5.91119,180,124
5.91685,180,124
5.9226,180,124
5.92836,180,124
5.93516,180,123
5.94092,180,123
5.94657,180,123
5.95453,180,122
5.96028,180,122
5.96594,180,122
5.97169,180,122
5.97744,180,122
5.98531,180,121
5.99106,180,121
5.99681,180,121
6.00256,180,121
6.00822,180,121
6.01503,180,120
6.02078,180,120
6.02682,180,120
6.03248,180,120
6.03823,180,120
6.0459,180,119
6.05165,180,119
6.05759,180,119
6.06335,180,119
6.0691,180,119
6.07476,180,119
6.08271,180,118
6.08847,180,118
6.09412,180,118
6.09987,180,118
6.10563,180,118
6.11138,180,118
6.11704,180,118
6.12308,180,118
6.12883,180,118
6.1364,180,117
6.14216,180,117
6.14791,180,117
6.15385,180,117
6.1596,180,117
6.16536,180,117
6.17101,180,117
6.17677,180,117
6.18252,180,117
6.18827,180,117
6.19508,180,116
6.20073,180,116
6.20649,180,116
6.21138,180,117
6.21828,180,116
6.22394,180,116
6.22969,180,116
6.23544,180,116
6.2411,180,116
6.24685,180,116
6.2526,180,116
6.25835,180,116
6.2643,180,116
6.27005,180,116
6.2758,180,116
6.28146,180,116
0.0018216,0,116
0.00757403,0,116
0.0133265,0,116
0.0190789,0,116
0.0247354,0,116
0.0304879,0,116
0.0362403,0,116
0.0419927,0,116
0.0476493,0,116
0.0534017,0,116
0.0591541,0,116
0.0624138,0,116
0.0681663,0,116
0.0738228,0,116
0.0795753,0,116
0.0853277,0,116
0.0899296,0,117
0.0956821,0,117
0.101434,0,117
0.107091,0,117
0.112843,0,117
0.118596,0,117
0.124348,0,117
0.130005,0,117
0.135757,0,117
0.152919,0,117
0.208046,0,118
0.211881,0,119
0.215141,0,103
0.219455,0,118
0.225208,0,118
0.229043,0,119
0.234795,0,119
0.240451,0,119
0.246204,0,119
0.249751,0,120
0.255504,0,120
0.26116,0,120
0.266913,0,120
0.271802,0,121
0.277555,0,121
0.283307,0,121
0.288772,0,121
0.294524,0,121
0.298263,0,122
0.304016,0,122
0.309768,0,122
0.315521,0,122
0.321177,0,122
0.32693,0,122
0.330765,0,123
0.336517,0,123
0.342174,0,123
0.346871,0,124
0.352528,0,124
0.35828,0,124
0.364033,0,124
0.369785,0,124
0.373333,0,125
0.378989,0,125
0.384742,0,125
0.389631,0,126
0.395384,0,126
0.401136,0,126
0.406793,0,126
0.41034,0,127
0.416092,0,127
0.421845,0,127
0.427597,0,127
0.432487,0,128
0.438239,0,128
0.443896,0,128
0.447443,0,129
0.453195,0,129
0.458085,0,130
0.463837,0,130
0.46959,0,130
0.475246,0,130
0.478794,0,131
0.484546,0,131
0.489436,0,132
0.495188,0,132
0.500941,0,132
0.504488,0,133
0.521649,0,133
0.526539,0,134
0.536893,0,135
0.546481,0,136
0.551083,0,137
0.556835,0,137
0.562587,0,137
0.567189,0,138
0.571024,0,139
0.576777,0,139
0.581379,0,140
0.587131,0,140
0.592021,0,141
0.597486,0,141
0.602375,0,142
0.608128,0,142
0.613784,0,142
0.617331,0,143
0.623084,0,143
0.628836,0,143
0.633726,0,144
0.638328,0,145
0.645135,0,144
0.653859,0,142
0.659612,0,142
0.663159,0,143
0.668912,0,143
0.676773,0,142
0.683388,0,141
0.74446,0,122
0.829212,0,172
0.8388,0,168
0.845607,0,167
0.850209,0,168
0.854044,0,170
0.858742,0,171
0.863344,0,173
0.868233,0,174
0.872931,0,175
0.877533,0,176
0.882135,0,177
0.887024,0,179
0.891722,0,180
0.902077,0,182
0.999964,0,154
1.01061,0,155
1.17071,0,672
1.18404,0,644
1.18951,0,640
1.20092,0,638
1.22498,0,628
1.23064,0,628
1.23639,0,628
1.24214,0,628
1.24761,0,626
1.25336,0,624
1.25901,0,622
1.26477,0,622
1.27052,0,620
1.27627,0,620
1.28193,0,618
1.28768,0,616
1.29343,0,616
1.29995,0,614
1.30571,0,614
1.31136,0,614
1.31711,0,612
1.32287,0,610
1.32862,0,610
1.33428,0,610
1.33974,0,608
1.34549,0,606
1.35125,0,606
1.3569,0,606
1.36265,0,604
1.36841,0,604
1.37416,0,604
1.37982,0,602
1.38528,0,602
1.39103,0,602
1.39784,0,596
1.40359,0,594
1.40934,0,592
1.41471,0,592
1.42047,0,592
1.42622,0,590
1.43197,0,590
1.43763,0,590
1.44338,0,590
1.44913,0,588
1.45488,0,588
1.46054,0,590
1.48671,0,726
1.49247,0,732
1.49822,0,728
1.50397,0,724
1.50963,0,724
1.52113,0,726
1.54242,0,1208
1.54807,0,1208
1.55383,0,1208
1.55958,0,1208
1.56533,0,1206
1.57099,0,1206
1.57674,0,1206
1.58221,0,1206
1.58796,0,1204
1.59361,0,1204
1.59937,0,1206
1.60512,0,1204
1.61087,0,1204
1.61653,0,1206
1.62228,0,1206
1.62803,0,1206
1.6335,0,1206
1.63915,0,1206
1.64491,0,1204
1.65066,0,1206
1.65641,0,1206
1.66207,0,1206
1.66782,0,1206
1.67357,0,1206
1.67933,0,1208
1.68469,0,1208
1.69045,0,1208
1.6962,0,1208
1.70195,0,1210
1.70761,0,1210
1.71336,0,1210
1.71911,0,1210
1.72487,0,1210
1.73033,0,1212
1.73599,0,1212
1.74174,0,1214
1.74749,0,1214
1.75315,0,1216
1.7589,0,1218
1.76465,0,1218
1.77041,0,1218
1.77606,0,1220
1.78153,0,1220
1.78728,0,1224
1.79303,0,1224
1.79869,0,1226
1.80444,0,1226
1.81019,0,1226
1.81595,0,1228
1.84154,0,1068
1.84701,0,1068
1.8519,0,1070
1.85736,0,1072
1.86312,0,1072
1.86877,0,1074
1.87452,0,1074
1.88028,0,1076
1.88603,0,1078
1.89149,0,1080
1.89715,0,1082
1.9029,0,1084
1.90866,0,1086
1.91978,0,1088
1.93703,0,1078
1.95496,0,1026
1.96158,0,1012
1.96723,0,996
1.97385,0,978
1.97951,0,970
1.98526,0,972
1.99101,0,974
2.24901,0,538
2.25447,0,542
2.26013,0,538
2.26694,0,528
2.2724,0,524
2.28391,0,528
2.51458,0,2608
2.52033,0,2604
2.5258,0,2596
2.53145,0,2588
2.5372,0,2576
2.54296,0,2560
2.54871,0,2552
2.55417,0,2544
2.55983,0,2532
2.56558,0,2524
2.57134,0,2524
2.57709,0,2508
2.58274,0,2488
2.58821,0,2480
2.59396,0,2476
2.59971,0,2468
2.60623,0,2456
2.61199,0,2448
2.61764,0,2440
2.62339,0,2432
2.62915,0,2428
2.63461,0,2424
2.64027,0,2412
2.64602,0,2400
2.65177,0,2396
2.65753,0,2392
2.66299,0,2380
2.66865,0,2376
2.6744,0,2368
2.68015,0,2364
2.68581,0,2356
2.69156,0,2352
2.69703,0,2348
2.70278,0,2340
2.70853,0,2336
2.71419,0,2332
2.71994,0,2320
2.7254,0,2312
2.73116,0,2312
2.73681,0,2304
2.74257,0,2292
2.74832,0,2288
2.75378,0,2284
2.75944,0,2284
2.76519,0,2276
2.77094,0,2272
2.7767,0,2272
2.78235,0,2264
2.78782,0,2260
2.79357,0,2256
2.79932,0,2252
2.80498,0,2244
2.81073,0,2240
2.8162,0,2236
2.823,0,2232
2.82876,0,2228
2.83422,0,2228
2.83997,0,2228
2.84563,0,2216
2.85138,0,2212
2.85714,0,2208
2.8626,0,2204
2.86826,0,2200
2.87401,0,2200
2.87976,0,2196
2.88551,0,2196
2.89117,0,2192
2.89664,0,2188
2.90239,0,2184
2.90814,0,2184
2.9138,0,2180
2.91955,0,2176
2.9253,0,2176
2.93105,0,2172
2.93642,0,2172
2.94218,0,2168
2.94793,0,2164
2.95368,0,2164
2.95934,0,2160
2.96509,0,2160
2.97084,0,2156
2.97631,0,2156
2.98206,0,2152
2.98772,0,2148
2.99347,0,2144
2.99922,0,2148
3.00488,0,2144
3.01063,0,2144
3.01609,0,2144
3.02185,0,2144
3.0276,0,2140
3.03326,0,2140
3.03901,0,2140
3.04476,0,2140
3.05042,0,2136
3.05588,0,2136
3.06163,0,2140
3.06739,0,2136
3.07314,0,2136
3.0788,0,2136
3.08455,0,2136
3.0903,0,2132
3.09576,0,2132
3.10142,0,2132
3.10717,0,2136
3.11293,0,2132
3.11868,0,2136
3.12434,0,2136
3.1298,0,2136
3.13555,0,2136
3.1413,0,2136
3.14696,0,2132
3.15271,0,2132
3.15847,0,2136
3.16422,0,2136
3.16959,0,2136
3.17534,0,2136
3.18109,0,2136
3.18685,0,2136
3.1925,0,2140
3.19825,0,2140
3.20401,0,2140
3.20947,0,2140
3.21522,0,2144
3.22088,0,2148
3.22663,0,2148
3.23239,0,2148
3.23804,0,2148
3.24379,0,2152
3.24926,0,2152
3.25501,0,2152
3.26076,0,2152
3.26642,0,2156
3.27217,0,2160
3.27793,0,2160
3.28358,0,2164
3.28905,0,2164
3.2948,0,2164
3.30055,0,2168
3.3063,0,2172
3.31196,0,2176
3.31771,0,2176
3.32318,0,2180
3.32893,0,2184
3.33459,0,2188
3.34034,0,2184
3.34609,0,2192
3.35184,0,2192
3.3575,0,2196
3.36297,0,2196
3.36872,0,2204
3.37447,0,2204
3.38013,0,2208
3.38588,0,2212
3.39163,0,2216
3.39738,0,2216
3.40275,0,2220
3.40851,0,2228
3.41426,0,2228
3.42001,0,2228
3.42461,0,2236
3.43036,0,2244
3.43612,0,2248
3.44177,0,2252
3.44753,0,2256
3.45328,0,2260
3.45894,0,2264
3.4644,0,2268
3.47015,0,2272
3.4759,0,2276
3.48166,0,2280
3.48731,0,2284
3.49307,0,2288
3.49882,0,2296
3.50428,0,2296
3.50994,0,2300
3.51569,0,2304
3.52144,0,2296
3.5272,0,2312
3.53285,0,2328
3.53861,0,2328
3.54407,0,2336
3.54982,0,2344
3.55548,0,2348
3.56123,0,2360
3.56698,0,2364
3.57274,0,2368
3.57839,0,2376
3.58415,0,2380
3.58961,0,2388
3.59536,0,2392
3.60102,0,2396
3.60677,0,2400
3.61252,0,2404
3.61828,0,2420
3.62393,0,2436
3.6294,0,2440
3.63515,0,2452
3.64004,0,2460
3.64551,0,2464
3.65126,0,2464
3.65701,0,2476
3.66267,0,2492
3.66842,0,2496
3.67417,0,2504
3.67983,0,2508
3.68558,0,2512
3.69105,0,2528
3.6968,0,2532
3.70255,0,2536
3.70821,0,2556
3.71396,0,2564
3.71971,0,2572
3.72537,0,2584
3.73083,0,2604
3.73659,0,2616
3.74234,0,2620
3.74809,0,2628
3.75375,0,2632
3.7595,0,2644
3.76525,0,2656
3.77072,0,2676
3.77637,0,2692
3.78213,0,2708
3.78788,0,2720
3.79363,0,2728
3.79929,0,2732
3.80398,0,2740
3.80964,0,2744
3.81539,0,2748
3.82115,0,2764
3.8269,0,2784
3.83227,0,2808
3.83802,0,2828
3.84377,0,2848
3.84952,0,2856
3.85518,0,2860
3.86093,0,2864
3.86669,0,2840
3.87215,0,2812
3.8779,0,2800
3.88356,0,2792
3.88931,0,2776
3.89506,0,2756
3.90072,0,2736
3.90734,0,2716
3.91299,0,2692
3.91875,0,2676
3.9245,0,2668
3.93025,0,2648
3.93591,0,2636
3.94137,0,2628
3.94712,0,2612
3.95288,0,2588
3.95853,0,2568
3.96429,0,2556
3.97004,0,2540
3.97579,0,2528
3.98145,0,2524
3.98691,0,2516
3.99266,0,2504
3.99842,0,2492
4.00407,0,2480
4.00983,0,2460
4.01635,0,2444
4.0221,0,2432
4.02785,0,2416
4.0336,0,2412
4.03926,0,2408
4.04501,0,2396
4.05076,0,2380
4.05623,0,2368
4.06198,0,2372
4.06764,0,2388
4.07339,0,2404
4.09055,0,2420
4.10177,0,2428
4.10752,0,2424
4.11318,0,2416
4.11893,0,2408
4.12468,0,2396
4.13034,0,2392
4.13609,0,2384
4.14184,0,2368
4.14731,0,2360
4.15306,0,2352
4.15872,0,2340
4.16447,0,2336
4.17022,0,2328
4.17588,0,2320
4.18163,0,2316
4.18738,0,2304
4.19285,0,2300
4.1986,0,2292
4.20426,0,2280
4.21001,0,2276
4.21576,0,2272
4.22152,0,2264
4.22717,0,2256
4.23292,0,2244
4.23839,0,2240
4.24414,0,2236
4.25095,0,2228
4.25661,0,2220
4.26236,0,2212
4.26782,0,2208
4.27357,0,2200
4.27933,0,2196
4.28498,0,2192
4.29074,0,2184
4.29649,0,2176
4.30215,0,2172
4.3079,0,2168
4.31336,0,2164
4.31911,0,2156
4.32487,0,2144
4.33052,0,2144
4.33628,0,2140
4.34203,0,2132
4.34768,0,2128
4.35344,0,2124
4.3589,0,2120
4.36465,0,2116
4.37041,0,2112
4.37606,0,2108
4.38182,0,2104
4.38757,0,2100
4.39332,0,2096
4.39898,0,2092
4.40444,0,2088
4.41019,0,2080
4.41595,0,2080
4.4216,0,2080
4.42736,0,2072
4.43311,0,2064
4.43886,0,2060
4.44452,0,2056
4.44998,0,2056
4.45573,0,2052
4.46149,0,2052
4.46829,0,2048
4.47395,0,2044
4.47942,0,2044
4.48517,0,2040
4.49092,0,2038
4.49667,0,2034
4.50233,0,2030
4.50808,0,2040
4.51949,0,2036
4.57433,0,1520
4.59149,0,1518
4.60271,0,1498
4.60846,0,1488
4.61421,0,1492
4.61987,0,1492
4.62562,0,1492
4.63109,0,1492
4.63684,0,1492
4.6425,0,1492
4.64825,0,1494
4.654,0,1496
4.65975,0,1492
4.66512,0,1492
4.67088,0,1492
4.67663,0,1496
4.68238,0,1496
4.68804,0,1494
4.6935,0,1494
4.69925,0,1492
4.70501,0,1494
4.71066,0,1496
4.71642,0,1496
4.72217,0,1494
4.72763,0,1500
4.74479,0,1508
4.75707,0,1378
4.76387,0,1362
4.76934,0,1362
4.77509,0,1358
4.78075,0,1356
4.7865,0,1354
4.79225,0,1354
4.79772,0,1358
4.80347,0,1360
4.80913,0,1360
4.81488,0,1360
4.82063,0,1360
4.83175,0,1358
4.84431,0,972
4.85006,0,968
4.85582,0,978
4.86042,0,988
4.87374,0,936
4.8795,0,932
4.88525,0,932
4.89071,0,938
4.89647,0,938
4.90212,0,922
4.90874,0,908
4.91439,0,906
4.92015,0,910
4.9259,0,910
4.93817,0,868
4.94383,0,850
4.94958,0,850
4.95533,0,848
4.96185,0,838
4.96761,0,832
4.97336,0,834
4.97901,0,840
4.98448,0,834
4.99023,0,832
4.99598,0,834
5.00164,0,834
5.00739,0,828
5.01286,0,826
5.01861,0,836
5.03088,0,812
5.03663,0,814
5.04229,0,816
5.04804,0,812
5.0538,0,816
5.05945,0,814
5.06492,0,802
5.08591,0,716
5.09167,0,714
5.09742,0,714
5.10317,0,712
5.10883,0,704
5.11563,0,694
5.1211,0,694
5.12685,0,694
5.1326,0,696
5.13836,0,696
5.14401,0,698
5.14977,0,700
5.15552,0,702
5.16012,0,704
5.16587,0,706
5.17162,0,708
5.17728,0,708
5.18303,0,708
5.18879,0,710
5.19444,0,712
5.20019,0,712
5.20595,0,710
5.2117,0,710
5.22311,0,710
5.24008,0,720
5.40556,0,184
5.41323,0,181
5.42761,0,178
5.47564,0,168
5.48791,0,167
5.49558,0,165
5.50124,0,164
5.50814,0,163
5.51466,0,162
5.52799,0,160
5.53566,0,158
5.54141,0,158
5.54822,0,157
5.55474,0,156
5.56154,0,155
5.56835,0,154
5.57487,0,153
5.58177,0,152
5.58743,0,152
5.59404,0,151
5.60085,0,150
5.60843,0,149
5.61504,0,148
5.62185,0,147
5.6275,0,147
5.63412,0,146
5.64093,0,145
5.64773,0,144
5.65425,0,143
5.66001,0,143
5.66576,0,143
5.67333,0,142
5.68014,0,141
5.68675,0,140
5.69356,0,139
5.69816,0,140
5.70497,0,139
5.71264,0,138
5.71839,0,138
5.72491,0,137
5.73172,0,136
5.73747,0,136
5.74322,0,136
5.7508,0,135
5.75761,0,134
5.76336,0,134
5.76882,0,134
5.77563,0,133
5.7833,0,132
5.78896,0,132
5.79471,0,132
5.80152,0,131
5.80919,0,130
5.81494,0,130
5.82088,0,130
5.8274,0,129
5.83536,0,128
5.84111,0,128
5.84677,0,128
5.85338,0,127
5.85904,0,127
5.86508,0,127
5.87275,0,126
5.87841,0,126
5.88416,0,126
5.89097,0,125
5.89672,0,125
5.90247,0,125
5.91004,0,124
5.9158,0,124
5.92155,0,124
5.9273,0,124
5.93411,0,123
5.93977,0,123
5.94552,0,123
5.95127,0,123
5.95913,0,122
5.96488,0,122
5.97064,0,122
5.97821,0,121
5.98396,0,121
5.98972,0,121
5.99547,0,121
6.00112,0,121
6.00688,0,121
6.01368,0,120
6.01944,0,120
6.02519,0,120
6.03085,0,120
6.0366,0,120
6.04456,0,119
6.05021,0,119
6.05596,0,119
6.06172,0,119
6.06747,0,119
6.07504,0,118
6.0808,0,118
6.08684,0,118
6.09249,0,118
6.09824,0,118
6.104,0,118
6.10965,0,118
6.11541,0,118
6.12116,0,118
6.12691,0,118
6.13257,0,118
6.14024,0,117
6.14599,0,117
6.15193,0,117
6.15769,0,117
6.16344,0,117
6.16919,0,117
6.17485,0,117
6.1806,0,117
6.18635,0,117
6.19201,0,117
6.19891,0,116
6.20457,0,116
6.20927,0,117
6.21492,0,117
6.22183,0,116
6.22748,0,116
6.23323,0,116
6.23899,0,116
6.24464,0,116
6.2504,0,116
6.25615,0,116
6.2619,0,116
6.26756,0,116
6.27331,0,116
6.27935,0,116
0.00345146,180,116
0.00920388,180,116
0.0149563,180,116
0.0209964,180,116
0.0266529,180,116
0.0324053,180,116
0.0381578,180,116
0.0438143,180,116
0.0495668,180,116
0.0553192,180,116
0.0610716,180,116
0.0643313,180,116
0.0700837,180,116
0.0757403,180,116
0.0814927,180,116
0.0872452,180,116
0.0921347,180,117
0.0978872,180,117
0.103544,180,117
0.109296,180,117
0.115049,180,117
0.120801,180,117
0.126458,180,117
0.13221,180,117
0.13825,180,117
0.143907,180,117
0.149659,180,117
0.155411,180,117
0.161164,180,117
0.164903,180,118
0.170655,180,118
0.176408,180,118
0.18216,180,118
0.187817,180,118
0.193569,180,118
0.199609,180,118
0.205266,180,118
0.211018,180,118
0.214853,180,119
0.220606,180,119
0.226262,180,119
0.232015,180,119
0.237767,180,119
0.243519,180,119
0.249176,180,119
0.253011,180,120
0.258763,180,120
0.264516,180,120
0.27046,180,120
0.276212,180,120
0.280814,180,121
0.286567,180,121
0.292319,180,121
0.298263,180,121
0.304016,180,121
0.307851,180,122
0.313603,180,122
0.31926,180,122
0.325012,180,122
0.328847,180,123
0.3346,180,123
0.340256,180,123
0.346009,180,123
0.351761,180,123
0.356651,180,124
0.362403,180,124
0.368155,180,124
0.371894,180,125
0.377647,180,125
0.383399,180,125
0.389152,180,125
0.394041,180,126
0.399698,180,126
0.40545,180,126
0.411203,180,126
0.415038,180,127
0.420694,180,127
0.425392,180,128
0.431336,180,128
0.437089,180,128
0.442841,180,128
0.448593,180,128
0.452333,180,129
0.458085,180,129
0.463837,180,129
0.468727,180,130
0.474479,180,130
0.478027,180,131
0.483971,180,131
0.489723,180,131
0.494325,180,132
0.500078,180,132
0.503913,180,133
0.509665,180,133
0.515418,180,133
0.520307,180,134
0.525964,180,134
0.531716,180,134
0.536606,180,135
0.540441,180,136
0.546193,180,136
0.5623,180,137
0.567189,180,138
0.572942,180,138
0.578598,180,138
0.582433,180,139
0.590103,180,138
0.597965,180,136
0.603717,180,136
0.614072,180,137
0.64849,180,147
0.654147,180,147
0.658845,180,148
0.665364,180,115
0.669487,180,149
0.745035,180,159
0.777153,180,140
0.782043,180,141
0.798149,180,142
0.939659,180,160
0.953369,180,158
0.969476,180,159
1.09488,180,674
1.10063,180,672
1.11204,180,672
1.11779,180,668
1.13035,180,664
1.14751,180,662
1.17781,180,736
1.18347,180,734
1.18922,180,734
1.19497,180,734
1.21626,180,660
1.22191,180,658
1.22766,180,660
1.23342,180,660
1.23917,180,660
1.24483,180,662
1.25058,180,662
1.25633,180,662
1.26208,180,662
1.26774,180,664
1.27244,180,666
1.28385,180,672
1.2896,180,678
1.30187,180,656
1.30762,180,662
1.31251,180,670
1.31826,180,670
1.32392,180,670
1.32967,180,668
1.33543,180,668
1.34108,180,666
1.3477,180,664
1.35335,180,664
1.35911,180,662
1.36486,180,662
1.37061,180,662
1.37627,180,660
1.38202,180,660
1.38777,180,658
1.39353,180,658
1.39918,180,658
1.40493,180,656
1.41069,180,660
1.41644,180,654
1.42325,180,646
1.4289,180,646
1.43466,180,646
1.44041,180,646
1.44616,180,644
1.45182,180,644
1.45757,180,644
1.46332,180,642
1.46907,180,642
1.47473,180,646
1.49189,180,646
1.52027,180,920
1.52689,180,910
1.53254,180,904
1.54405,180,888
1.55085,180,874
1.56802,180,870
1.59831,180,1324
1.60406,180,1324
1.60972,180,1324
1.61547,180,1324
1.62123,180,1324
1.62688,180,1324
1.63263,180,1324
1.63839,180,1324
1.64414,180,1322
1.6498,180,1324
1.65555,180,1324
1.6613,180,1324
1.66705,180,1324
1.67271,180,1324
1.67846,180,1326
1.68422,180,1328
1.68997,180,1328
1.69562,180,1326
1.70138,180,1326
1.70713,180,1326
1.71279,180,1328
1.71854,180,1330
1.72429,180,1330
1.73004,180,1328
1.7357,180,1330
1.74145,180,1334
1.7472,180,1336
1.75296,180,1334
1.75861,180,1334
1.76437,180,1336
1.77012,180,1338
1.77587,180,1340
1.78153,180,1338
1.78728,180,1340
1.79303,180,1342
1.79869,180,1344
1.82467,180,1164
1.83033,180,1166
1.83608,180,1168
1.84183,180,1168
1.84758,180,1170
1.85219,180,1172
1.85794,180,1174
1.86359,180,1176
1.86935,180,1178
1.8751,180,1180
1.88085,180,1180
1.88651,180,1180
1.90377,180,1182
1.90942,180,1178
1.92198,180,1160
1.93425,180,1100
1.94001,180,1080
1.94681,180,1062
1.95257,180,1050
1.95822,180,1050
1.96397,180,1054
1.96973,180,1062
1.97548,180,1056
1.99264,180,1050
2.00875,180,1116
2.47585,180,2732
2.4816,180,2712
2.48735,180,2692
2.49301,180,2660
2.49876,180,2648
2.50451,180,2640
2.51026,180,2628
2.51592,180,2624
2.52167,180,2612
2.52743,180,2600
2.53318,180,2588
2.53883,180,2584
2.54459,180,2580
2.55005,180,2576
2.5558,180,2556
2.56146,180,2536
2.56721,180,2528
2.57297,180,2520
2.57872,180,2508
2.58437,180,2504
2.59013,180,2492
2.59588,180,2480
2.60163,180,2472
2.60729,180,2476
2.61304,180,2468
2.61956,180,2448
2.62531,180,2440
2.63106,180,2436
2.63672,180,2428
2.64247,180,2424
2.64823,180,2412
2.65398,180,2396
2.65964,180,2392
2.66539,180,2388
2.67114,180,2380
2.67689,180,2376
2.68255,180,2368
2.6883,180,2360
2.69405,180,2352
2.69981,180,2348
2.70546,180,2344
2.71122,180,2344
2.71697,180,2336
2.72262,180,2328
2.72838,180,2324
2.73413,180,2316
2.73988,180,2304
2.74554,180,2296
2.75129,180,2288
2.75704,180,2288
2.7628,180,2284
2.76816,180,2280
2.77392,180,2276
2.77967,180,2272
2.78542,180,2268
2.79108,180,2268
2.79683,180,2268
2.80258,180,2256
2.80834,180,2248
2.81399,180,2244
2.81974,180,2240
2.8255,180,2236
2.8323,180,2232
2.83806,180,2228
2.84371,180,2224
2.84947,180,2216
2.85522,180,2212
2.86097,180,2208
2.86663,180,2208
2.87238,180,2208
2.87784,180,2200
2.8836,180,2196
2.88925,180,2196
2.89501,180,2196
2.90076,180,2192
2.90651,180,2184
2.91217,180,2184
2.91792,180,2184
2.92367,180,2180
2.92942,180,2176
2.93508,180,2176
2.94083,180,2172
2.94659,180,2168
2.95224,180,2168
2.95799,180,2164
2.96375,180,2160
2.9695,180,2160
2.97516,180,2160
2.98091,180,2160
2.98666,180,2156
2.99241,180,2152
2.99807,180,2148
3.00382,180,2148
3.00957,180,2148
3.01533,180,2144
3.02098,180,2140
3.02674,180,2140
3.03249,180,2144
3.03814,180,2140
3.0439,180,2140
3.04965,180,2140
3.0554,180,2140
3.06087,180,2136
3.06652,180,2136
3.07228,180,2136
3.07803,180,2136
3.08368,180,2136
3.08944,180,2136
3.09519,180,2132
3.10094,180,2132
3.1066,180,2136
3.11235,180,2136
3.1181,180,2136
3.12386,180,2136
3.12951,180,2136
3.13526,180,2136
3.14102,180,2136
3.14677,180,2132
3.15243,180,2132
3.15818,180,2136
3.16393,180,2132
3.16959,180,2132
3.17534,180,2132
3.18109,180,2136
3.18685,180,2136
3.1925,180,2140
3.19825,180,2140
3.20401,180,2140
3.20976,180,2136
3.21542,180,2140
3.22117,180,2144
3.22692,180,2144
3.23267,180,2148
3.23833,180,2148
3.24408,180,2148
3.24983,180,2148
3.25549,180,2152
3.26124,180,2152
3.267,180,2152
3.27275,180,2156
3.2784,180,2156
3.28416,180,2160
3.28991,180,2164
3.29566,180,2164
3.30132,180,2164
3.30707,180,2164
3.31282,180,2168
3.31858,180,2172
3.32423,180,2176
3.32998,180,2184
3.33574,180,2184
3.34139,180,2184
3.34715,180,2188
3.3529,180,2188
3.35865,180,2196
3.36431,180,2200
3.37006,180,2200
3.37581,180,2200
3.38156,180,2204
3.38722,180,2212
3.39297,180,2212
3.39873,180,2212
3.40448,180,2220
3.41014,180,2220
3.41589,180,2220
3.42164,180,2224
3.4273,180,2232
3.43199,180,2240
3.43775,180,2244
3.4434,180,2240
3.44916,180,2248
3.45491,180,2256
3.46066,180,2256
3.46632,180,2260
3.47207,180,2268
3.47782,180,2276
3.48348,180,2280
3.48923,180,2280
3.49498,180,2284
3.50074,180,2288
3.50639,180,2296
3.51214,180,2300
3.5179,180,2300
3.52365,180,2304
3.52931,180,2316
3.53506,180,2320
3.54081,180,2320
3.54656,180,2328
3.55222,180,2340
3.55797,180,2344
3.56372,180,2352
3.56938,180,2360
3.57513,180,2364
3.58089,180,2368
3.58664,180,2372
3.5923,180,2380
3.59805,180,2384
3.6038,180,2396
3.60955,180,2400
3.61521,180,2396
3.62096,180,2400
3.62671,180,2408
3.63247,180,2424
3.63812,180,2436
3.64388,180,2444
3.64877,180,2460
3.65452,180,2464
3.66027,180,2472
3.66593,180,2484
3.67168,180,2488
3.67743,180,2500
3.68318,180,2504
3.68884,180,2512
3.69459,180,2516
3.70035,180,2524
3.7061,180,2540
3.71175,180,2548
3.71751,180,2556
3.72326,180,2556
3.72892,180,2580
3.73467,180,2604
3.74042,180,2608
3.74617,180,2616
3.75164,180,2620
3.75729,180,2628
3.76305,180,2644
3.7688,180,2660
3.77446,180,2672
3.78021,180,2680
3.78596,180,2696
3.79171,180,2700
3.79737,180,2712
3.80235,180,2736
3.80772,180,2740
3.81348,180,2744
3.81923,180,2752
3.82498,180,2768
3.83064,180,2764
3.83639,180,2740
3.8432,180,2728
3.84895,180,2712
3.8547,180,2700
3.86036,180,2716
3.86611,180,2712
3.87186,180,2676
3.87762,180,2660
3.88327,180,2640
3.88874,180,2628
3.89449,180,2612
3.90024,180,2576
3.9059,180,2544
3.91165,180,2536
3.9174,180,2520
3.92316,180,2504
3.92881,180,2492
3.93456,180,2460
3.94137,180,2428
3.94712,180,2420
3.95288,180,2408
3.95853,180,2388
3.964,180,2360
3.96975,180,2340
3.9755,180,2332
3.98126,180,2316
3.98691,180,2300
3.99266,180,2292
3.99842,180,2268
4.00407,180,2244
4.00983,180,2236
4.01663,180,2224
4.02239,180,2216
4.02699,180,2244
4.03744,180,2640
4.05565,180,2244
4.06217,180,2232
4.06793,180,2228
4.07368,180,2216
4.07943,180,2208
4.08509,180,2220
4.08998,180,2240
4.09573,180,2240
4.10225,180,2232
4.108,180,2228
4.11375,180,2212
4.11951,180,2196
4.12516,180,2192
4.13091,180,2184
4.13667,180,2176
4.14242,180,2176
4.14808,180,2172
4.15383,180,2160
4.15958,180,2152
4.16533,180,2148
4.17099,180,2128
4.17674,180,2120
4.18221,180,2116
4.18796,180,2104
4.19362,180,2104
4.19937,180,2100
4.20512,180,2096
4.21087,180,2088
4.21653,180,2084
4.22228,180,2068
4.22909,180,2044
4.23484,180,2036
4.24059,180,2036
4.24625,180,2028
4.252,180,2022
4.25776,180,2020
4.26351,180,2016
4.26916,180,2010
4.27492,180,2004
4.28067,180,1996
4.28633,180,1994
4.29208,180,1990
4.29783,180,1986
4.30358,180,1984
4.30924,180,1978
4.31499,180,1972
4.32074,180,1966
4.3265,180,1960
4.33215,180,1958
4.33791,180,1956
4.34366,180,1952
4.34941,180,1948
4.35507,180,1946
4.36082,180,1940
4.36657,180,1934
4.37223,180,1932
4.37798,180,1934
4.38373,180,1930
4.38949,180,1924
4.39514,180,1920
4.4009,180,1918
4.40665,180,1916
4.4124,180,1916
4.41806,180,1916
4.43531,180,1914
4.44097,180,1918
4.44672,180,1920
4.45248,180,1916
4.45813,180,1912
4.46388,180,1912
4.46964,180,1910
4.47539,180,1908
4.48105,180,1908
4.4868,180,1904
4.49255,180,1902
4.4983,180,1900
4.50396,180,1898
4.50971,180,1896
4.51546,180,1896
4.52122,180,1894
4.52802,180,1890
4.53368,180,1890
4.53943,180,1888
4.54519,180,1886
4.55094,180,1886
4.55659,180,1882
4.56235,180,1880
4.5681,180,1880
4.57385,180,1878
4.57951,180,1876
4.58526,180,1876
4.59101,180,1874
4.59667,180,1876
4.60242,180,1876
4.60817,180,1876
4.61393,180,1874
4.61958,180,1870
4.62534,180,1874
4.63109,180,1874
4.63684,180,1872
4.6425,180,1870
4.64825,180,1872
4.654,180,1874
4.65975,180,1872
4.6657,180,1870
4.67145,180,1868
4.6772,180,1868
4.68286,180,1868
4.68861,180,1870
4.69436,180,1872
4.70012,180,1874
4.70577,180,1874
4.71153,180,1874
4.71728,180,1876
4.72294,180,1876
4.72869,180,1876
4.73444,180,1878
4.74019,180,1880
4.74585,180,1876
4.7516,180,1874
4.75735,180,1878
4.76311,180,1882
4.76876,180,1880
4.79091,180,1010
4.79657,180,1002
4.80807,180,984
4.81593,180,936
4.82169,180,936
4.82744,180,936
4.83319,180,936
4.83885,180,938
4.8446,180,940
4.8492,180,954
4.85495,180,958
4.86176,180,942
4.86751,180,926
4.87327,180,930
4.87892,180,942
4.88467,180,938
4.89532,180,946
4.90212,180,926
4.90788,180,924
4.91363,180,916
4.92887,180,816
4.93462,180,810
4.94028,180,806
4.94603,180,804
4.95179,180,802
4.95783,180,800
4.96348,180,800
4.96923,180,800
4.97499,180,800
4.98064,180,802
4.9864,180,800
4.99215,180,796
4.9979,180,794
5.00356,180,794
5.00931,180,794
5.01612,180,792
5.02187,180,790
5.02762,180,790
5.03328,180,788
5.03903,180,786
5.04478,180,782
5.05054,180,778
5.05619,180,778
5.06194,180,778
5.06799,180,780
5.07364,180,780
5.07939,180,778
5.08515,180,774
5.0909,180,772
5.09656,180,770
5.10336,180,768
5.10911,180,768
5.11487,180,768
5.12062,180,768
5.12628,180,768
5.13097,180,770
5.13663,180,774
5.14238,180,780
5.14842,180,780
5.15418,180,778
5.15983,180,776
5.16558,180,776
5.17134,180,776
5.17699,180,778
5.18275,180,780
5.1885,180,782
5.19425,180,790
5.21055,180,798
5.44486,180,175
5.45244,180,173
5.45819,180,172
5.4765,180,171
5.49088,180,168
5.49855,180,166
5.50536,180,164
5.51217,180,163
5.51792,180,163
5.52473,180,162
5.5324,180,160
5.5392,180,159
5.54572,180,158
5.55253,180,157
5.55934,180,156
5.56614,180,155
5.5719,180,155
5.5787,180,154
5.58637,180,152
5.59318,180,151
5.59893,180,151
5.60469,180,151
5.61149,180,150
5.61907,180,149
5.62587,180,148
5.63249,180,147
5.6393,180,146
5.6461,180,145
5.65186,180,145
5.65866,180,144
5.66547,180,143
5.67304,180,142
5.6788,180,142
5.6856,180,141
5.69241,180,140
5.69816,180,140
5.70468,180,139
5.71072,180,139
5.71839,180,138
5.7252,180,137
5.73172,180,136
5.73776,180,136
5.74342,180,136
5.75109,180,135
5.75789,180,134
5.76365,180,134
5.7694,180,134
5.7762,180,133
5.78378,180,132
5.78953,180,132
5.79634,180,131
5.80209,180,131
5.80784,180,131
5.8157,180,130
5.82146,180,130
5.82798,180,129
5.83402,180,129
5.83967,180,129
5.84734,180,128
5.85415,180,127
5.8599,180,127
5.86565,180,127
5.87131,180,127
5.87927,180,126
5.88502,180,126
5.89068,180,126
5.89748,180,125
5.90324,180,125
5.90899,180,125
5.91666,180,124
5.92232,180,124
5.92807,180,124
5.93411,180,124
5.94063,180,123
5.94657,180,123
5.95232,180,123
5.95999,180,122
5.96575,180,122
5.9714,180,122
5.97716,180,122
5.98291,180,122
5.99077,180,121
5.99652,180,121
6.00227,180,121
6.00793,180,121
6.01368,180,121
6.02049,180,120
6.02624,180,120
6.032,180,120
6.03775,180,120
6.04561,180,119
6.05136,180,119
6.05702,180,119
6.06277,180,119
6.06852,180,119
6.07428,180,119
6.08022,180,119
6.08789,180,118
6.09364,180,118
6.0993,180,118
6.10505,180,118
6.1108,180,118
6.11675,180,118
6.1225,180,118
6.12825,180,118
6.13401,180,118
6.14158,180,117
6.14762,180,117
6.15337,180,117
6.15903,180,117
6.16478,180,117
6.17053,180,117
6.17619,180,117
6.18194,180,117
6.1877,180,117
6.19374,180,117
6.20025,180,116
6.20601,180,116
6.21195,180,116
6.2177,180,116
6.22346,180,116
6.22911,180,116
6.23486,180,116
6.24062,180,116
6.24637,180,116
6.25203,180,116
6.25807,180,116
6.26382,180,116
6.26948,180,116
6.27523,180,116
6.28098,180,116
0.00105461,0,116
0.00699879,0,116
0.0127512,0,116
0.0185036,0,116
0.0242561,0,116
0.0299126,0,116
0.0356651,0,116
0.0417051,0,116
0.0473617,0,116
0.0531141,0,116
0.0588665,0,116
0.0631808,0,116
0.0689333,0,116
0.0746857,0,116
0.0804381,0,116
0.0863823,0,116
0.0921347,0,116
0.0967367,0,117
0.102777,0,117
0.108529,0,117
0.114186,0,117
0.119938,0,117
0.125691,0,117
0.131635,0,117
0.137387,0,117
0.14314,0,117
0.148892,0,117
0.152631,0,118
0.158384,0,118
0.164424,0,118
0.17008,0,118
0.175833,0,118
0.181585,0,118
0.187337,0,118
0.193282,0,118
0.199034,0,118
0.204786,0,118
0.210443,0,118
0.214278,0,119
0.22003,0,119
0.22607,0,119
0.231727,0,119
0.237479,0,119
0.243232,0,119
0.247067,0,120
0.253011,0,120
0.258763,0,120
0.264516,0,120
0.270172,0,120
0.275925,0,120
0.280814,0,121
0.286567,0,121
0.292319,0,121
0.298263,0,121
0.304016,0,121
0.307851,0,122
0.313603,0,122
0.31926,0,122
0.325012,0,122
0.328847,0,123
0.334791,0,123
0.340544,0,123
0.346296,0,123
0.352049,0,123
0.356938,0,124
0.362691,0,124
0.368347,0,124
0.372182,0,125
0.468439,0,110
0.590103,0,110
0.6111,0,114
0.614935,0,115
0.61877,0,116
0.624426,0,116
0.629316,0,117
0.635068,0,117
0.638903,0,118
0.644655,0,118
0.650408,0,118
0.656064,0,118
0.662104,0,118
0.667857,0,118
0.673513,0,118
0.679266,0,118
0.69892,0,131
0.706782,0,130
0.712534,0,130
0.718287,0,130
0.724231,0,130
0.731038,0,129
0.73679,0,129
0.741488,0,130
0.747432,0,130
0.751267,0,131
0.75702,0,131
0.762676,0,131
0.768429,0,131
0.774469,0,131
0.780125,0,131
0.79652,0,132
0.967558,0,582
0.972448,0,588
0.9782,0,586
0.985007,0,582
0.990664,0,582
0.996704,0,582
1.00246,0,580
1.00811,0,578
1.01387,0,576
1.01962,0,578
1.02537,0,576
1.03103,0,576
1.03678,0,576
1.04282,0,574
1.04848,0,574
1.05423,0,574
1.05998,0,574
1.06573,0,574
1.07139,0,574
1.07714,0,574
1.08289,0,576
1.08865,0,574
1.0943,0,574
1.10006,0,574
1.10581,0,574
1.11175,0,574
1.1175,0,574
1.12326,0,576
1.12901,0,578
1.13467,0,580
1.14042,0,582
1.14617,0,584
1.15106,0,586
1.15681,0,588
1.16247,0,592
1.16822,0,596
1.17282,0,602
1.18653,0,582
1.19219,0,584
1.19689,0,590
1.2083,0,596
1.23533,0,628
1.24109,0,626
1.24674,0,626
1.25144,0,636
1.2571,0,644
1.27627,0,716
1.28193,0,718
1.28797,0,716
1.30513,0,718
1.3152,0,1592
1.32095,0,1592
1.34415,0,910
1.3499,0,910
1.35585,0,906
1.3616,0,906
1.36735,0,904
1.37301,0,902
1.37876,0,902
1.38451,0,900
1.39017,0,898
1.39592,0,898
1.40167,0,896
1.40743,0,896
1.41308,0,894
1.41884,0,892
1.42488,0,890
1.43053,0,888
1.43629,0,888
1.44204,0,886
1.44779,0,886
1.45345,0,886
1.4707,0,890
1.48595,0,956
1.4917,0,954
1.49736,0,954
1.5034,0,954
1.50915,0,952
1.51481,0,952
1.52056,0,958
1.5522,0,1070
1.57022,0,1068
1.5893,0,1766
1.59505,0,1772
2.29177,0,3044
2.29752,0,3060
2.30327,0,3072
2.30816,0,3080
2.31391,0,3088
2.31957,0,3112
2.33108,0,3120
2.34248,0,3128
2.34852,0,3104
2.35428,0,3076
2.3608,0,3060
2.36655,0,3048
2.37249,0,3032
2.37825,0,3016
2.384,0,2996
2.38965,0,2976
2.39541,0,2952
2.40116,0,2928
2.40691,0,2912
2.41257,0,2900
2.41832,0,2888
2.42407,0,2872
2.43002,0,2864
2.43577,0,2856
2.44152,0,2840
2.44727,0,2808
2.45293,0,2788
2.45868,0,2780
2.46444,0,2764
2.47009,0,2748
2.47585,0,2744
2.48188,0,2740
2.4884,0,2728
2.49416,0,2716
2.49991,0,2700
2.50585,0,2688
2.51161,0,2676
2.51736,0,2656
2.52301,0,2632
2.52877,0,2624
2.53452,0,2620
2.54027,0,2612
2.54593,0,2604
2.55168,0,2596
2.55743,0,2588
2.56338,0,2572
2.56913,0,2556
2.57488,0,2544
2.58054,0,2540
2.58629,0,2532
2.59204,0,2516
2.5978,0,2508
2.60345,0,2512
2.60921,0,2496
2.61496,0,2488
2.6209,0,2468
2.62665,0,2460
2.63241,0,2460
2.63921,0,2456
2.64497,0,2448
2.65072,0,2440
2.65638,0,2432
2.66213,0,2420
2.66788,0,2408
2.67354,0,2400
2.67929,0,2396
2.68504,0,2384
2.69079,0,2372
2.69645,0,2364
2.7022,0,2368
2.70824,0,2368
2.7139,0,2352
2.71965,0,2348
2.7254,0,2348
2.73116,0,2348
2.73681,0,2344
2.74257,0,2332
2.74832,0,2316
2.75407,0,2300
2.75973,0,2300
2.76548,0,2296
2.77123,0,2292
2.77689,0,2288
2.78293,0,2280
2.78868,0,2280
2.79443,0,2272
2.80009,0,2268
2.80584,0,2268
2.81159,0,2260
2.81725,0,2252
2.823,0,2252
2.82876,0,2248
2.83451,0,2240
2.84017,0,2236
2.84707,0,2224
2.85272,0,2224
2.85848,0,2220
2.86423,0,2216
2.86989,0,2208
2.87564,0,2212
2.88168,0,2212
2.88734,0,2200
2.89309,0,2196
2.89884,0,2196
2.90459,0,2200
2.91025,0,2200
2.916,0,2200
2.92175,0,2196
2.92751,0,2184
2.93316,0,2180
2.93892,0,2176
2.94467,0,2172
2.95061,0,2172
2.95636,0,2168
2.96212,0,2164
2.96787,0,2172
2.97353,0,2164
2.97928,0,2156
2.98503,0,2156
2.99078,0,2152
2.99644,0,2152
3.00219,0,2148
3.00794,0,2148
3.0136,0,2148
3.01964,0,2148
3.02539,0,2148
3.03115,0,2144
3.0368,0,2144
3.04256,0,2144
3.04831,0,2140
3.05396,0,2140
3.05972,0,2136
3.06547,0,2136
3.07122,0,2136
3.07688,0,2136
3.08263,0,2136
3.08867,0,2132
3.09433,0,2132
3.10008,0,2132
3.10583,0,2136
3.11158,0,2136
3.11724,0,2136
3.12299,0,2132
3.12875,0,2132
3.1345,0,2132
3.14015,0,2136
3.14591,0,2136
3.15166,0,2136
3.1576,0,2132
3.16336,0,2132
3.16911,0,2136
3.17486,0,2136
3.18052,0,2140
3.18627,0,2140
3.19202,0,2136
3.19768,0,2140
3.20343,0,2140
3.20918,0,2136
3.21494,0,2140
3.22088,0,2144
3.22663,0,2144
3.23239,0,2144
3.23804,0,2144
3.24379,0,2144
3.24955,0,2148
3.2553,0,2152
3.26096,0,2152
3.26671,0,2152
3.27246,0,2156
3.2784,0,2156
3.28416,0,2160
3.28991,0,2160
3.29566,0,2160
3.30132,0,2160
3.30707,0,2160
3.31282,0,2164
3.31858,0,2168
3.32423,0,2164
3.32998,0,2164
3.33574,0,2176
3.34168,0,2176
3.34743,0,2184
3.35319,0,2184
3.35894,0,2184
3.3646,0,2188
3.37035,0,2192
3.3761,0,2192
3.38176,0,2196
3.38751,0,2200
3.39326,0,2204
3.39901,0,2212
3.40496,0,2212
3.41071,0,2208
3.41646,0,2212
3.42212,0,2212
3.42787,0,2216
3.43362,0,2228
3.43938,0,2232
3.44503,0,2232
3.45079,0,2232
3.45568,0,2240
3.46143,0,2240
3.46718,0,2240
3.47293,0,2256
3.47859,0,2256
3.48434,0,2256
3.49009,0,2268
3.49575,0,2276
3.50179,0,2280
3.50754,0,2276
3.5132,0,2280
3.51895,0,2288
3.5247,0,2288
3.53046,0,2288
3.53611,0,2300
3.54187,0,2300
3.54762,0,2308
3.55337,0,2320
3.55931,0,2316
3.56507,0,2328
3.57082,0,2340
3.57648,0,2332
3.58223,0,2348
3.58798,0,2360
3.59373,0,2364
3.59939,0,2368
3.60514,0,2376
3.61089,0,2384
3.61665,0,2376
3.62259,0,2388
3.62834,0,2404
3.6341,0,2408
3.63975,0,2404
3.64551,0,2408
3.65126,0,2420
3.65701,0,2432
3.66267,0,2448
3.66842,0,2452
3.67417,0,2456
3.67906,0,2464
3.68481,0,2472
3.69047,0,2480
3.69622,0,2492
3.70198,0,2504
3.70773,0,2504
3.71338,0,2512
3.71942,0,2500
3.72518,0,2468
3.7317,0,2456
3.74915,0,2432
3.7549,0,2412
3.76055,0,2388
3.76631,0,2352
3.77206,0,2324
3.778,0,2308
3.78376,0,2288
3.78951,0,2260
3.79631,0,2228
3.80207,0,2212
3.80772,0,2196
3.81348,0,2168
3.81923,0,2144
3.82498,0,2132
3.83093,0,2116
3.83668,0,2088
3.84243,0,2064
3.84809,0,2054
3.85499,0,2040
3.86065,0,2020
3.8664,0,2002
3.87215,0,1984
3.8779,0,1970
3.88385,0,1954
3.8896,0,1934
3.89535,0,1916
3.90101,0,1906
3.90676,0,1912
3.9174,0,2172
3.92316,0,2188
3.93572,0,1918
3.94137,0,1910
3.94712,0,1902
3.95393,0,1890
3.95968,0,1878
3.96544,0,1872
3.97608,0,1894
3.98173,0,1984
3.98749,0,1988
3.99353,0,2020
3.99918,0,2028
4.00494,0,2044
4.00954,0,2060
4.01558,0,2072
4.02133,0,2084
4.02699,0,2100
4.03274,0,2112
4.03849,0,2132
4.04424,0,2148
4.05019,0,2160
4.05594,0,2180
4.06169,0,2196
4.06735,0,2216
4.0731,0,2232
4.07799,0,2248
4.08374,0,2268
4.0895,0,2284
4.09525,0,2300
4.10091,0,2324
4.10666,0,2344
4.1127,0,2364
4.11835,0,2380
4.12411,0,2396
4.12986,0,2424
4.13561,0,2444
4.1405,0,2468
4.14616,0,2488
4.15191,0,2508
4.16342,0,2528
4.17214,0,2044
4.17703,0,2056
4.18278,0,2052
4.18959,0,2048
4.19525,0,2044
4.201,0,2040
4.20675,0,2032
4.2125,0,2028
4.21845,0,2022
4.2242,0,2012
4.22995,0,2004
4.23561,0,1996
4.25306,0,1992
4.3682,0,219
4.37395,0,218
4.37961,0,218
4.38642,0,217
4.39083,0,1912
4.39217,0,216
4.39658,0,1904
4.39898,0,215
4.40473,0,215
4.40904,0,1776
4.41048,0,215
4.41595,0,1752
4.41614,0,214
4.42189,0,214
4.42736,0,1754
4.42764,0,214
4.43311,0,1756
4.4334,0,214
4.43905,0,215
4.44375,0,216
4.44452,0,1754
4.44864,0,219
4.45027,0,1688
4.45248,0,222
4.45602,0,1690
4.46168,0,1684
4.47894,0,1674
4.51355,0,1654
4.52007,0,1634
4.52582,0,1626
4.53157,0,1618
4.53723,0,1604
4.54327,0,1592
4.54902,0,1584
4.55468,0,1592
4.56043,0,1600
4.56618,0,1586
4.57193,0,1574
4.57759,0,1568
4.58334,0,1570
4.5891,0,1578
4.59485,0,1596
4.6005,0,1600
4.60626,0,1594
4.61201,0,1600
4.61767,0,1600
4.62342,0,1598
4.62917,0,1598
4.63492,0,1596
4.64058,0,1596
4.64633,0,1594
4.65237,0,1594
4.65803,0,1594
4.66378,0,1592
4.66953,0,1594
4.67529,0,1594
4.68094,0,1592
4.68669,0,1592
4.69245,0,1592
4.6982,0,1592
4.70386,0,1592
4.70961,0,1592
4.71536,0,1594
4.72111,0,1592
4.72677,0,1592
4.73252,0,1594
4.73828,0,1594
4.74393,0,1594
4.74968,0,1594
4.75544,0,1594
4.76119,0,1594
4.76713,0,1594
4.77289,0,1596
4.77864,0,1598
4.78429,0,1598
4.79005,0,1598
4.7958,0,1600
4.80155,0,1602
4.80721,0,1600
4.81296,0,1606
4.81871,0,1614
4.82447,0,1616
4.83012,0,1636
4.83511,0,1654
4.84076,0,1652
4.84652,0,1650
4.85227,0,1654
4.85793,0,1658
4.86857,0,1868
4.87432,0,1878
4.88007,0,1884
4.89177,0,1890
4.9073,0,1030
4.91392,0,1024
4.91957,0,1010
4.92561,0,998
4.93136,0,1000
4.93702,0,1002
4.94277,0,990
4.94958,0,976
4.95533,0,976
4.96109,0,976
4.96674,0,976
4.97278,0,976
4.97853,0,976
4.98419,0,974
4.98994,0,974
5.0025,0,926
5.00826,0,922
5.01391,0,936
5.0189,0,954
5.02455,0,976
5.04095,0,988
5.05351,0,948
5.05926,0,946
5.50977,0,165
5.52722,0,164
5.55033,0,158
5.56998,0,156
5.57765,0,154
5.58446,0,153
5.59126,0,152
5.59807,0,151
5.60382,0,151
5.61255,0,149
5.61936,0,148
5.62511,0,148
5.63191,0,147
5.63872,0,146
5.64476,0,146
5.65157,0,145
5.65809,0,144
5.6649,0,143
5.67285,0,142
5.67851,0,142
5.68532,0,141
5.69107,0,141
5.69788,0,140
5.70468,0,139
5.71044,0,139
5.71839,0,138
5.72405,0,138
5.73095,0,137
5.73776,0,136
5.74562,0,135
5.75137,0,135
5.75713,0,135
5.76393,0,134
5.76959,0,134
5.77649,0,133
5.78435,0,132
5.79011,0,132
5.79691,0,131
5.80267,0,131
5.81053,0,130
5.81628,0,130
5.82222,0,130
5.82884,0,129
5.83478,0,129
5.84245,0,128
5.8484,0,128
5.8553,0,127
5.8599,0,128
5.86671,0,127
5.87246,0,127
5.87841,0,127
5.88608,0,126
5.89183,0,126
5.89864,0,125
5.90458,0,125
5.91033,0,125
5.91608,0,125
5.92395,0,124
5.9297,0,124
5.93545,0,124
5.94226,0,123
5.9483,0,123
5.95395,0,123
5.96162,0,122
5.96757,0,122
5.97332,0,122
5.98128,0,121
5.98694,0,121
5.99269,0,121
5.99844,0,121
6.00438,0,121
6.01014,0,121
6.01694,0,120
6.0227,0,120
6.02874,0,120
6.03439,0,120
6.04015,0,120
6.0459,0,120
6.05376,0,119
6.05951,0,119
6.06526,0,119
6.07121,0,119
6.07696,0,119
6.08492,0,118
6.09057,0,118
6.09633,0,118
6.10208,0,118
6.10802,0,118
6.11378,0,118
6.11953,0,118
6.12547,0,118
6.13123,0,118
6.13698,0,118
6.14484,0,117
6.15059,0,117
6.15634,0,117
6.1621,0,117
6.16775,0,117
6.17379,0,117
6.17955,0,117
6.1852,0,117
6.19095,0,117
6.19671,0,117
6.20246,0,117
6.20927,0,116
6.21492,0,116
6.22096,0,116
6.22672,0,116
6.23237,0,116
6.23812,0,116
6.24388,0,116
6.24963,0,116
6.25557,0,116
6.26133,0,116
6.26708,0,116
6.27274,0,116
6.27849,0,116
0.0343228,840,118
0.190022,840,114
0.190309,840,120
0.199801,840,118
0.218688,840,117
0.223002,840,121
0.229618,840,120
0.237192,840,119
0.246779,840,117
0.252244,840,117
0.274007,840,124
0.279472,840,124
0.288197,840,122
0.295867,840,121
0.313603,840,120
0.352049,840,128
0.358568,840,127
0.36432,840,127
0.371607,840,126
0.377359,840,126
0.383112,840,126
0.388577,840,126
0.394329,840,126
0.397876,840,127
0.403245,840,127
0.408998,840,127
0.41475,840,127
0.419064,840,128
0.424817,840,128
0.430569,840,128
0.434117,840,129
0.439581,840,129
0.444183,840,130
0.449936,840,130
0.453483,840,131
0.459235,840,131
0.464892,840,131
0.470357,840,131
0.480711,840,132
0.599595,840,446
0.605347,840,444
0.6111,840,441
0.616564,840,441
0.622317,840,440
0.627973,840,440
0.634589,840,439
0.639958,840,439
0.644943,840,440
0.650408,840,441
0.656064,840,441
0.836595,840,120
0.842347,840,120
0.847812,840,120
0.853564,840,120
0.859221,840,120
0.864686,840,120
0.869384,840,121
0.87504,840,121
0.880793,840,121
0.88434,840,122
0.890092,840,122
0.895557,840,122
0.901214,840,122
0.904761,840,123
0.915115,840,124
0.946562,840,129
0.949246,840,131
0.953848,840,132
0.970818,840,132
0.98472,840,134
0.997279,840,142
1.00083,840,143
1.00543,840,144
1.03707,840,146
1.07848,840,438
1.08424,840,438
1.0897,840,439
1.0943,840,440
1.10006,840,440
1.10552,840,441
1.11127,840,440
1.11693,840,440
1.12239,840,441
1.12815,840,442
1.13361,840,443
1.13936,840,445
1.14473,840,446
1.14943,840,448
1.15518,840,449
1.16084,840,452
1.1663,840,454
1.171,840,458
1.17666,840,461
1.18136,840,465
1.18682,840,470
1.19142,840,475
1.19718,840,480
1.20178,840,485
1.20724,840,490
1.21184,840,497
1.21654,840,503
1.2222,840,508
1.2269,840,516
1.2315,840,524
1.23696,840,530
1.24157,840,536
1.24732,840,546
1.25192,840,554
1.27244,840,580
1.27896,840,568
1.28471,840,566
1.29391,840,588
1.30053,840,582
1.30618,840,578
1.31165,840,580
1.3174,840,580
1.32287,840,578
1.32862,840,574
1.33408,840,582
1.33869,840,590
1.34549,840,582
1.35096,840,574
1.35671,840,574
1.36217,840,576
1.36898,840,570
1.38912,840,598
1.40225,840,568
1.40791,840,562
1.41912,840,560
1.44808,840,558
1.45345,840,556
1.4592,840,558
1.47042,840,558
1.487,840,558
1.49276,840,556
1.49822,840,550
1.50474,840,546
1.51049,840,544
1.51596,840,542
1.52171,840,538
1.52823,840,534
1.53369,840,530
1.53935,840,526
1.54596,840,514
1.55248,840,506
1.55795,840,502
1.56447,840,499
1.57022,840,496
1.57569,840,494
1.58134,840,492
1.58796,840,490
1.59342,840,488
1.59908,840,487
1.60454,840,487
1.6103,840,486
1.61576,840,486
1.62151,840,486
1.62688,840,487
1.63263,840,488
1.6381,840,488
1.64385,840,490
1.64845,840,492
1.65392,840,494
1.65938,840,497
1.66514,840,500
1.66974,840,503
1.6752,840,505
1.68096,840,509
1.68556,840,514
1.69102,840,518
1.69677,840,522
1.70109,840,524
1.70684,840,526
1.71231,840,528
1.71806,840,530
1.72343,840,532
1.72918,840,534
1.73378,840,536
1.73925,840,538
1.745,840,540
1.75046,840,542
1.75622,840,544
1.76168,840,546
1.76628,840,548
1.77204,840,550
1.7775,840,552
1.78316,840,552
1.78862,840,554
1.79409,840,556
1.79984,840,558
1.80444,840,560
1.80991,840,564
1.81566,840,566
1.82112,840,570
1.82572,840,574
1.83148,840,576
1.83694,840,576
1.8426,840,578
1.84806,840,580
1.85382,840,580
1.85928,840,584
1.86388,840,590
1.86935,840,598
1.87405,840,606
1.8797,840,612
1.88517,840,614
1.88986,840,616
1.89552,840,618
1.90099,840,620
1.90674,840,624
1.91134,840,632
1.9168,840,642
1.92141,840,650
1.92716,840,660
1.93186,840,674
1.94739,840,690
2.02313,840,642
2.03521,840,630
2.04202,840,602
2.04854,840,598
2.054,840,596
2.05975,840,598
2.06512,840,598
2.07087,840,590
2.08401,840,566
2.08947,840,568
2.09513,840,568
2.10059,840,570
2.10529,840,574
2.11095,840,576
2.11641,840,576
2.12217,840,574
2.12869,840,570
2.1353,840,558
2.14182,840,546
2.14757,840,544
2.15294,840,546
2.15764,840,548
2.16416,840,546
2.16876,840,548
2.17451,840,548
2.18103,840,544
2.1865,840,536
2.19311,840,532
2.19772,840,536
2.20423,840,534
2.20893,840,536
2.21353,840,550
2.21814,840,566
2.22283,840,584
2.22744,840,598
2.23204,840,604
2.2375,840,608
2.25447,840,610
2.26425,840,2444
2.27,840,2452
2.27547,840,2448
2.28007,840,2468
2.28554,840,2480
2.29129,840,2496
2.29694,840,2508
2.30241,840,2512
2.30816,840,2516
2.31363,840,2528
2.31938,840,2532
2.32475,840,2552
2.3305,840,2576
2.33597,840,2592
2.34172,840,2608
2.34718,840,2620
2.35284,840,2624
2.3583,840,2628
2.36406,840,2644
2.36952,840,2656
2.37527,840,2672
2.38074,840,2692
2.38639,840,2708
2.39186,840,2732
2.39646,840,2740
2.40221,840,2752
2.40768,840,2776
2.41343,840,2788
2.4189,840,2804
2.42455,840,2816
2.43002,840,2832
2.44123,840,2864
2.45245,840,2876
2.45782,840,2868
2.46357,840,2856
2.46904,840,2836
2.47479,840,2820
2.48026,840,2820
2.48591,840,2804
2.49138,840,2776
2.49713,840,2760
2.50259,840,2748
2.50835,840,2744
2.51487,840,2732
2.52033,840,2716
2.52608,840,2712
2.53145,840,2708
2.5372,840,2688
2.54267,840,2680
2.54813,840,2668
2.55389,840,2644
2.55935,840,2636
2.56501,840,2624
2.57047,840,2612
2.57622,840,2604
2.58169,840,2604
2.58744,840,2592
2.59281,840,2576
2.59856,840,2572
2.60403,840,2564
2.60978,840,2552
2.61525,840,2540
2.6209,840,2536
2.62637,840,2532
2.63212,840,2516
2.63758,840,2508
2.64305,840,2492
2.6488,840,2484
2.65417,840,2480
2.65992,840,2476
2.66539,840,2468
2.67114,840,2460
2.67766,840,2448
2.68312,840,2440
2.68888,840,2432
2.69434,840,2432
2.7,840,2424
2.70546,840,2416
2.71122,840,2408
2.71668,840,2392
2.72243,840,2384
2.7278,840,2380
2.73355,840,2380
2.73902,840,2372
2.74448,840,2368
2.75024,840,2364
2.7557,840,2356
2.76136,840,2344
2.76682,840,2332
2.77257,840,2328
2.77804,840,2328
2.78379,840,2324
2.78916,840,2320
2.79491,840,2308
2.80038,840,2296
2.80613,840,2296
2.81159,840,2296
2.81725,840,2292
2.82272,840,2284
2.82818,840,2280
2.83393,840,2272
2.8394,840,2272
2.84515,840,2272
2.85052,840,2268
2.85627,840,2264
2.86174,840,2252
2.86749,840,2248
2.87295,840,2244
2.87861,840,2240
2.88523,840,2232
2.89069,840,2228
2.89635,840,2228
2.90181,840,2224
2.90756,840,2216
2.91303,840,2216
2.91878,840,2216
2.92415,840,2204
2.9299,840,2200
2.93537,840,2196
2.94083,840,2196
2.94659,840,2200
2.95205,840,2196
2.95771,840,2196
2.96317,840,2192
2.96892,840,2188
2.97439,840,2188
2.97985,840,2180
2.98551,840,2168
2.99097,840,2164
2.99673,840,2168
3.00219,840,2172
3.00766,840,2172
3.01341,840,2164
3.01887,840,2156
3.02453,840,2156
3.03,840,2156
3.03575,840,2148
3.04121,840,2144
3.04668,840,2148
3.05233,840,2152
3.0578,840,2152
3.06355,840,2148
3.06902,840,2144
3.07448,840,2144
3.08023,840,2144
3.0856,840,2144
3.09135,840,2136
3.09682,840,2136
3.10257,840,2136
3.10804,840,2136
3.1135,840,2136
3.11916,840,2140
3.12462,840,2140
3.13038,840,2136
3.13584,840,2136
3.1413,840,2136
3.14696,840,2136
3.15243,840,2132
3.15818,840,2132
3.16364,840,2136
3.1694,840,2136
3.17486,840,2136
3.18023,840,2136
3.18598,840,2132
3.19145,840,2132
3.1972,840,2136
3.20266,840,2136
3.20813,840,2136
3.21379,840,2140
3.21925,840,2140
3.225,840,2136
3.23047,840,2136
3.23622,840,2140
3.24159,840,2140
3.24705,840,2144
3.25281,840,2144
3.25827,840,2144
3.26402,840,2148
3.26949,840,2148
3.27486,840,2144
3.28061,840,2144
3.28607,840,2148
3.29183,840,2148
3.29729,840,2148
3.30295,840,2152
3.30841,840,2156
3.31388,840,2156
3.31963,840,2152
3.3251,840,2156
3.33085,840,2160
3.33622,840,2164
3.34168,840,2168
3.34743,840,2164
3.3529,840,2164
3.35865,840,2168
3.36412,840,2172
3.36977,840,2176
3.37524,840,2172
3.3807,840,2172
3.38645,840,2184
3.39192,840,2188
3.39758,840,2188
3.40304,840,2188
3.40851,840,2184
3.41426,840,2188
3.41972,840,2196
3.42547,840,2196
3.43084,840,2196
3.4366,840,2204
3.44206,840,2208
3.44753,840,2204
3.45328,840,2204
3.45874,840,2224
3.4644,840,2228
3.46986,840,2220
3.47533,840,2224
3.48108,840,2232
3.48655,840,2232
3.4922,840,2232
3.49661,840,2240
3.50237,840,2248
3.50783,840,2252
3.51349,840,2252
3.51895,840,2260
3.52442,840,2264
3.53017,840,2264
3.53563,840,2268
3.5411,840,2276
3.54676,840,2280
3.55222,840,2284
3.55797,840,2288
3.56344,840,2288
3.5689,840,2296
3.57456,840,2308
3.58002,840,2316
3.58549,840,2316
3.59124,840,2324
3.59671,840,2336
3.60246,840,2336
3.60792,840,2340
3.61329,840,2352
3.61904,840,2352
3.62451,840,2352
3.62997,840,2356
3.63573,840,2328
3.64119,840,2336
3.64685,840,2348
3.65231,840,2312
3.65778,840,2284
3.66353,840,2268
3.66899,840,2252
3.67551,840,2228
3.68098,840,2204
3.68673,840,2176
3.6921,840,2160
3.69785,840,2136
3.70332,840,2116
3.70878,840,2100
3.71453,840,2080
3.72,840,2056
3.72652,840,2030
3.73198,840,2010
3.73764,840,2000
3.7431,840,1984
3.74886,840,1962
3.75432,840,1944
3.75979,840,1928
3.76554,840,1928
3.77091,840,1912
3.77752,840,1886
3.78299,840,1874
3.78865,840,1854
3.79411,840,1836
3.79957,840,1824
3.80533,840,1814
3.81079,840,1798
3.81654,840,1784
3.82191,840,1772
3.82853,840,1752
3.83399,840,1740
3.83965,840,1734
3.84511,840,1724
3.85058,840,1710
3.85633,840,1696
3.8618,840,1686
3.86745,840,1674
3.87292,840,1660
3.87838,840,1650
3.88414,840,1642
3.89065,840,1632
3.89612,840,1618
3.90158,840,1608
3.90734,840,1590
3.91817,840,1582
3.92479,840,1518
3.93044,840,1504
3.93591,840,1504
3.94166,840,1490
3.94712,840,1482
3.95259,840,1468
3.97819,840,3064
3.98289,840,3156
3.98835,840,3192
3.99372,840,3192
4.03274,840,3156
4.03849,840,3108
4.04396,840,3084
4.0709,840,3748
4.07636,840,3796
4.09304,840,3848
4.10532,840,3132
4.11078,840,3136
4.11644,840,3084
4.12852,840,3072
4.20896,840,4400
4.21461,840,4448
4.22008,840,4528
4.22583,840,4584
4.25833,840,5344
4.34145,840,1154
4.34721,840,1150
4.35267,840,1146
4.35833,840,1142
4.36379,840,1140
4.36954,840,1138
4.37501,840,1134
4.38047,840,1132
4.38623,840,1130
4.3916,840,1128
4.39735,840,1126
4.40281,840,1124
4.40933,840,1110
4.42601,840,1110
4.43177,840,1110
4.43714,840,1110
4.44289,840,1104
4.44835,840,1104
4.45382,840,1102
4.45957,840,1100
4.46503,840,1112
4.47807,840,1020
4.49476,840,1018
4.49849,840,1088
4.50396,840,1086
4.50971,840,1086
4.53176,840,1082
4.53752,840,1076
4.54298,840,1076
4.54844,840,1076
4.55496,840,1062
4.56072,840,1042
4.56724,840,1024
4.5727,840,998
4.57922,840,980
4.58468,840,968
4.59044,840,966
4.5959,840,968
4.60137,840,964
4.60712,840,966
4.61249,840,962
4.61795,840,960
4.62342,840,960
4.62917,840,958
4.63464,840,958
4.6401,840,956
4.64576,840,956
4.65122,840,954
4.65669,840,952
4.66244,840,952
4.6679,840,950
4.67337,840,950
4.67902,840,950
4.68449,840,948
4.68995,840,946
4.69657,840,944
4.70117,840,946
4.70769,840,944
4.71316,840,942
4.71862,840,944
4.72437,840,944
4.72984,840,942
4.73521,840,942
4.74096,840,940
4.74642,840,940
4.75189,840,942
4.75764,840,942
4.76311,840,942
4.76848,840,938
4.77423,840,936
4.77969,840,938
4.78516,840,936
4.79062,840,938
4.79637,840,936
4.80174,840,934
4.80721,840,938
4.81296,840,936
4.81843,840,934
4.82389,840,936
4.82964,840,934
4.83511,840,934
4.84048,840,936
4.84623,840,934
4.85169,840,934
4.85716,840,934
4.86291,840,936
4.86838,840,936
4.87374,840,934
4.87921,840,938
4.88496,840,944
4.89043,840,940
4.89589,840,936
4.90164,840,938
4.90701,840,938
4.91248,840,938
4.91823,840,936
4.92369,840,934
4.92916,840,938
4.93491,840,938
4.94028,840,938
4.94575,840,940
4.9515,840,936
4.95696,840,938
4.96243,840,942
4.96789,840,944
4.97355,840,944
4.97901,840,942
4.98448,840,944
4.99464,840,948
5.45627,840,143
5.46174,840,143
5.46749,840,143
5.47507,840,142
5.48168,840,141
5.4882,840,140
5.49472,840,139
5.50239,840,138
5.50891,840,137
5.51543,840,136
5.52118,840,136
5.52885,840,135
5.53537,840,134
5.54189,840,133
5.54956,840,132
5.55608,840,131
5.56183,840,131
5.56921,840,130
5.57602,840,129
5.58148,840,129
5.58906,840,128
5.59481,840,128
5.60133,840,127
5.609,840,126
5.61447,840,126
5.62099,840,125
5.62865,840,124
5.63441,840,124
5.64093,840,123
5.64639,840,123
5.65397,840,122
5.65972,840,122
5.66739,840,121
5.67391,840,120
5.67937,840,120
5.68704,840,119
5.6927,840,119
5.69816,840,119
5.70583,840,118
5.71159,840,118
5.71916,840,117
5.72462,840,117
5.73038,840,117
5.7369,840,116
5.74236,840,116
5.75003,840,115
5.75569,840,115
5.76115,840,115
5.76882,840,114
5.77457,840,114
5.78215,840,113
5.78761,840,113
5.79528,840,112
5.80075,840,112
5.80641,840,112
5.81216,840,112
5.81954,840,111
5.82529,840,111
5.83287,840,110
5.83862,840,110
5.84408,840,110
5.85175,840,109
5.85741,840,109
5.86287,840,109
5.86863,840,109
5.87409,840,109
5.87984,840,109
5.88742,840,108
5.89288,840,108
5.89672,840,109
5.90218,840,109
5.90794,840,109
5.9133,840,109
5.91906,840,109
5.92836,840,110
5.95702,840,122
5.96239,840,122
5.96814,840,122
5.97361,840,122
5.97936,840,122
5.98694,840,121
5.9924,840,121
5.99815,840,121
6.00467,840,120
6.01042,840,120
6.01589,840,120
6.02049,840,121
6.02624,840,121
6.032,840,121
6.04398,840,120
6.06498,840,118
6.06852,840,119
6.07667,840,121
6.11704,840,120
6.13017,840,119
0.00325971,1240,116
0.00891626,1240,116
0.0146687,1240,116
0.0204211,1240,116
0.0263653,1240,116
0.0321177,1240,116
0.0378702,1240,116
0.0438143,1240,116
0.0485121,1240,117
0.0544563,1240,117
0.0602087,1240,117
0.0643313,1240,117
0.0700837,1240,117
0.0757403,1240,117
0.0814927,1240,117
0.0875328,1240,117
0.0931893,1240,117
0.0989418,1240,117
0.104694,1240,117
0.110638,1240,117
0.116391,1240,117
0.122143,1240,117
0.127896,1240,117
0.13384,1240,117
0.139592,1240,117
0.145345,1240,117
0.149084,1240,118
0.154836,1240,118
0.160589,1240,118
0.166533,1240,118
0.172285,1240,118
0.178038,1240,118
0.18379,1240,118
0.189734,1240,118
0.195487,1240,118
0.201239,1240,118
0.205074,1240,119
0.210731,1240,119
0.216483,1240,119
0.222523,1240,119
0.22818,1240,119
0.232015,1240,120
0.237767,1240,120
0.243519,1240,120
0.249464,1240,120
0.255216,1240,120
0.260968,1240,120
0.266625,1240,120
0.27161,1240,121
0.277267,1240,121
0.283019,1240,121
0.288772,1240,121
0.294524,1240,121
0.300468,1240,121
0.306221,1240,121
0.310056,1240,122
0.315712,1240,122
0.321465,1240,122
0.327217,1240,122
0.33297,1240,122
0.336709,1240,123
0.342461,1240,123
0.347351,1240,124
0.353103,1240,124
0.358856,1240,124
0.364608,1240,124
0.370265,1240,124
0.3741,1240,125
0.379852,1240,125
0.385796,1240,125
0.390494,1240,126
0.396151,1240,126
0.402191,1240,126
0.407943,1240,126
0.413695,1240,126
0.417435,1240,127
0.423187,1240,127
0.428939,1240,127
0.433829,1240,128
0.439581,1240,128
0.445238,1240,128
0.449073,1240,129
0.454825,1240,129
0.460578,1240,129
0.46633,1240,129
0.47122,1240,130
0.476876,1240,130
0.480711,1240,131
0.486464,1240,131
0.492216,1240,131
0.497106,1240,132
0.502858,1240,132
0.506597,1240,133
0.51235,1240,133
0.517047,1240,134
0.522992,1240,134
0.527689,1240,135
0.533346,1240,135
0.539098,1240,135
0.545138,1240,135
0.550795,1240,135
0.55463,1240,136
0.559232,1240,137
0.564217,1240,138
0.569874,1240,138
0.575626,1240,138
0.581379,1240,138
0.585214,1240,139
0.590103,1240,140
0.595856,1240,140
0.600458,1240,141
0.606498,1240,141
0.6111,1240,142
0.616852,1240,142
0.620591,1240,143
0.626344,1240,143
0.631233,1240,144
0.636986,1240,144
0.641875,1240,145
0.65338,1240,145
0.668912,1240,137
0.677636,1240,135
0.683676,1240,135
0.690196,1240,134
0.697003,1240,133
0.702755,1240,133
0.710617,1240,132
0.716369,1240,132
0.722121,1240,132
0.727778,1240,132
0.733818,1240,132
0.73957,1240,132
0.745227,1240,132
0.749062,1240,133
0.754814,1240,133
0.760567,1240,133
0.765456,1240,134
0.771209,1240,134
0.775811,1240,135
0.781563,1240,135
0.785398,1240,136
0.791342,1240,136
0.795944,1240,137
0.80093,1240,138
0.806586,1240,138
0.810421,1240,139
0.815311,1240,140
0.820009,1240,141
0.824898,1240,142
0.828733,1240,143
0.834486,1240,143
0.839375,1240,144
0.845032,1240,144
0.849729,1240,145
0.854619,1240,146
0.859509,1240,147
0.864206,1240,148
0.869096,1240,149
0.872931,1240,150
0.877533,1240,151
0.882422,1240,152
0.887312,1240,153
0.89201,1240,154
0.896899,1240,155
0.901501,1240,156
0.907541,1240,156
0.911376,1240,158
0.915978,1240,159
0.920868,1240,160
0.925566,1240,161
0.930455,1240,162
0.935345,1240,163
0.939947,1240,164
0.944932,1240,166
0.960176,1240,168
1.00294,1240,216
1.01358,1240,218
1.17532,1240,259
1.18021,1240,263
1.1851,1240,266
1.21865,1240,289
1.22249,1240,293
1.22738,1240,297
1.22824,1240,345
1.23399,1240,346
1.3755,1240,540
1.38125,1240,544
1.39755,1240,548
1.41586,1240,628
1.42162,1240,628
1.42727,1240,628
1.43303,1240,626
1.43878,1240,626
1.44453,1240,624
1.45047,1240,624
1.45623,1240,624
1.46198,1240,624
1.46764,1240,624
1.47339,1240,622
1.47914,1240,622
1.48489,1240,624
1.49055,1240,624
1.49659,1240,622
1.50234,1240,622
1.508,1240,622
1.51375,1240,622
1.5195,1240,620
1.52516,1240,620
1.53091,1240,620
1.53667,1240,620
1.54271,1240,620
1.54836,1240,620
1.55411,1240,620
1.55987,1240,620
1.56552,1240,618
1.57128,1240,620
1.57703,1240,620
1.58278,1240,620
1.58872,1240,620
1.59448,1240,620
1.60023,1240,622
1.60589,1240,620
1.61164,1240,620
1.61739,1240,622
1.62314,1240,622
1.6288,1240,622
1.63484,1240,622
1.64059,1240,622
1.64625,1240,624
1.652,1240,624
1.65775,1240,622
1.66351,1240,624
1.66916,1240,626
1.67492,1240,628
1.68096,1240,628
1.68661,1240,626
1.69236,1240,628
1.69812,1240,628
1.70387,1240,628
1.70953,1240,630
1.71528,1240,630
1.72103,1240,630
1.72592,1240,632
1.73167,1240,634
1.73733,1240,634
1.74308,1240,634
1.74883,1240,634
1.75487,1240,636
1.76053,1240,636
1.76628,1240,636
1.77204,1240,636
1.7892,1240,640
2.11152,1240,724
2.14585,1240,736
2.37441,1240,2944
2.38016,1240,2900
2.38592,1240,2876
2.39157,1240,2860
2.39761,1240,2848
2.40336,1240,2820
2.40902,1240,2804
2.41477,1240,2796
2.42053,1240,2768
2.42628,1240,2752
2.43193,1240,2744
2.43874,1240,2732
2.44449,1240,2724
2.45025,1240,2716
2.456,1240,2704
2.46166,1240,2696
2.4677,1240,2680
2.47345,1240,2660
2.4791,1240,2640
2.48486,1240,2628
2.49061,1240,2620
2.49636,1240,2612
2.50202,1240,2608
2.50777,1240,2608
2.51352,1240,2596
2.51947,1240,2588
2.52522,1240,2572
2.53097,1240,2552
2.53672,1240,2540
2.54238,1240,2536
2.54813,1240,2532
2.55389,1240,2516
2.55954,1240,2504
2.5653,1240,2496
2.57134,1240,2484
2.57709,1240,2480
2.58274,1240,2468
2.5885,1240,2460
2.5953,1240,2456
2.60106,1240,2452
2.60681,1240,2444
2.61247,1240,2428
2.61822,1240,2424
2.62397,1240,2424
2.62963,1240,2412
2.63538,1240,2396
2.64142,1240,2392
2.64717,1240,2384
2.65283,1240,2376
2.65858,1240,2372
2.66433,1240,2368
2.66999,1240,2360
2.67574,1240,2360
2.68149,1240,2352
2.68725,1240,2344
2.69319,1240,2336
2.69894,1240,2328
2.7047,1240,2328
2.71035,1240,2320
2.7161,1240,2308
2.72186,1240,2304
2.72761,1240,2300
2.73327,1240,2296
2.73902,1240,2292
2.74506,1240,2288
2.75072,1240,2284
2.75647,1240,2276
2.76222,1240,2272
2.76797,1240,2268
2.77363,1240,2264
2.77938,1240,2260
2.78513,1240,2256
2.79108,1240,2252
2.79683,1240,2244
2.80258,1240,2240
2.80834,1240,2236
2.81514,1240,2232
2.8208,1240,2228
2.82655,1240,2224
2.8323,1240,2224
2.83806,1240,2220
2.84371,1240,2212
2.84947,1240,2212
2.85522,1240,2212
2.86097,1240,2208
2.86663,1240,2200
2.87238,1240,2196
2.87842,1240,2196
2.88408,1240,2192
2.88983,1240,2188
2.89558,1240,2188
2.90133,1240,2184
2.90699,1240,2180
2.91274,1240,2180
2.91849,1240,2180
2.92415,1240,2176
2.9299,1240,2172
2.93566,1240,2168
2.94141,1240,2168
2.94706,1240,2164
2.95282,1240,2164
2.95886,1240,2160
2.96451,1240,2160
2.97027,1240,2156
2.97602,1240,2152
2.98177,1240,2152
2.98743,1240,2152
2.99318,1240,2152
2.99893,1240,2152
3.00468,1240,2148
3.01034,1240,2148
3.01609,1240,2148
3.02185,1240,2144
3.0276,1240,2144
3.03326,1240,2144
3.0393,1240,2144
3.04505,1240,2140
3.0507,1240,2140
3.05646,1240,2140
3.06221,1240,2144
3.06796,1240,2140
3.07362,1240,2140
3.07937,1240,2136
3.08512,1240,2140
3.09078,1240,2140
3.09653,1240,2140
3.10228,1240,2144
3.10804,1240,2140
3.11369,1240,2136
3.11973,1240,2136
3.12549,1240,2144
3.13114,1240,2144
3.13689,1240,2144
3.14265,1240,2144
3.1484,1240,2144
3.15406,1240,2144
3.15981,1240,2144
3.16556,1240,2148
3.17131,1240,2148
3.17697,1240,2148
3.18272,1240,2144
3.18847,1240,2148
3.19413,1240,2148
3.20017,1240,2148
3.20592,1240,2152
3.21168,1240,2152
3.21733,1240,2152
3.22309,1240,2152
3.22884,1240,2156
3.23449,1240,2156
3.24025,1240,2156
3.246,1240,2160
3.25175,1240,2160
3.25741,1240,2168
3.26316,1240,2168
3.26891,1240,2168
3.27467,1240,2168
3.28061,1240,2172
3.28636,1240,2176
3.29211,1240,2180
3.29777,1240,2180
3.30352,1240,2184
3.30928,1240,2184
3.31503,1240,2184
3.32068,1240,2188
3.32644,1240,2192
3.33219,1240,2192
3.33794,1240,2196
3.3436,1240,2200
3.34935,1240,2204
3.3551,1240,2208
3.36105,1240,2208
3.3668,1240,2208
3.37255,1240,2212
3.37821,1240,2220
3.38396,1240,2224
3.38971,1240,2228
3.39547,1240,2232
3.40036,1240,2236
3.40611,1240,2236
3.41177,1240,2244
3.41752,1240,2248
3.42327,1240,2256
3.42902,1240,2260
3.43468,1240,2260
3.44072,1240,2264
3.44647,1240,2268
3.45213,1240,2276
3.45788,1240,2280
3.46363,1240,2284
3.46939,1240,2284
3.47504,1240,2288
3.48079,1240,2292
3.48683,1240,2300
3.49249,1240,2308
3.49824,1240,2312
3.504,1240,2320
3.50975,1240,2328
3.5154,1240,2332
3.52116,1240,2340
3.52691,1240,2348
3.53285,1240,2352
3.53861,1240,2356
3.54436,1240,2360
3.55001,1240,2368
3.55577,1240,2372
3.56152,1240,2380
3.56727,1240,2388
3.57293,1240,2392
3.57897,1240,2392
3.58472,1240,2400
3.59038,1240,2420
3.59613,1240,2432
3.60188,1240,2436
3.60764,1240,2440
3.61329,1240,2452
3.61828,1240,2460
3.62393,1240,2464
3.62969,1240,2476
3.63544,1240,2484
3.64119,1240,2488
3.64714,1240,2492
3.65289,1240,2508
3.65864,1240,2516
3.6643,1240,2516
3.67005,1240,2532
3.6758,1240,2540
3.68155,1240,2548
3.68721,1240,2556
3.69325,1240,2572
3.699,1240,2588
3.70466,1240,2596
3.71041,1240,2600
3.71616,1240,2596
3.72182,1240,2580
3.72757,1240,2552
3.73333,1240,2536
3.73937,1240,2528
3.74502,1240,2516
3.75077,1240,2496
3.75653,1240,2460
3.76333,1240,2436
3.76909,1240,2428
3.77474,1240,2416
3.7805,1240,2400
3.78625,1240,2380
3.792,1240,2360
3.79766,1240,2344
3.80341,1240,2328
3.80945,1240,2320
3.81511,1240,2304
3.82086,1240,2284
3.82661,1240,2268
3.83227,1240,2248
3.83917,1240,2224
3.84483,1240,2220
3.85058,1240,2212
3.85633,1240,2200
3.86208,1240,2184
3.86774,1240,2172
3.87378,1240,2160
3.87953,1240,2144
3.88519,1240,2132
3.89094,1240,2120
3.89669,1240,2104
3.90245,1240,2088
3.9081,1240,2076
3.91386,1240,2068
3.9199,1240,2060
3.92555,1240,2060
3.93131,1240,2076
3.93706,1240,2096
3.94271,1240,2108
3.94847,1240,2136
3.95451,1240,2132
3.96026,1240,2100
3.96592,1240,2092
3.97167,1240,2084
3.97771,1240,2072
3.98336,1240,2064
3.98912,1240,2056
3.99592,1240,2048
4.00168,1240,2046
4.00743,1240,2040
4.01337,1240,2030
4.01913,1240,2020
4.02488,1240,2006
4.03053,1240,1998
4.03657,1240,1990
4.04233,1240,1982
4.04798,1240,1976
4.05374,1240,1964
4.05978,1240,1954
4.06543,1240,1948
4.07119,1240,1942
4.07694,1240,1932
4.08269,1240,1924
4.08863,1240,1916
4.09439,1240,1908
4.10014,1240,1900
4.1058,1240,1894
4.11184,1240,1892
4.11864,1240,1888
4.12439,1240,1878
4.13015,1240,1870
4.1358,1240,1864
4.14156,1240,1854
4.1476,1240,1844
4.15325,1240,1840
4.15901,1240,1832
4.16476,1240,1828
4.1707,1240,1826
4.17645,1240,1816
4.18221,1240,1808
4.18796,1240,1806
4.1939,1240,1804
4.19966,1240,1796
4.20541,1240,1788
4.21106,1240,1786
4.2171,1240,1792
4.22286,1240,1786
4.22851,1240,1768
4.23427,1240,1762
4.24107,1240,1756
4.24683,1240,1754
4.25287,1240,1750
4.25852,1240,1746
4.26428,1240,1738
4.27003,1240,1734
4.27597,1240,1734
4.28172,1240,1728
4.28748,1240,1722
4.29323,1240,1718
4.29889,1240,1716
4.30493,1240,1712
4.31068,1240,1706
4.31633,1240,1702
4.32209,1240,1698
4.32813,1240,1696
4.33378,1240,1696
4.33954,1240,1690
4.34529,1240,1686
4.35123,1240,1682
4.35698,1240,1678
4.36274,1240,1676
4.37443,1240,1674
4.41048,1240,626
4.41614,1240,616
4.42304,1240,608
4.42956,1240,596
4.43551,1240,588
4.44126,1240,592
4.44701,1240,592
4.45276,1240,586
4.45957,1240,582
4.46551,1240,578
4.47127,1240,580
4.47702,1240,580
4.48268,1240,578
4.48843,1240,576
4.49447,1240,574
4.50022,1240,572
4.50588,1240,572
4.51163,1240,572
4.51844,1240,570
4.52448,1240,568
4.53013,1240,570
4.53589,1240,570
4.54164,1240,568
4.54739,1240,568
4.55305,1240,566
4.5588,1240,564
4.56455,1240,564
4.5703,1240,564
4.57596,1240,562
4.58171,1240,562
4.58747,1240,562
4.59312,1240,560
4.59887,1240,560
4.60491,1240,562
4.61067,1240,560
4.61632,1240,560
4.62208,1240,560
4.62783,1240,564
4.63348,1240,566
4.63924,1240,560
4.64604,1240,556
4.6518,1240,552
4.65755,1240,554
4.6633,1240,558
4.6679,1240,560
4.68152,1240,546
4.68612,1240,554
4.6911,1240,562
4.69676,1240,566
4.70251,1240,566
4.70827,1240,562
4.71402,1240,562
4.71968,1240,566
4.72543,1240,566
4.73118,1240,566
4.73693,1240,566
4.74259,1240,564
4.74834,1240,562
4.75409,1240,564
4.75975,1240,568
4.76579,1240,568
4.77154,1240,568
4.7772,1240,566
4.78295,1240,568
4.78765,1240,572
4.79331,1240,576
4.79906,1240,576
4.80481,1240,572
4.81162,1240,570
4.81737,1240,570
4.82226,1240,572
4.82801,1240,574
4.83367,1240,576
4.83942,1240,580
4.84517,1240,578
4.85083,1240,576
4.85658,1240,578
4.86234,1240,578
4.86809,1240,582
4.87374,1240,582
4.8795,1240,582
4.88525,1240,584
4.89119,1240,584
4.89695,1240,584
4.9027,1240,584
4.9073,1240,586
4.91305,1240,588
4.91881,1240,588
4.92446,1240,590
4.93021,1240,592
4.93625,1240,594
4.94201,1240,594
4.94766,1240,594
4.95342,1240,596
4.95917,1240,596
4.96482,1240,594
4.97058,1240,598
4.97528,1240,606
4.98697,1240,614
5.02484,1240,1196
5.03059,1240,1190
5.03635,1240,1190
5.042,1240,1180
5.04776,1240,1172
5.05456,1240,1164
5.06032,1240,1162
5.07172,1240,1170
5.07671,1240,1178
5.08237,1240,1180
5.08841,1240,1182
5.09416,1240,1184
5.10557,1240,1190
5.11161,1240,1196
5.11736,1240,1200
5.12302,1240,1204
5.12877,1240,1204
5.13481,1240,1206
5.14047,1240,1212
5.14622,1240,1216
5.15197,1240,1218
5.15791,1240,1220
5.16367,1240,1224
5.16942,1240,1228
5.17517,1240,1228
5.18006,1240,1232
5.18572,1240,1238
5.19176,1240,1238
5.19751,1240,1244
5.20326,1240,1246
5.20892,1240,1246
5.2234,1240,1496
5.22944,1240,1478
5.23509,1240,1460
5.24085,1240,1452
5.24765,1240,1440
5.2534,1240,1428
5.25916,1240,1414
5.2651,1240,1400
5.27085,1240,1390
5.27661,1240,1378
5.28226,1240,1368
5.28917,1240,1360
5.29482,1240,1348
5.30086,1240,1336
5.30661,1240,1324
5.31227,1240,1316
5.31802,1240,1308
5.32406,1240,1296
5.33087,1240,1286
5.33653,1240,1276
5.34228,1240,1266
5.34803,1240,1258
5.35398,1240,1250
5.35973,1240,1242
5.36548,1240,1232
5.37229,1240,1222
5.37804,1240,1214
5.38379,1240,1206
5.38974,1240,1200
5.39549,1240,1190
5.40124,1240,1182
5.4069,1240,1176
5.41371,1240,1170
5.41946,1240,1160
5.4255,1240,1156
5.43115,1240,1150
5.43691,1240,1142
5.44266,1240,1134
5.4487,1240,1128
5.45436,1240,1120
5.46116,1240,1116
5.46692,1240,1110
5.47267,1240,1104
5.47861,1240,1098
5.48436,1240,1090
5.49012,1240,1084
5.49587,1240,1080
5.50181,1240,1074
5.50757,1240,1070
5.52502,1240,1070
5.68397,1240,138
5.68781,1240,139
5.69356,1240,139
5.70114,1240,138
5.70804,1240,137
5.71398,1240,137
5.7205,1240,136
5.72654,1240,136
5.73229,1240,136
5.73987,1240,135
5.74668,1240,134
5.75272,1240,134
5.75923,1240,133
5.76528,1240,133
5.77294,1240,132
5.77889,1240,132
5.7857,1240,131
5.79145,1240,131
5.7972,1240,131
5.80506,1240,130
5.81082,1240,130
5.81762,1240,129
5.82337,1240,129
5.82932,1240,129
5.83507,1240,129
5.84303,1240,128
5.84869,1240,128
5.85549,1240,127
5.86124,1240,127
5.8692,1240,126
5.87486,1240,126
5.88061,1240,126
5.88665,1240,126
5.89346,1240,125
5.90103,1240,124
5.90707,1240,124
5.91282,1240,124
5.91848,1240,124
5.92452,1240,124
5.93133,1240,123
5.93708,1240,123
5.94283,1240,123
5.9507,1240,122
5.95645,1240,122
5.96239,1240,122
5.96814,1240,122
5.9739,1240,122
5.98176,1240,121
5.98751,1240,121
5.99355,1240,121
5.99921,1240,121
6.00496,1240,121
6.01177,1240,120
6.01752,1240,120
6.02356,1240,120
6.02922,1240,120
6.03497,1240,120
6.04293,1240,119
6.04858,1240,119
6.05462,1240,119
6.06037,1240,119
6.06603,1240,119
6.07207,1240,119
6.07974,1240,118
6.08569,1240,118
6.09144,1240,118
6.09719,1240,118
6.10313,1240,118
6.10889,1240,118
6.11464,1240,118
6.12058,1240,118
6.12825,1240,117
6.13401,1240,117
6.13995,1240,117
6.1457,1240,117
6.15145,1240,117
6.1574,1240,117
6.16315,1240,117
6.1689,1240,117
6.17485,1240,117
6.1806,1240,117
6.18635,1240,117
6.19316,1240,116
6.1991,1240,116
6.20486,1240,116
6.21061,1240,116
6.21655,1240,116
6.22231,1240,116
6.22806,1240,116
6.2341,1240,116
6.2387,1240,117
6.24551,1240,116
6.25155,1240,116
6.2572,1240,116
6.26296,1240,116
6.269,1240,116
6.27465,1240,116
6.28041,1240,116
0.00239685,2640,116
0.00814927,2640,116
0.0140934,2640,116
0.0198459,2640,116
0.0255983,2640,116
0.0315425,2640,116
0.0372949,2640,116
0.0430473,2640,116
0.0490874,2640,116
0.0547439,2640,116
0.060784,2640,116
0.0637561,2640,116
0.0695085,2640,116
0.0743981,2640,117
0.078233,2640,118
0.0839854,2640,118
0.093477,2640,119
0.32856,2640,121
0.330477,2640,123
0.347926,2640,123
0.689908,2640,128
0.846949,2640,176
0.851647,2640,178
0.861426,2640,180
1.05365,2640,814
1.05941,2640,808
1.0711,2640,806
1.08261,2640,806
1.08836,2640,806
1.0943,2640,798
1.10092,2640,788
1.10686,2640,786
1.11262,2640,784
1.12431,2640,782
1.14147,2640,772
1.14828,2640,764
1.15403,2640,764
1.16007,2640,762
1.17944,2640,710
1.18893,2640,748
1.19468,2640,748
1.20072,2640,748
1.20638,2640,746
1.21213,2640,746
1.22958,2640,746
1.23946,2640,674
1.24511,2640,676
1.25087,2640,678
1.25662,2640,680
1.26831,2640,682
1.2732,2640,688
1.27896,2640,694
1.28471,2640,696
1.29037,2640,696
1.29641,2640,696
1.30216,2640,696
1.30781,2640,684
1.31472,2640,680
1.31961,2640,686
1.32536,2640,688
1.33102,2640,688
1.33706,2640,686
1.34281,2640,686
1.34846,2640,684
1.35527,2640,682
1.36102,2640,680
1.36706,2640,680
1.37272,2640,680
1.37847,2640,680
1.38423,2640,678
1.39017,2640,678
1.39592,2640,676
1.40167,2640,676
1.40743,2640,676
1.41337,2640,676
1.41912,2640,672
1.42488,2640,666
1.43053,2640,666
1.43744,2640,664
1.44309,2640,664
1.44884,2640,664
1.45488,2640,662
1.46054,2640,662
1.46629,2640,662
1.47205,2640,662
1.47694,2640,666
1.48346,2640,664
1.49525,2640,664
1.52574,2640,880
1.53743,2640,884
1.59227,2640,1314
1.59802,2640,1304
1.60378,2640,1304
1.60943,2640,1304
1.61519,2640,1304
1.62094,2640,1304
1.62688,2640,1304
1.63263,2640,1304
1.63839,2640,1302
1.64414,2640,1304
1.6498,2640,1304
1.65584,2640,1304
1.66159,2640,1308
1.66725,2640,1308
1.673,2640,1306
1.67875,2640,1306
1.68469,2640,1306
1.69045,2640,1306
1.6962,2640,1306
1.70195,2640,1308
1.70761,2640,1310
1.71336,2640,1314
1.7194,2640,1314
1.72506,2640,1312
1.73081,2640,1312
1.73656,2640,1316
1.74231,2640,1318
1.74826,2640,1316
1.75401,2640,1318
1.75976,2640,1318
1.76542,2640,1322
1.77117,2640,1322
1.77721,2640,1322
1.78287,2640,1322
1.78862,2640,1324
1.79437,2640,1326
1.80578,2640,1328
1.8263,2640,1158
1.83196,2640,1160
1.83771,2640,1160
1.84346,2640,1162
1.8495,2640,1162
1.85516,2640,1164
1.86091,2640,1166
1.86666,2640,1168
1.87232,2640,1170
1.8773,2640,1172
1.88296,2640,1176
1.88871,2640,1178
1.89447,2640,1178
1.91297,2640,1168
1.93703,2640,1086
1.94384,2640,1066
1.9495,2640,1054
1.95525,2640,1052
1.961,2640,1054
1.96676,2640,1064
1.99974,2640,1150
2.0169,2640,1122
2.4791,2640,2700
2.48514,2640,2696
2.4909,2640,2676
2.49655,2640,2644
2.50231,2640,2632
2.50806,2640,2624
2.51381,2640,2616
2.51976,2640,2616
2.52551,2640,2608
2.53126,2640,2596
2.53692,2640,2584
2.54267,2640,2572
2.54871,2640,2564
2.55437,2640,2552
2.56012,2640,2544
2.56587,2640,2532
2.57162,2640,2524
2.57728,2640,2508
2.58332,2640,2500
2.58907,2640,2496
2.59473,2640,2480
2.60048,2640,2476
2.60623,2640,2468
2.61304,2640,2456
2.61879,2640,2448
2.62445,2640,2444
2.63049,2640,2440
2.63624,2640,2436
2.6419,2640,2428
2.64765,2640,2416
2.6534,2640,2400
2.65916,2640,2392
2.6651,2640,2392
2.67085,2640,2384
2.6766,2640,2376
2.68226,2640,2368
2.68801,2640,2360
2.69405,2640,2356
2.69981,2640,2352
2.70546,2640,2348
2.71122,2640,2340
2.71697,2640,2328
2.72262,2640,2320
2.72866,2640,2320
2.73442,2640,2316
2.74007,2640,2308
2.74583,2640,2296
2.75158,2640,2288
2.75733,2640,2280
2.76327,2640,2280
2.76903,2640,2284
2.77478,2640,2280
2.78044,2640,2272
2.78619,2640,2268
2.79223,2640,2268
2.79798,2640,2264
2.80364,2640,2256
2.80939,2640,2252
2.81514,2640,2248
2.8208,2640,2248
2.82684,2640,2236
2.83336,2640,2228
2.8394,2640,2232
2.84515,2640,2224
2.85081,2640,2224
2.85656,2640,2224
2.86231,2640,2212
2.86806,2640,2200
2.87401,2640,2204
2.87976,2640,2204
2.88551,2640,2196
2.89117,2640,2196
2.89692,2640,2200
2.90268,2640,2192
2.90862,2640,2184
2.91437,2640,2184
2.92012,2640,2176
2.92588,2640,2172
2.93153,2640,2172
2.93757,2640,2172
2.94333,2640,2168
2.94898,2640,2164
2.95473,2640,2164
2.96049,2640,2160
2.96624,2640,2160
2.97218,2640,2156
2.97794,2640,2156
2.98369,2640,2152
2.98935,2640,2152
2.9951,2640,2148
3.00085,2640,2148
3.00679,2640,2148
3.01255,2640,2148
3.0183,2640,2148
3.02405,2640,2148
3.02971,2640,2144
3.03575,2640,2144
3.0415,2640,2144
3.04716,2640,2140
3.05291,2640,2140
3.05866,2640,2136
3.06461,2640,2136
3.07036,2640,2136
3.07611,2640,2136
3.08186,2640,2136
3.08781,2640,2136
3.09356,2640,2136
3.09931,2640,2136
3.10497,2640,2140
3.11072,2640,2140
3.11676,2640,2136
3.12242,2640,2136
3.12817,2640,2136
3.13392,2640,2140
3.13987,2640,2136
3.14562,2640,2136
3.15137,2640,2140
3.15712,2640,2136
3.16278,2640,2140
3.16882,2640,2144
3.17457,2640,2140
3.18023,2640,2140
3.18598,2640,2140
3.19202,2640,2140
3.19768,2640,2144
3.20343,2640,2144
3.20918,2640,2144
3.21522,2640,2144
3.22088,2640,2148
3.22663,2640,2148
3.23239,2640,2152
3.23804,2640,2156
3.24408,2640,2156
3.24983,2640,2156
3.25549,2640,2156
3.26124,2640,2156
3.26728,2640,2160
3.27304,2640,2164
3.27869,2640,2164
3.28444,2640,2164
3.29048,2640,2168
3.29614,2640,2168
3.30189,2640,2168
3.30765,2640,2172
3.3134,2640,2176
3.31934,2640,2176
3.3251,2640,2180
3.33085,2640,2184
3.3365,2640,2188
3.34254,2640,2196
3.3483,2640,2196
3.35395,2640,2192
3.35971,2640,2196
3.36546,2640,2200
3.3714,2640,2200
3.37715,2640,2204
3.38291,2640,2208
3.38866,2640,2212
3.3946,2640,2216
3.40036,2640,2216
3.40611,2640,2220
3.41177,2640,2228
3.4178,2640,2232
3.42356,2640,2232
3.42816,2640,2236
3.4342,2640,2244
3.43986,2640,2248
3.44561,2640,2252
3.45136,2640,2252
3.45731,2640,2260
3.46306,2640,2264
3.46881,2640,2268
3.47456,2640,2272
3.48022,2640,2276
3.48626,2640,2284
3.49201,2640,2284
3.49767,2640,2288
3.50342,2640,2288
3.50946,2640,2296
3.51512,2640,2304
3.52087,2640,2308
3.52662,2640,2316
3.53257,2640,2320
3.53832,2640,2328
3.54407,2640,2336
3.54982,2640,2340
3.55548,2640,2344
3.56152,2640,2360
3.56727,2640,2368
3.57293,2640,2364
3.57868,2640,2372
3.58472,2640,2376
3.59038,2640,2376
3.59613,2640,2388
3.60188,2640,2396
3.60792,2640,2400
3.61358,2640,2404
3.61933,2640,2412
3.62508,2640,2432
3.63103,2640,2448
3.63678,2640,2456
3.64253,2640,2456
3.64742,2640,2464
3.65318,2640,2468
3.65883,2640,2476
3.66487,2640,2488
3.67062,2640,2496
3.67628,2640,2508
3.68203,2640,2516
3.68807,2640,2516
3.69383,2640,2520
3.69948,2640,2532
3.70523,2640,2548
3.71127,2640,2560
3.71693,2640,2572
3.72268,2640,2576
3.72844,2640,2584
3.73438,2640,2596
3.74013,2640,2612
3.74589,2640,2620
3.75164,2640,2624
3.75758,2640,2632
3.76333,2640,2636
3.76909,2640,2648
3.77474,2640,2664
3.78078,2640,2684
3.78654,2640,2704
3.79219,2640,2716
3.79794,2640,2724
3.80283,2640,2736
3.80859,2640,2744
3.81434,2640,2752
3.82028,2640,2756
3.82604,2640,2768
3.83179,2640,2792
3.83754,2640,2820
3.84348,2640,2836
3.84924,2640,2848
3.85499,2640,2856
3.86065,2640,2880
3.86669,2640,2900
3.87244,2640,2892
3.8781,2640,2876
3.88385,2640,2864
3.88989,2640,2844
3.89554,2640,2808
3.9013,2640,2780
3.90705,2640,2776
3.91299,2640,2780
3.91875,2640,2764
3.9245,2640,2748
3.93025,2640,2736
3.93706,2640,2712
3.943,2640,2692
3.94875,2640,2676
3.95451,2640,2664
3.96026,2640,2652
3.9662,2640,2632
3.97196,2640,2616
3.97771,2640,2604
3.98336,2640,2596
3.9894,2640,2572
3.99516,2640,2556
4.00081,2640,2540
4.00657,2640,2524
4.01261,2640,2516
4.01826,2640,2508
4.02401,2640,2496
4.02977,2640,2484
4.03571,2640,2464
4.04233,2640,2448
4.04827,2640,2444
4.05402,2640,2428
4.05978,2640,2416
4.06543,2640,2408
4.07147,2640,2408
4.07723,2640,2408
4.08298,2640,2420
4.08863,2640,2412
4.09467,2640,2396
4.10043,2640,2392
4.10608,2640,2384
4.11184,2640,2376
4.12353,2640,2376
4.13504,2640,2388
4.14098,2640,2372
4.14673,2640,2356
4.15249,2640,2344
4.15824,2640,2336
4.16418,2640,2332
4.16994,2640,2328
4.17569,2640,2320
4.18134,2640,2316
4.18738,2640,2308
4.19314,2640,2296
4.19879,2640,2288
4.20455,2640,2268
4.21059,2640,2252
4.21624,2640,2256
4.22199,2640,2252
4.22775,2640,2248
4.23379,2640,2244
4.24059,2640,2228
4.24625,2640,2220
4.252,2640,2220
4.25776,2640,2216
4.2637,2640,2208
4.26945,2640,2196
4.2752,2640,2188
4.28096,2640,2180
4.2869,2640,2176
4.29265,2640,2176
4.29841,2640,2172
4.30406,2640,2168
4.3101,2640,2164
4.31586,2640,2160
4.32151,2640,2156
4.32726,2640,2152
4.3333,2640,2140
4.33896,2640,2136
4.34471,2640,2136
4.35047,2640,2128
4.35651,2640,2124
4.36216,2640,2124
4.36791,2640,2116
4.37395,2640,2104
4.37961,2640,2100
4.38536,2640,2100
4.39112,2640,2100
4.39706,2640,2096
4.40281,2640,2092
4.40857,2640,2088
4.41432,2640,2088
4.42026,2640,2088
4.42601,2640,2080
4.43177,2640,2076
4.43742,2640,2080
4.44346,2640,2080
4.44922,2640,2076
4.45487,2640,2072
4.46062,2640,2072
4.46666,2640,2068
4.47232,2640,2052
4.47922,2640,2036
4.48383,2640,2052
4.48977,2640,2056
4.49667,2640,2040
4.50233,2640,2030
4.50808,2640,2024
4.51383,2640,2018
4.51978,2640,2012
4.52553,2640,2008
4.53128,2640,2006
4.54298,2640,2010
4.62812,2640,1460
4.63377,2640,1464
4.66848,2640,1488
4.68593,2640,1510
4.75572,2640,1524
4.77394,2640,1410
4.78075,2640,2018
4.7865,2640,2016
4.79254,2640,2016
4.79829,2640,2020
4.80395,2640,2018
4.8214,2640,2014
4.84565,2640,958
4.85256,2640,944
4.8585,2640,928
4.86425,2640,926
4.87001,2640,922
4.87566,2640,918
4.8817,2640,916
4.88745,2640,914
4.89311,2640,916
4.89915,2640,918
4.9049,2640,924
4.91746,2640,884
4.92341,2640,886
4.92916,2640,890
4.94057,2640,880
4.94853,2640,836
4.95428,2640,832
4.96022,2640,822
4.96598,2640,822
4.97173,2640,820
4.97853,2640,816
4.98419,2640,818
4.99023,2640,818
4.99598,2640,814
5.00164,2640,816
5.00768,2640,816
5.01343,2640,814
5.03088,2640,808
5.03663,2640,796
5.04258,2640,796
5.04833,2640,800
5.05408,2640,798
5.06578,2640,800
5.08217,2640,694
5.08812,2640,692
5.09493,2640,680
5.10068,2640,672
5.10643,2640,672
5.11209,2640,672
5.11813,2640,674
5.12388,2640,674
5.12963,2640,676
5.13558,2640,676
5.14133,2640,678
5.14708,2640,680
5.15303,2640,682
5.15763,2640,684
5.16367,2640,686
5.16942,2640,686
5.17517,2640,688
5.18112,2640,686
5.18687,2640,688
5.19262,2640,690
5.19857,2640,688
5.20432,2640,688
5.21007,2640,688
5.21573,2640,688
5.22177,2640,688
5.22752,2640,690
5.23318,2640,694
5.23922,2640,690
5.24497,2640,686
5.26242,2640,694
5.26807,2640,692
5.27411,2640,692
5.27987,2640,694
5.28476,2640,706
5.29051,2640,714
5.29616,2640,714
5.3022,2640,714
5.30796,2640,714
5.31371,2640,716
5.31965,2640,720
5.32541,2640,720
5.3303,2640,724
5.34774,2640,730
5.46231,2640,170
5.46912,2640,169
5.47698,2640,167
5.49069,2640,165
5.49635,2640,164
5.50431,2640,162
5.51572,2640,162
5.52367,2640,160
5.53153,2640,158
5.53834,2640,157
5.54409,2640,157
5.5509,2640,156
5.55771,2640,155
5.56452,2640,154
5.57142,2640,153
5.57823,2640,152
5.58388,2640,152
5.59069,2640,151
5.59941,2640,149
5.60632,2640,148
5.61226,2640,148
5.61907,2640,147
5.62587,2640,146
5.63249,2640,145
5.6393,2640,144
5.64524,2640,144
5.65205,2640,143
5.6578,2640,143
5.66576,2640,142
5.67141,2640,142
5.67832,2640,141
5.68512,2640,140
5.69193,2640,139
5.69759,2640,139
5.70555,2640,138
5.71235,2640,137
5.71916,2640,136
5.72491,2640,136
5.73277,2640,135
5.73661,2640,136
5.74457,2640,135
5.75137,2640,134
5.75818,2640,133
5.76278,2640,134
5.76959,2640,133
5.77755,2640,132
5.78435,2640,131
5.79011,2640,131
5.79576,2640,131
5.80372,2640,130
5.80947,2640,130
5.81542,2640,130
5.82222,2640,129
5.82798,2640,129
5.83593,2640,128
5.84159,2640,128
5.8484,2640,127
5.85415,2640,127
5.86019,2640,127
5.86594,2640,127
5.8738,2640,126
5.87956,2640,126
5.88636,2640,125
5.89212,2640,125
5.89806,2640,125
5.90381,2640,125
5.91167,2640,124
5.91743,2640,124
5.92318,2640,124
5.92912,2640,124
5.93603,2640,123
5.9436,2640,122
5.94964,2640,122
5.9553,2640,122
5.96105,2640,122
5.96709,2640,122
5.97466,2640,121
5.9807,2640,121
5.98646,2640,121
5.9924,2640,121
5.99815,2640,121
6.00496,2640,120
6.01071,2640,120
6.01666,2640,120
6.02241,2640,120
6.02816,2640,120
6.03602,2640,119
6.04178,2640,119
6.04782,2640,119
6.05347,2640,119
6.05922,2640,119
6.06526,2640,119
6.07102,2640,119
6.07888,2640,118
6.08463,2640,118
6.09029,2640,118
6.09633,2640,118
6.10208,2640,118
6.10783,2640,118
6.11378,2640,118
6.12145,2640,117
6.12739,2640,117
6.13314,2640,117
6.13918,2640,117
6.14484,2640,117
6.15059,2640,117
6.15663,2640,117
6.16229,2640,117
6.16804,2640,117
6.17485,2640,116
6.17974,2640,117
6.18549,2640,117
6.19153,2640,117
6.19834,2640,116
6.20409,2640,116
6.20975,2640,116
6.21579,2640,116
6.22154,2640,116
6.22719,2640,116
6.23323,2640,116
6.23899,2640,116
6.24493,2640,116
6.25068,2640,116
6.25644,2640,116
6.26238,2640,116
6.26813,2640,116
6.27389,2640,116
6.27983,2640,116
