x,y,z
115.998,-0.300275,0.520093
115.993,-0.628343,1.08833
115.984,-0.961951,1.66615
115.971,-1.29553,2.24393
115.955,-1.6235,2.812
115.934,-1.95698,3.38961
115.91,-2.2904,3.9671
115.881,-2.62374,4.54446
115.85,-2.95144,5.11206
115.814,-3.2846,5.68911
115.77,-3.65094,6.32364
115.727,-3.97831,6.89066
115.679,-4.3111,7.46707
115.628,-4.64374,8.04322
115.572,-4.97623,8.61911
115.514,-5.30302,9.18513
115.451,-5.63517,9.76044
115.384,-5.96714,10.3354
115.315,-6.29338,10.9005
116.248,-6.62076,11.4675
116.17,-6.955,12.0465
116.09,-7.28345,12.6154
116.004,-7.61723,13.1935
115.914,-7.95075,13.7712
115.823,-8.27846,14.3388
115.725,-8.61145,14.9155
115.624,-8.94415,15.4918
115.52,-9.27656,16.0675
116.436,-9.5736,16.582
116.324,-9.90833,17.1618
116.208,-10.2427,17.741
116.088,-10.5768,18.3196
115.967,-10.905,18.888
115.84,-11.2383,19.4654
115.708,-11.5713,20.0422
115.573,-11.9039,20.6183
115.437,-12.2306,21.1841
115.294,-12.5624,21.7588
116.181,-12.875,22.3003
116.031,-13.209,22.8787
115.877,-13.5425,23.4563
115.722,-13.87,24.0236
115.56,-14.2026,24.5997
115.395,-14.5347,25.175
116.251,-14.8799,25.7728
116.081,-15.2084,26.3419
115.904,-15.5421,26.9197
115.723,-15.8752,27.4967
115.542,-16.2022,28.0632
115.354,-16.5343,28.6383
116.157,-16.9451,29.3498
115.963,-17.2733,29.9184
115.763,-17.6066,30.4956
115.558,-17.9392,31.0718
116.374,-18.3108,31.7153
116.165,-18.6396,32.2849
115.948,-18.9734,32.863
115.728,-19.3066,33.4401
115.515,-19.6225,33.9873
116.31,-20.0065,34.6524
116.082,-20.3352,35.2217
115.846,-20.6687,35.7994
115.606,-21.0016,36.3759
115.366,-21.3282,36.9416
116.101,-21.7745,37.7147
115.849,-22.1081,38.2925
116.624,-22.4934,38.9598
116.368,-22.8229,39.5305
116.103,-23.1572,40.1096
115.835,-23.4907,40.6873
115.567,-23.818,41.2541
116.265,-24.2819,42.0576
115.984,-24.6159,42.6361
116.718,-25.0296,43.3527
115.414,-25.2759,43.7793
115.122,-25.6074,44.3535
115.852,-26.0163,45.0617
115.555,-26.3435,45.6285
115.25,-26.6755,46.2034
115.904,-27.158,47.0393
115.595,-27.4854,47.6063
115.277,-27.8174,48.1814
115.962,-28.2573,48.9433
115.635,-28.5904,49.5202
116.264,-29.0798,50.3679
115.928,-29.4138,50.9463
116.597,-29.8582,51.7161
115.249,-30.0731,52.0884
115.92,-30.5103,52.8455
116.503,-31.0284,53.7429
116.162,-31.3462,54.2935
115.8,-31.6798,54.8712
116.431,-32.1433,55.674
116.066,-32.4721,56.2435
115.69,-32.8054,56.8208
115.311,-33.1376,57.3962
115.869,-33.6537,58.2901
116.414,-34.1787,59.1994
116.026,-34.5074,59.7687
116.618,-34.9868,60.5992
117.143,-35.5196,61.5221
116.739,-35.8504,62.0949
116.325,-36.1856,62.6755
115.906,-36.5195,63.2539
116.412,-37.0544,64.1803
115.984,-37.3886,64.7591
116.557,-37.8665,65.5869
116.119,-38.2011,66.1665
116.577,-38.7614,67.1369
116.152,-39.0793,67.6876
115.252,-39.7394,68.8308
116.121,-40.8656,70.7815
116.646,-41.3605,71.6388
115.209,-42.3553,73.3617
116,-43.5001,75.3447
116.387,-44.074,76.3386
115.886,-44.4024,76.9076
116.259,-44.9801,77.9082
116.632,-45.555,78.9038
116.106,-45.8897,79.4835
116.464,-46.4682,80.4856
115.927,-46.8024,81.0645
116.679,-47.9245,83.008
116.978,-48.5285,84.0541
116.446,-48.8474,84.6065
116.159,-49.7896,86.2385
116.146,-51.3204,88.8898
116.418,-51.9199,89.9282
116.046,-52.8732,91.5794
119.81,-132.595,229.663
304.566,-658.622,1140.77
295.666,-656.561,1137.2
287.679,-656.424,1136.96
280.248,-657.227,1138.35
272.277,-657.043,1138.04
264.318,-656.835,1137.67
256.752,-656.565,1137.21
248.575,-655.316,1135.05
240.67,-655.037,1134.56
233.13,-655.718,1135.74
225.243,-655.392,1135.18
217.825,-656.019,1136.26
209.958,-655.647,1135.62
202.107,-655.252,1134.93
194.942,-655.794,1135.87
187.52,-656.335,1136.81
179.694,-655.873,1136.01
171.885,-655.387,1135.17
164.094,-654.879,1134.29
156.683,-655.332,1135.07
149.14,-655.772,1135.83
141.379,-655.196,1134.84
134.012,-654.578,1133.77
126.605,-654.946,1134.4
118.706,-653.308,1131.57
111.188,-653.638,1132.14
103.666,-653.947,1132.67
96.2658,-654.23,1133.16
88.4668,-652.501,1130.17
81.3298,-655.739,1135.78
74.2746,-656.949,1137.87
66.435,-653.154,1131.3
58.9195,-653.334,1131.61
51.4806,-654.492,1133.62
43.9499,-654.629,1133.86
36.5432,-654.743,1134.05
28.9658,-653.838,1132.48
21.443,-653.91,1132.61
14.2957,-653.959,1132.69
6.90768,-654.989,1134.48
-0.627993,-654.998,1134.49
-8.16364,-654.985,1134.47
-15.699,-654.951,1134.41
-23.1082,-654.896,1134.32
-30.6423,-654.819,1134.18
-38.1754,-654.72,1134.01
-45.3998,-655.605,1135.55
-52.8161,-655.466,1135.31
-60.4483,-656.303,1136.75
-67.9978,-656.118,1136.43
-75.4302,-654.913,1134.35
-82.8381,-654.689,1133.96
-90.5066,-655.438,1135.26
-98.0459,-655.167,1134.79
-104.725,-651.899,1129.13
-111.88,-649.594,1125.13
-119.41,-650.263,1126.29
-127.277,-651.899,1129.13
-134.775,-651.523,1128.47
-142.144,-651.131,1127.8
-149.633,-650.711,1127.07
-157.356,-651.263,1128.02
-164.472,-650.823,1127.26
-172.219,-651.331,1128.14
-179.585,-650.833,1127.28
-187.07,-650.306,1126.37
-194.548,-649.757,1125.42
-202.203,-650.185,1126.16
-210.317,-651.567,1128.55
-217.48,-649.965,1125.78
-224.922,-650.346,1126.44
-232.752,-650.673,1127
-240.109,-650.004,1125.84
-247.584,-649.303,1124.63
-255.821,-650.542,1126.78
-263.177,-649.809,1125.51
-271.057,-650.02,1125.87
-278.157,-649.269,1124.57
-285.622,-648.459,1123.17
-293.078,-647.626,1121.73
-300.852,-647.761,1121.96
-308.391,-647.902,1122.2
-316.314,-647.976,1122.33
-324.249,-648.026,1122.42
-332.071,-648.067,1122.49
-340.537,-649.036,1124.17
-348.661,-650.027,1125.88
-356.663,-649.978,1125.8
-364.011,-648.959,1124.03
-372.573,-649.824,1125.53
-379.67,-648.796,1123.75
-387.128,-647.693,1121.84
-395.157,-647.526,1121.55
-403.07,-647.353,1121.25
-411.117,-647.136,1120.88
-418.799,-646.954,1120.56
-426.862,-646.688,1120.1
-435.447,-647.366,1121.28
-442.171,-647.283,1121.13
-451.458,-648.855,1123.85
-459.584,-648.489,1123.22
-467.037,-647.156,1120.91
-475.481,-647.748,1121.94
-482.925,-646.369,1119.55
-490.941,-645.928,1118.78
-500.527,-647.303,1121.17
-508.326,-646.857,1120.39
-512.791,-641.67,1111.41
-524.558,-645.768,1118.51
-535.795,-648.87,1123.88
-538.608,-641.786,1111.61
-547.182,-642.145,1112.23
-555.232,-641.504,1111.12
-564.213,-641.728,1111.51
-574.033,-642.834,1113.42
-582.701,-643.077,1113.85
-591.762,-643.208,1114.07
-600.721,-643.336,1114.29
-609.826,-643.405,1114.41
-619.818,-644.344,1116.04
-628.605,-644.438,1116.2
-637.659,-644.443,1116.21
-647.754,-645.279,1117.66
-655.168,-643.405,1114.42
-663.829,-644.558,1116.41
-674.011,-645.298,1117.69
-681.99,-644.33,1116.02
-691.283,-644.12,1115.65
-700.47,-643.912,1115.29
-709.798,-643.638,1114.82
-719.143,-643.331,1114.29
-726.163,-641.357,1110.87
-735.397,-641.028,1110.3
-749.796,-644.954,1117.1
-760.248,-645.371,1117.82
-768.315,-644.143,1115.69
-777.658,-643.672,1114.88
-787.139,-643.13,1113.94
-798.74,-644.256,1115.89
-809.329,-644.488,1116.29
-818.507,-643.955,1115.37
-827.943,-643.312,1114.25
-838.606,-643.433,1114.46
-847.818,-644.003,1115.45
-857.432,-643.218,1114.09
-867.056,-642.399,1112.67
-878.575,-643.324,1114.27
-890.388,-644.119,1115.65
-901.223,-644.005,1115.45
-910.929,-643.035,1113.77
-921.808,-642.842,1113.44
-928.821,-640.314,1109.06
-939.6,-640.095,1108.68
-952.912,-641.396,1110.93
-963.881,-641.042,1110.32
-976.084,-641.443,1111.02
-987.836,-641.984,1111.95
-998.891,-641.499,1111.11
-1011.21,-641.757,1111.56
-1022.08,-642.554,1112.94
-1033.22,-641.941,1111.88
-1044.38,-641.285,1110.74
-1057.73,-642.282,1112.47
-1070.09,-642.353,1112.59
-1082.62,-642.324,1112.54
-1093.89,-641.482,1111.08
-1103.86,-639.84,1108.24
-1118.6,-641.389,1110.92
-1133.9,-642.661,1113.13
-1145.27,-641.627,1111.33
-1159.34,-642.034,1112.04
-1170.26,-641.128,1110.47
-1184.4,-641.425,1110.99
-1197.22,-640.931,1110.13
-1207.22,-640.353,1109.13
-1220.09,-639.765,1108.11
-1235.76,-640.564,1109.49
-1248.7,-639.862,1108.28
-1262.94,-639.879,1108.31
-1275.56,-639.25,1107.22
-1290,-639.09,1106.94
-1301.62,-637.468,1104.13
-1315.99,-637.255,1103.76
-1334.86,-638.992,1106.77
-1348,-637.891,1104.86
-1363.71,-638.299,1105.57
-1379.72,-638.508,1105.93
-1392.94,-637.229,1103.72
-1407.81,-637.979,1105.02
-1425.43,-638.659,1106.19
-1441.74,-638.527,1105.97
-1456.58,-637.663,1104.47
-1472.84,-637.46,1104.12
-1488.91,-637.329,1103.89
-1503.85,-636.265,1102.05
-1521.88,-636.42,1102.32
-1536.89,-635.218,1100.23
-1550.24,-633.392,1097.07
-1571.51,-634.578,1099.12
-1590.92,-635.267,1100.32
-1607.62,-634.398,1098.81
-1619.75,-633.155,1096.66
-1639.67,-633.377,1097.05
-1656.34,-632.371,1095.3
-1673.17,-631.21,1093.29
-1693.23,-631.169,1093.22
-1716.57,-632.219,1095.04
-1736.39,-632.229,1095.06
-1753.25,-630.812,1092.6
-1770.26,-629.236,1089.87
-1793.84,-629.881,1090.99
-1817.37,-630.498,1092.06
-1840.73,-631.179,1093.24
-1856.93,-629.951,1091.11
-1870.67,-626.916,1085.85
-1894.17,-627.318,1086.55
-1924.78,-629.523,1090.37
-1942.08,-627.232,1086.4
-1959.26,-624.956,1082.46
-1983.34,-624.641,1081.91
-2007.12,-624.495,1081.66
-2034.72,-624.993,1082.52
-2062.27,-625.452,1083.32
-2055.71,-615.401,1065.91
-2066.2,-610.495,1057.41
-2097.37,-611.595,1059.32
-2097.1,-603.859,1045.92
-2096.94,-595.942,1032.21
-2096.78,-587.945,1018.35
-2100.01,-580.936,1006.21
-2096.02,-572.112,990.931
-2095.2,-564.479,977.71
-2098.12,-557.505,965.63
-2100.96,-550.533,953.554
-2103.71,-543.563,941.482
-2102.69,-535.788,928.015
-2105.25,-528.834,915.97
-2107.41,-522.185,904.455
-2109.79,-515.237,892.421
-2111.98,-508.395,880.569
-2106.95,-499.74,865.579
-2109.05,-492.825,853.601
-2107.41,-485.078,840.183
-2105.31,-477.761,827.509
-2107.12,-470.882,815.594
-2108.84,-464.008,803.688
-2106.8,-456.345,790.415
-2104.57,-448.81,777.364
-2113.13,-443.827,768.734
-2114.51,-436.978,756.871
-2115.79,-430.136,745.019
-2116.99,-423.3,733.181
-2118.03,-416.574,721.53
-2119.05,-409.754,709.717
-2119.76,-403.247,698.446
-2116.87,-395.742,685.448
-2113.81,-388.369,672.678
-2118.24,-382.283,662.136
-2118.83,-375.516,650.415
-2119.34,-368.758,638.711
-2119.48,-362.417,627.726
-2119.83,-355.678,616.055
-2120.82,-347.832,602.465
-2120.78,-341.419,591.357
-2120.86,-334.711,579.739
-2124.68,-328.606,569.164
-2124.53,-322.012,557.742
-2128.2,-315.896,547.149
-2124.12,-308.653,534.605
-2127.63,-302.538,524.014
-2127,-296.286,513.184
-2126.51,-289.638,501.669
-2125.94,-283.002,490.176
-2125.29,-276.379,478.705
-2132.26,-270.857,469.139
-2131.46,-264.238,457.675
-2130.58,-257.633,446.235
-2133.51,-251.501,435.613
-2128.38,-244.873,424.134
-2131.16,-238.747,413.524
-2133.87,-232.614,402.9
-2132.6,-226.057,391.544
-2127.29,-219.215,379.693
-2129.78,-213.093,369.089
-2132.19,-206.964,358.473
-2134.54,-200.828,347.845
-2132.73,-194.735,337.293
-2134.93,-188.598,326.662
-2133.13,-182.118,315.438
-2135.19,-175.979,304.806
-2137.14,-169.938,294.342
-2139.06,-163.788,283.691
-2140.91,-157.633,273.029
-2138.73,-151.193,261.875
-2140.35,-145.347,251.749
-2137.99,-139.033,240.813
-2139.56,-132.881,230.158
-2141.05,-126.726,219.496
-2142.45,-120.668,209.004
-2143.8,-114.504,198.327
-2141.11,-108.135,187.296
-2142.31,-101.975,176.627
-2143.4,-96.1199,166.485
-2144.45,-90.0564,155.983
-2145.45,-83.8869,145.297
-2142.39,-77.5705,134.356
-2143.23,-71.5098,123.859
-2144.02,-65.3444,113.18
-2148.73,-59.287,102.689
-2145.38,-53.007,91.8112
-2145.93,-47.1442,81.6565
-2146.43,-41.0743,71.1431
-2150.86,-34.965,60.5613
-2147.23,-28.7247,49.7528
-2147.52,-22.6514,39.2336
-2147.75,-16.4742,28.5343
-2147.9,-10.2967,17.8345
-2147.98,-4.11863,7.13371
-2152,1.75378,-3.03766
-2151.94,7.84007,-13.5795
-2151.82,14.0292,-24.2994
-2151.62,20.2182,-35.019
-2151.35,26.4062,-45.737
-2155.02,32.5509,-56.3801
-2154.61,38.7485,-67.1146
-2150.13,44.8617,-77.703
-2153.6,50.8303,-88.0409
-2152.99,56.9203,-98.5892
-2152.3,63.1117,-109.313
-2151.54,69.3012,-120.034
-2154.7,75.6283,-130.992
-2153.81,81.721,-141.545
-2152.83,87.9145,-152.273
-2155.77,94.2792,-163.297
-2154.71,100.168,-173.497
-2157.52,106.457,-184.39
-2156.26,112.661,-195.135
-2158.9,119.08,-206.254
-2157.5,125.288,-217.005
-2156.05,131.387,-227.57
-2158.47,137.84,-238.747
-2160.81,144.31,-249.954
-2159.2,150.212,-260.177
-2161.42,156.604,-271.247
-2159.59,162.818,-282.01
-2161.63,169.336,-293.3
-2163.59,175.871,-304.619
-2161.57,181.988,-315.213
-2163.38,188.545,-326.571
-2165.11,195.119,-337.958
-2166.88,201.398,-348.832
-2164.57,207.523,-359.442
-2162.14,213.745,-370.219
-2167.49,220.759,-382.367
-2168.83,227.4,-393.87
-2166.22,233.53,-404.488
-2167.4,240.189,-416.022
-2168.5,246.864,-427.582
-2165.77,252.785,-437.838
-2166.77,259.372,-449.247
-2167.63,266.077,-460.86
-2168.99,271.651,-470.515
-2169.76,278.278,-481.994
-2170.39,285.022,-493.675
-2174.8,292.298,-506.277
-2175.31,298.975,-517.841
-2171.84,305.226,-528.67
-2176.16,312.259,-540.851
-2176.37,319.076,-552.658
-2176.49,325.904,-564.485
-2176.6,332.639,-576.15
-2176.55,339.49,-588.015
-2176.42,346.351,-599.899
-2176.41,352.909,-611.259
-2176.18,359.687,-622.998
-2175.8,366.579,-634.936
-2175.33,373.48,-646.889
-2178.55,381.051,-660.003
-2181.96,388.235,-672.445
-2181.22,395.186,-684.485
-2180.39,402.145,-696.538
-2179.47,409.113,-708.607
-2182.28,416.697,-721.743
-2181.18,423.691,-733.857
-2183.96,431.113,-746.713
-2186.38,438.878,-760.162
-2185.09,445.81,-772.169
-2179.92,452.088,-783.042
-2182.06,459.904,-796.58
-2184.08,467.747,-810.165
-2182.61,474.506,-821.871
-2180.86,481.479,-833.949
-2182.59,489.38,-847.634
-2184.2,497.307,-861.365
-2185.8,505.155,-874.957
-2187.49,512.818,-888.23
-2188.78,520.82,-902.09
-2189.96,528.846,-915.992
-2191.02,536.896,-929.935
-2192.07,544.865,-943.738
-2192.91,552.962,-957.762
-2191.36,558.911,-968.066
-2188.45,566.124,-980.558
-2189.31,573.952,-994.118
-2189.74,582.117,-1008.26
-2193.68,591.148,-1023.9
-2197.37,600.325,-1039.8
-2193.93,607.604,-1052.4
-2193.88,615.862,-1066.71
-2201.02,625.802,-1083.92
-2197.37,633.015,-1096.42
-2196.96,641.342,-1110.84
-2196.43,649.687,-1125.29
-2199.22,659.078,-1141.56
-2201.98,668.401,-1157.71
-2204.87,677.549,-1173.55
-2203.83,685.994,-1188.18
-2202.67,694.454,-1202.83
-2204.89,703.902,-1219.2
-2206.83,713.49,-1235.81
-2202.35,720.604,-1248.13
-2204.02,730.241,-1264.82
-2205.69,739.805,-1281.39
-2203.76,748.384,-1296.24
-2208.3,759.243,-1315.05
-2212.66,770.153,-1333.95
-2217.29,780.794,-1352.38
-2218.19,790.535,-1369.25
-2212.31,798.072,-1382.31
-2211.4,805.509,-1395.19
-2208.54,814.23,-1410.29
-2208.75,824.157,-1427.49
-2212,835.318,-1446.82
-2212.05,845.204,-1463.94
-2215.44,856.128,-1482.86
-2224.46,869.878,-1506.68
-2226.96,881.226,-1526.33
-2226.32,891.261,-1543.71
-2225.35,901.426,-1561.32
-2221.66,910.028,-1576.22
-2223.47,921.508,-1596.11
-2222.2,931.637,-1613.65
-2226.7,944.482,-1635.9
-2234.01,958.686,-1660.5
-2235.02,970.341,-1680.69
-2239.42,983.031,-1702.67
-2237.23,993.333,-1720.51
-2237.67,1005.1,-1740.89
-2237.91,1016.9,-1761.32
-2238.15,1028.62,-1781.64
-2235.06,1039.13,-1799.83
-2235.33,1050.7,-1819.87
-2226.11,1058.49,-1833.37
-2213.89,1064.88,-1844.43
-2181.74,1061.36,-1838.33
-2155.24,1060.6,-1837.02
-2143.61,1066.47,-1847.19
-2108.76,1061.27,-1838.18
-2082.7,1060.08,-1836.13
-2064.9,1063.19,-1841.5
-2041.55,1063.34,-1841.76
-2023.78,1066.29,-1846.88
-2011.68,1072,-1856.76
-1993.87,1074.83,-1861.67
-1970.66,1074.65,-1861.36
-1947.52,1074.38,-1860.88
-1933.29,1078.1,-1867.33
-1910.24,1077.66,-1866.56
-1884.63,1075.61,-1863.02
-1866.99,1077.99,-1867.14
-1841.75,1075.66,-1863.1
-1819.01,1074.83,-1861.66
-1801.49,1076.97,-1865.38
-1783.97,1079.05,-1868.98
-1764.14,1079.44,-1869.65
-1744.15,1079.82,-1870.32
-1732.32,1084.57,-1878.55
-1719.82,1089.54,-1887.14
-1695.16,1086.5,-1881.88
-1672.86,1085.02,-1879.32
-1653.21,1087.51,-1883.62
-1640.67,1092.24,-1891.83
-1623.31,1093.73,-1894.41
-1604.24,1093.31,-1893.68
-1587.15,1094.6,-1895.9
-1565.21,1092.64,-1892.51
-1545.68,1092.22,-1891.79
-1526.43,1091.66,-1890.82
-1509.3,1092.74,-1892.69
-1501.21,1100.37,-1905.9
-1508.64,1119.6,-1939.2
-1507.03,1132.17,-1960.98
-1479.01,1150.89,-1993.41
-1471.55,1174.58,-2034.43
-1451.92,1173.62,-2032.77
-1434.9,1174.15,-2033.7
-1421.37,1178.26,-2040.81
-1405.74,1180.61,-2044.88
-1386.06,1179.46,-2042.89
-1363.96,1178.96,-2042.02
-1348.62,1181.06,-2045.66
-1329.8,1179.5,-2042.96
-1312.32,1179.81,-2043.5
-1296.8,1181.81,-2046.96
-1279.6,1181.94,-2047.19
-1256.56,1176.78,-2038.25
-1239.27,1176.84,-2038.35
-1222.03,1176.83,-2038.34
-1201.4,1173.15,-2031.96
-1184.28,1173.01,-2031.73
-1168.98,1174.61,-2034.49
-1153.69,1176.16,-2037.17
-1141.04,1179.24,-2042.51
-1124.01,1178.89,-2041.9
-1107.03,1178.48,-2041.2
-1091.77,1179.83,-2043.53
-1073.43,1177.44,-2039.39
-1058.23,1178.68,-2041.55
-1043.03,1179.88,-2043.62
-1026.25,1179.19,-2042.43
-1008.17,1176.56,-2037.87
-991.508,1175.75,-2036.47
-977.108,1176.6,-2037.94
-963.556,1179.39,-2042.77
-945.723,1176.53,-2037.81
-927.76,1173.65,-2032.83
-912.793,1174.43,-2034.19
-897.84,1175.17,-2035.46
-881.717,1173.95,-2033.34
-866.812,1174.59,-2034.45
-851.922,1175.18,-2035.48
-450.588,660.639,-1144.27
-442.345,660.976,-1144.85
-434.861,662.216,-1147
-399.958,635.265,-1100.32
-392.643,636.405,-1102.29
-384.736,636.567,-1102.57
-376.839,636.704,-1102.81
-322.75,586.191,-1015.32
-315.593,586.129,-1015.21
-305.569,594.686,-1030.03
-287.532,573.246,-992.894
-267.889,563.292,-975.654
-244.934,531.061,-919.827
-241.32,536.6,-929.422
-236.956,541.181,-937.357
-193.53,486.468,-842.591
-179.228,493.935,-855.524
-165.627,474.831,-822.435
-157.503,467.411,-809.583
-149.489,461.991,-800.196
-143.247,459.45,-795.793
-137.156,456.881,-791.343
-131.612,456.278,-790.299
-126.074,454.65,-787.479
-120.051,452.031,-782.943
-113.645,451.437,-781.914
-108.47,450.748,-780.721
-103.055,450.059,-779.527
-97.7455,449.349,-778.298
-92.3693,448.628,-777.049
-87.0133,447.891,-775.772
-81.9341,447.126,-774.448
-76.8743,447.351,-774.837
-71.7266,447.564,-775.207
-66.4279,446.766,-773.824
-61.0131,444.954,-770.686
-56.1041,446.118,-772.701
-51.2272,446.264,-772.955
-46.092,446.404,-773.198
-40.6809,443.533,-768.224
-35.5017,441.642,-764.95
-30.7641,446.734,-773.769
-25.395,442.817,-766.984
-20.6474,444.879,-770.556
-15.9649,454.929,-787.963
-11.7418,456.961,-791.483
-6.48464,456.987,-791.528
-1.31445,456.998,-791.547
3.94338,456.995,-791.541
9.20064,456.976,-791.508
14.4333,458.942,-794.914
19.5765,461.895,-800.029
24.9438,462.831,-801.649
30.3336,463.751,-803.243
35.8992,466.654,-808.271
41.5304,470.541,-815.003
46.2436,473.434,-820.015
52.4699,481.284,-833.612
58.608,486.116,-841.981
63.9199,485.949,-841.691
69.5097,485.757,-841.359
75.1582,486.55,-842.732
80.5888,485.329,-840.617
86.1712,485.089,-840.202
91.8476,486.837,-843.23
108.765,486.971,-843.462
181.239,755.583,-1308.71
190.678,758.026,-1312.94
199.396,757.465,-1311.97
208.651,758.86,-1314.39
216.478,761.342,-1318.69
225.234,760.707,-1317.59
233.837,760.058,-1316.46
242.77,761.383,-1318.76
252.178,762.645,-1320.94
261.623,763.878,-1323.08
288.846,765.493,-1325.88
374.26,915.06,-1584.94
385.605,915.925,-1586.43
355.802,793.295,-1374.03
361.63,785.454,-1360.45
373.556,770.688,-1334.88
361.759,708.266,-1226.76
367.878,703.344,-1218.23
366.572,667.284,-1155.77
371.412,661.423,-1145.62
373.515,648.648,-1123.5
377.462,641.825,-1111.68
385.414,641.687,-1111.44
393.377,641.523,-1111.16
403.738,645.153,-1117.44
413.696,648.824,-1123.8
511.577,683.718,-1184.24
572.097,691.142,-1197.1
692.214,816.686,-1414.55
703.181,816.518,-1414.26
639.592,692.746,-1199.88
682.185,719.214,-1245.72
642.653,645.436,-1117.93
650.068,643.577,-1114.71
658.25,642.618,-1113.05
667.041,643.729,-1114.98
669.264,635.251,-1100.29
677.504,634.197,-1098.47
688.086,637.031,-1103.37
692.53,631.267,-1093.39
701.725,631.013,-1092.95
717.692,638.006,-1105.06
731.953,642.012,-1112
733.324,634.701,-1099.34
734.432,627.439,-1086.76
736.587,619.838,-1073.59
736.369,611.747,-1059.58
738.189,605.35,-1048.5
738.835,598.112,-1035.96
739.339,590.89,-1023.46
738.52,582.877,-1009.58
738.734,575.693,-997.133
737.497,566.568,-981.327
736.298,558.592,-967.514
736.052,551.475,-955.186
735.666,544.377,-942.892
737.296,538.986,-933.555
738.931,533.568,-924.17
741.275,527.874,-914.309
742.701,522.473,-904.953
742.86,516.27,-894.208
741.625,509.31,-882.154
743.913,504.753,-874.262
744.925,499.399,-864.987
747.044,494.854,-857.115
748.988,490.349,-849.312
749.616,483.799,-837.968
751.1,479.418,-830.38
750.391,473.332,-819.838
750.819,468.045,-810.681
749.89,461.996,-800.203
751.297,457.549,-792.501
752.715,453.073,-784.748
752.424,446.676,-773.669
752.361,441.46,-764.634
754.816,437.774,-758.25
754.333,432.69,-749.444
753.925,427.549,-740.539
756.169,423.881,-734.186
757.013,419.472,-726.549
756.354,414.37,-717.712
757.981,409.547,-709.36
758.503,405.207,-701.841
757.652,400.114,-693.02
759.476,396.484,-686.733
759.85,392.138,-679.206
758.452,387.235,-670.713
760.079,383.626,-664.463
761.649,380.021,-658.218
761.737,375.717,-650.764
761.101,370.326,-641.426
762.396,366.781,-635.286
763.705,363.204,-629.09
763.499,358.946,-621.716
761.757,354.021,-613.185
762.67,350.581,-607.226
765.144,347.746,-602.315
766.157,344.202,-596.178
766.335,339.597,-588.201
765.716,335.41,-580.95
766.539,331.893,-574.858
767.242,328.419,-568.841
767.954,324.915,-562.772
768.612,321.418,-556.714
767.49,317.401,-549.757
768.152,313.849,-543.604
768.638,310.378,-537.592
769.07,306.914,-531.593
771.484,303.782,-526.168
771.983,300.219,-519.996
772.195,296.812,-514.095
770.819,292.771,-507.096
770.976,289.348,-501.168
772.686,286.531,-496.287
772.689,283.158,-490.446
772.694,279.758,-484.557
774.273,276.949,-479.692
774.127,273.601,-473.892
774.604,269.779,-467.273
774.348,266.45,-461.507
774.093,263.094,-455.694
775.447,260.306,-450.865
776.712,257.556,-446.102
777.989,254.77,-441.276
777.693,251.33,-435.318
777.2,248.013,-429.573
778.302,245.278,-424.836
779.413,242.507,-420.036
778.782,239.214,-414.333
779.765,236.489,-409.613
779.577,232.767,-403.166
778.753,229.543,-397.581
781.38,227.299,-393.695
783.982,225.048,-389.796
790.039,223.775,-387.591
114.437,19.6538,-34.0415
114.662,19.3243,-33.4708
114.882,18.9942,-32.8991
115.106,18.6524,-32.3071
115.318,18.3211,-31.7331
115.527,17.9891,-31.1581
114.803,17.4666,-30.2531
115.012,17.1195,-29.652
115.203,16.794,-29.0882
115.395,16.4624,-28.5138
115.582,16.1302,-27.9384
115.763,15.8031,-27.3718
115.035,15.2307,-26.3804
115.209,14.8995,-25.8068
115.378,14.5679,-25.2325
115.549,14.2247,-24.6381
115.711,13.8922,-24.0621
115.869,13.5591,-23.4852
116.02,13.2312,-22.9172
116.171,12.8973,-22.3389
116.317,12.563,-21.7598
115.525,12.0202,-20.8198
115.668,11.6711,-20.2151
115.801,11.3383,-19.6385
115.929,11.005,-19.0613
116.052,10.677,-18.4931
116.173,10.343,-17.9146
116.29,10.0087,-17.3356
116.401,9.67964,-16.7657
115.564,9.1381,-15.8277
115.667,8.80556,-15.2517
115.765,8.47828,-14.6849
115.86,8.14519,-14.1079
115.952,7.81182,-13.5305
116.04,7.47818,-12.9526
116.123,7.14989,-12.384
116.203,6.81577,-11.8053
116.28,6.48142,-11.2262
116.352,6.14687,-10.6467
115.438,5.70158,-9.87546
115.501,5.37499,-9.30979
115.561,5.04272,-8.73428
115.617,4.71025,-8.15843
115.669,4.37763,-7.58231
115.719,4.03377,-6.98673
115.764,3.7009,-6.41017
115.804,3.36787,-5.83334
115.841,3.04028,-5.26594
115.874,2.70707,-4.68881
115.903,2.37375,-4.11146
115.928,2.04034,-3.53399
115.949,1.71242,-2.96602
115.967,1.37892,-2.38837
115.981,1.04535,-1.8106
115.991,0.711739,-1.23277
115.998,0.366989,-0.635646
116,0.0333712,-0.0578009
x,y,z
116,-0.139016,0.240785
115.996,-0.472651,0.818659
115.988,-0.817391,1.41577
115.977,-1.15098,1.99357
115.962,-1.48454,2.5713
115.943,-1.81804,3.14895
115.921,-2.14593,3.71687
115.894,-2.4793,4.29429
115.864,-2.81259,4.87157
115.829,-3.14579,5.44869
115.792,-3.47334,6.01602
115.762,-3.71199,6.42937
115.718,-4.04488,7.00596
115.67,-4.37209,7.57271
115.618,-4.70471,8.14882
115.562,-5.03717,8.72467
115.502,-5.36946,9.30022
116.446,-5.68375,9.84458
115.372,-6.02798,10.4408
115.301,-6.35971,11.0154
116.234,-6.68205,11.5737
116.155,-7.01626,12.1526
116.073,-7.35022,12.731
115.988,-7.67839,13.2994
115.898,-8.01187,13.877
115.803,-8.34508,14.4542
115.706,-8.67801,15.0308
115.605,-9.00512,15.5974
115.5,-9.33747,16.173
115.391,-9.66952,16.7482
115.277,-10.0012,17.3227
116.187,-10.304,17.8471
116.066,-10.638,18.4256
115.942,-10.9717,19.0036
115.814,-11.305,19.5808
115.684,-11.6323,20.1479
115.548,-11.9649,20.7238
116.434,-12.2896,21.2863
116.291,-12.6243,21.866
116.146,-12.953,22.4353
115.995,-13.2868,23.0135
115.84,-13.6202,23.591
115.684,-13.9476,24.1581
115.522,-14.2801,24.734
115.356,-14.6122,25.3091
115.186,-14.9437,25.8834
116.037,-15.2919,26.4864
115.862,-15.6198,27.0544
115.681,-15.9528,27.6312
115.495,-16.2853,28.207
115.309,-16.6117,28.7724
116.111,-17.023,29.4848
115.914,-17.3567,30.0628
115.715,-17.6842,30.6301
115.51,-18.0168,31.2061
115.301,-18.3487,31.781
116.111,-18.7231,32.4295
115.897,-19.0512,32.9978
115.676,-19.3842,33.5746
115.451,-19.7166,34.1503
115.226,-20.0428,34.7153
116.015,-20.4297,35.3855
115.79,-20.7464,35.934
115.549,-21.0791,36.5102
115.305,-21.4111,37.0853
116.03,-21.8691,37.8786
115.776,-22.2025,38.456
115.262,-22.8615,39.5974
114.742,-23.5065,40.7145
115.485,-23.9177,41.4267
116.186,-24.3766,42.2216
115.903,-24.7104,42.7997
115.622,-25.0378,43.3668
115.332,-25.3699,43.9421
116.05,-25.794,44.6766
115.752,-26.1273,45.254
115.454,-26.4543,45.8203
115.148,-26.7859,46.3947
114.838,-27.1166,46.9676
115.489,-27.5962,47.7982
115.17,-27.9279,48.3727
115.853,-28.3684,49.1358
115.53,-28.6957,49.7025
114.862,-29.3583,50.8503
115.134,-30.1836,52.2797
115.785,-30.638,53.0668
116.384,-31.14,53.9363
116.024,-31.4742,54.5152
115.66,-31.8074,55.0923
115.298,-32.134,55.658
115.941,-32.5833,56.4361
115.564,-32.9162,57.0128
116.107,-33.448,57.9338
115.721,-33.7814,58.5113
115.33,-34.1136,59.0868
114.936,-34.4448,59.6603
115.473,-34.9679,60.5664
115.069,-35.2995,61.1407
115.654,-35.7774,61.9685
116.165,-36.3137,62.8974
115.745,-36.6472,63.4751
116.249,-37.1826,64.4024
115.819,-37.5163,64.9805
116.375,-38.006,65.8286
115.936,-38.3401,66.4073
115.493,-38.6729,66.9837
115.964,-39.2184,67.9285
116.42,-39.7724,68.8881
115.968,-40.1011,69.4573
116.386,-40.6761,70.4533
115.924,-41.0046,71.0223
116.447,-41.5002,71.8807
116.851,-42.0766,72.879
116.365,-42.412,73.4599
115.875,-42.7459,74.0384
116.283,-43.3108,75.0168
115.782,-43.6445,75.5948
116.175,-44.2133,76.58
115.665,-44.5467,77.1575
116.043,-45.1193,78.1493
115.859,-46.0453,79.7532
115.327,-46.3778,80.329
115.675,-46.9578,81.3337
116.088,-47.4959,82.2657
115.307,-48.7475,84.4334
114.475,-49.9987,86.6005
115.592,-50.8786,88.1246
116.109,-52.0927,90.2275
296.438,-595.84,1032.03
285.446,-587.923,1018.32
277.756,-586.788,1016.35
271.45,-588.551,1019.4
265.112,-590.298,1022.43
257.149,-588.108,1018.64
250.301,-587.824,1018.14
243.129,-587.554,1017.68
236.365,-588.244,1018.87
229.323,-587.922,1018.31
222.184,-587.589,1017.74
215.06,-587.235,1017.12
207.951,-586.859,1016.47
201.309,-586.423,1015.72
194.559,-586.992,1016.7
187.802,-587.542,1017.66
180.735,-587.084,1016.86
174.09,-587.586,1017.73
167.046,-587.087,1016.87
160.018,-586.567,1015.97
153.267,-587.017,1016.75
146.962,-587.42,1017.45
140.201,-587.833,1018.16
133.211,-587.233,1017.12
126.452,-587.607,1017.77
119.803,-587.955,1018.37
112.845,-587.294,1017.23
105.907,-586.613,1016.05
99.3249,-585.897,1014.81
92.695,-586.169,1015.28
85.8035,-585.429,1014
79.0669,-585.666,1014.41
71.1855,-583.915,1011.37
65.5863,-585.08,1013.39
58.9544,-586.258,1015.43
52.1197,-585.419,1013.98
45.7986,-586.552,1015.94
39.1622,-586.672,1016.15
32.3568,-585.775,1014.6
24.3396,-584.872,1013.03
17.9469,-584.93,1013.13
12.2474,-585.966,1014.93
4.48684,-584.994,1013.24
-2.13123,-584.997,1013.25
-8.8615,-584.982,1013.22
-14.3822,-585.954,1014.91
-21.011,-585.904,1014.82
-28.7132,-584.822,1012.95
-35.329,-584.732,1012.79
-42.0556,-584.62,1012.6
-48.7808,-584.49,1012.37
-54.2524,-585.37,1013.89
-60.9861,-585.204,1013.61
-67.7178,-585.019,1013.29
-74.3352,-584.819,1012.94
-81.062,-584.595,1012.55
-87.7864,-584.352,1012.13
-94.5569,-585.091,1013.41
-100.778,-583.828,1011.22
-107.677,-584.524,1012.43
-114.4,-584.205,1011.88
-121.326,-584.861,1013.01
-127.723,-583.514,1010.68
-134.663,-584.131,1011.75
-141.862,-585.719,1014.5
-148.01,-584.331,1012.09
-154.618,-583.903,1011.35
-161.333,-583.448,1010.57
-168.043,-582.975,1009.75
-175.044,-583.471,1010.6
-181.95,-583.954,1011.44
-188.665,-583.421,1010.52
-195.039,-582.897,1009.61
-202.083,-583.312,1010.33
-209.032,-583.715,1011.03
-215.744,-583.104,1009.97
-222.824,-583.457,1010.58
-229.919,-583.787,1011.15
-236.52,-583.128,1010.01
-244.451,-585.374,1013.9
-271.329,-583.433,1010.54
-277.108,-580.698,1005.8
-284.26,-580.862,1006.09
-291.799,-581.989,1008.04
-299.485,-583.077,1009.92
-306.362,-583.218,1010.17
-313.066,-582.327,1008.62
-320.179,-582.396,1008.74
-327.416,-582.428,1008.8
-333.559,-580.516,1005.49
-340.795,-580.507,1005.47
-349.079,-582.407,1008.76
-355.774,-581.393,1007.01
-363.053,-581.315,1006.87
-370.615,-582.22,1008.44
-377.813,-582.114,1008.25
-385.132,-581.967,1008
-391.87,-582.952,1009.71
-399.106,-582.78,1009.41
-406.463,-582.567,1009.04
-413.829,-582.33,1008.63
-420.41,-581.151,1006.59
-427.78,-580.87,1006.1
-435.86,-581.503,1007.2
-443.255,-581.174,1006.63
-451.269,-581.776,1007.67
-458.355,-581.464,1007.13
-466.525,-581.993,1008.05
-473.213,-580.642,1005.7
-481.416,-581.119,1006.53
-489.534,-581.591,1007.35
-497.003,-581.093,1006.49
-505.274,-581.488,1007.17
-512.652,-580.965,1006.26
-520.145,-580.393,1005.27
-528.137,-580.784,1005.95
-531.457,-575.624,997.013
-540.616,-576.802,999.054
-552.287,-580.682,1005.78
-559.827,-579.985,1004.57
-568.25,-580.161,1004.87
-575.36,-580.64,1005.7
-583.827,-580.762,1005.91
-591.407,-579.964,1004.53
-599.796,-580.059,1004.7
-609.245,-580.981,1006.29
-616.859,-580.102,1004.77
-624.138,-579.288,1003.36
-632.599,-579.269,1003.33
-642.158,-580.065,1004.71
-649.8,-579.081,1003
-658.428,-578.941,1002.76
-667.963,-579.668,1004.02
-676.638,-579.465,1003.67
-685.33,-579.231,1003.26
-695.067,-579.823,1004.29
-703.358,-579.659,1004
-711.062,-578.478,1001.96
-720.877,-578.97,1002.81
-729.392,-579.845,1004.32
-734.977,-576.894,999.213
-744.854,-577.291,999.901
-756.842,-579.362,1003.49
-764.598,-578.009,1001.15
-774.574,-578.293,1001.64
-783.459,-577.711,1000.63
-793.378,-577.96,1001.06
-804.579,-578.953,1002.78
-813.195,-578.382,1001.79
-823.314,-578.478,1001.96
-832.183,-577.763,1000.72
-842.351,-577.784,1000.76
-852.547,-577.766,1000.72
-863.966,-578.509,1002.01
-874.097,-579.709,1004.09
-883.178,-578.776,1002.47
-893.379,-578.643,1002.24
-903.715,-578.428,1001.87
-914.075,-578.173,1001.43
-925.709,-578.658,1002.27
-935.793,-578.452,1001.91
-946.122,-578.118,1001.33
-957.859,-578.468,1001.94
-968.351,-578.004,1001.14
-980.046,-578.307,1001.66
-993.192,-579.275,1003.34
-1005.08,-579.431,1003.61
-1013.04,-578.617,1002.2
-1023.66,-577.939,1001.02
-1036.96,-578.71,1002.36
-1050.32,-579.422,1003.59
-1060.91,-578.654,1002.26
-1071.63,-577.793,1000.77
-1083.4,-577.774,1000.74
-1095.54,-577.55,1000.35
-1108.97,-578.051,1001.22
-1119.78,-577.005,999.405
-1132.01,-576.629,998.755
-1144.26,-576.202,998.015
-1159.26,-577.19,999.727
-1170.37,-577.27,999.865
-1181.18,-576.046,997.744
-1194.98,-576.109,997.854
-1210.28,-576.802,999.055
-1222.38,-576.231,998.065
-1236.2,-576.174,997.966
-1251.63,-576.675,998.833
-1265.64,-576.432,998.413
-1279.68,-576.128,997.887
-1292.15,-575.159,996.209
-1307.76,-575.397,996.621
-1324.59,-576.411,998.376
-1337.78,-576.429,998.409
-1345.92,-573.221,992.851
-1364.73,-574.492,995.054
-1386.36,-577.153,999.663
-1397.5,-575.13,996.158
-1413.4,-574.887,995.737
-1430.9,-575.198,996.277
-1445.21,-574.253,994.639
-1462.81,-574.41,994.912
-1478.87,-573.872,993.98
-1494.64,-573.476,993.292
-1509.79,-573.444,993.238
-1527.56,-573.294,992.978
-1546.65,-573.879,993.992
-1557.95,-571.27,989.472
-1577.46,-571.473,989.824
-1603.52,-573.912,994.048
-1619.89,-572.754,992.043
-1632.91,-570.455,988.06
-1649.32,-569.157,985.812
-1673.69,-570.84,988.728
-1695.16,-571.046,989.084
-1710.71,-570.223,987.659
-1730.27,-569.941,987.171
-1746.86,-568.227,984.202
-1770.09,-568.683,984.992
-1803.62,-572.154,991.004
-1820.34,-570.142,987.519
-1833.57,-567.089,982.231
-1853.72,-565.975,980.302
-1887.6,-568.894,985.357
-1910.98,-568.843,985.269
-1933.75,-569.238,985.953
-1943.73,-564.672,978.043
-1967.22,-564.329,977.449
-1994.46,-564.669,978.038
-2025.36,-565.751,979.913
-2052.86,-565.708,979.839
-2069.87,-562.661,974.56
-2097.36,-562.469,974.229
-2117.94,-560.168,970.243
-2113.39,-551.596,955.396
-2109.03,-542.763,940.096
-2111.57,-535.884,928.182
-2114.12,-528.907,916.097
-2116.59,-521.933,904.018
-2115.36,-514.088,890.43
-2113.93,-506.369,877.06
-2116.1,-499.427,865.036
-2117.9,-492.793,853.546
-2119.9,-485.861,841.538
-2118.07,-478.211,828.288
-2119.88,-471.298,816.316
-2117.94,-463.589,802.963
-2119.57,-456.699,791.028
-2117.34,-449.134,777.926
-2114.83,-441.8,765.223
-2119.88,-435.71,754.675
-2117.44,-428.106,741.505
-2118.53,-421.371,729.839
-2119.62,-414.543,718.012
-2120.62,-407.722,706.197
-2125.28,-401.616,695.621
-2122.14,-394.409,683.139
-2122.81,-387.714,671.544
-2123.47,-380.927,659.787
-2127.81,-374.813,649.198
-2128.24,-368.135,637.632
-2128.65,-361.365,625.905
-2125.19,-353.972,613.101
-2129.22,-347.854,602.503
-2129.18,-341.42,591.359
-2126.15,-332.97,576.724
-2129.88,-326.952,566.299
-2129.78,-320.244,554.681
-2133.24,-314.42,544.594
-2132.98,-307.725,532.997
-2128.73,-300.6,520.657
-2128.3,-293.94,509.121
-2131.65,-287.814,498.51
-2127.19,-280.657,486.115
-2126.45,-274.137,474.821
-2133.45,-268.505,465.066
-2132.62,-261.887,453.604
-2131.56,-255.59,442.696
-2130.52,-249.102,431.458
-2133.36,-242.97,420.838
-2136.12,-236.83,410.203
-2134.89,-230.26,398.824
-2137.47,-224.219,388.36
-2136.09,-217.668,377.013
-2138.56,-211.52,366.365
-2140.96,-205.366,355.705
-2135.38,-198.576,343.945
-2137.63,-192.431,333.301
-2135.76,-186.244,322.585
-2137.87,-180.098,311.94
-2143.82,-174.37,302.018
-2141.84,-167.891,290.796
-2139.78,-161.429,279.605
-2137.64,-154.985,268.443
-2139.36,-148.937,257.967
-2141.04,-142.781,247.306
-2142.65,-136.621,236.635
-2144.18,-130.456,225.957
-2141.58,-124.467,215.584
-2142.98,-118.305,204.912
-2144.3,-112.14,194.233
-2145.56,-105.971,183.548
-2146.72,-99.9008,173.034
-2147.84,-93.7249,162.337
-2144.89,-87.3832,151.353
-2145.86,-81.2127,140.665
-2146.75,-75.1425,130.151
-2147.57,-68.9666,119.454
-2148.33,-62.7888,108.754
-2144.99,-56.812,98.4016
-2145.6,-50.7443,87.892
-2146.15,-44.5724,77.202
-2146.63,-38.3991,66.5094
-2147.03,-32.2242,55.8141
-2151.36,-26.2001,45.38
-2147.63,-19.9746,34.5971
-2147.82,-13.7974,23.8978
-2147.95,-7.6197,13.1978
-2148,-1.54446,2.6751
-2151.98,4.64213,-8.04043
-2151.9,10.5221,-18.2248
-2151.74,16.7113,-28.945
-2151.52,22.7966,-39.4851
-2151.22,28.9843,-50.2025
-2150.85,35.1713,-60.9187
-2150.41,41.3569,-71.6324
-2153.9,47.5265,-82.3185
-2153.32,53.7206,-93.0471
-2152.67,59.913,-103.773
-2151.94,66.1036,-114.495
-2151.2,71.8794,-124.499
-2150.34,78.0654,-135.214
-2153.39,84.4053,-146.195
-2152.39,90.5974,-156.92
-2151.33,96.6834,-167.461
-2154.16,103.06,-178.506
-2156.92,109.456,-189.584
-2155.62,115.658,-200.326
-2154.28,121.753,-210.883
-2156.82,128.183,-222.02
-2155.31,134.384,-232.761
-2153.81,140.271,-242.958
-2156.15,146.63,-253.972
-2158.39,153.11,-265.196
-2156.59,159.315,-275.944
-2154.72,165.516,-286.683
-2160.71,172.237,-298.324
-2162.64,178.775,-309.648
-2164.49,185.33,-321.002
-2162.36,191.448,-331.6
-2160.12,197.664,-342.366
-2161.74,204.246,-353.765
-2163.41,210.531,-364.652
-2160.95,216.75,-375.424
-2162.38,223.263,-386.704
-2163.69,229.894,-398.19
-2164.91,236.541,-409.702
-2162.16,242.764,-420.48
-2167.17,249.773,-432.621
-2164.26,256.002,-443.411
-2165.17,262.694,-455.002
-2166.04,269.296,-466.437
-2167.37,274.873,-476.096
-2168.04,281.605,-487.756
-2172.55,288.76,-500.149
-2169.19,295.004,-510.964
-2169.62,301.774,-522.69
-2170.13,308.244,-533.897
-2174.29,315.492,-546.45
-2174.46,322.309,-558.257
-2174.55,329.137,-570.084
-2170.72,335.386,-580.908
-2170.71,342.121,-592.574
-2174.35,349.584,-605.499
-2177.9,357.078,-618.479
-2173.82,363.232,-629.138
-2173.4,370.123,-641.074
-2176.66,377.679,-654.162
-2176.05,384.6,-666.15
-2171.66,390.748,-676.799
-2174.87,398.051,-689.448
-2177.75,405.697,-702.69
-2176.79,412.663,-714.755
-2175.74,419.636,-726.834
-2178.4,427.244,-740.011
-2180.88,434.984,-753.418
-2179.55,442.001,-765.572
-2181.91,449.683,-778.877
-2180.39,456.724,-791.072
-2178.78,463.771,-803.278
-2177.08,470.824,-815.494
-2179.04,478.582,-828.932
-2177.15,485.657,-841.186
-2178.82,493.561,-854.877
-2180.66,501.178,-868.069
-2178.58,508.183,-880.202
-2183.54,517.009,-895.488
-2184.77,525.013,-909.352
-2185.88,533.042,-923.258
-2186.99,540.989,-937.024
-2187.88,549.065,-951.011
-2185.09,556.256,-963.467
-2187.06,563.109,-975.337
-2187.64,571.241,-989.423
-2188.1,579.396,-1003.55
-2188.56,587.467,-1017.53
-2185.27,594.709,-1030.07
-2185.4,602.916,-1044.29
-2185.41,611.144,-1058.54
-2192.38,621.26,-1076.06
-2192.13,629.548,-1090.41
-2191.77,637.855,-1104.8
-2194.73,647.196,-1120.98
-2194.62,655.129,-1134.72
-2193.89,663.5,-1149.22
-2193.04,671.889,-1163.75
-2195.47,681.35,-1180.14
-2197.89,690.741,-1196.4
-2196.65,699.2,-1211.05
-2198.66,708.757,-1227.61
-2197.17,717.256,-1242.33
-2195.69,725.664,-1256.89
-2193.95,734.192,-1271.66
-2198.72,744.978,-1290.34
-2200,754.684,-1307.16
-2201.29,764.317,-1323.84
-2202.28,774.086,-1340.76
-2203.56,783.569,-1357.19
-2207.49,794.568,-1376.24
-2208.17,804.332,-1393.15
-2203.34,811.011,-1404.72
-2203.76,820.815,-1421.7
-2201.14,829.231,-1436.28
-2204.29,840.399,-1455.62
-2213.58,854.056,-1479.27
-2216.5,865.226,-1498.62
-2219.06,876.546,-1518.23
-2218.31,886.66,-1535.75
-2217.41,896.799,-1553.31
-2216.51,906.856,-1570.73
-2212.2,915.767,-1586.16
-2210.83,925.967,-1603.83
-2215.58,938.67,-1625.83
-2213.85,948.932,-1643.6
-2211.97,959.215,-1661.42
-2221.94,974.794,-1688.4
-2229.21,988.815,-1712.68
-2232.87,1001.78,-1735.14
-2224.27,1009.53,-1748.57
-2218.51,1018.62,-1764.3
-2221.41,1031.79,-1787.12
-2227.19,1046.27,-1812.2
-2234.75,1059.75,-1835.55
-2240.04,1074.36,-1860.85
-2239.13,1086.36,-1881.63
-2220.89,1089.98,-1887.9
-2185.6,1085.07,-1879.41
-2159.5,1086.81,-1882.42
-2141.57,1090.05,-1888.02
-2117.84,1090.45,-1888.72
-2092.04,1089.01,-1886.22
-2049.18,1079.05,-1868.98
-2023.25,1077.54,-1866.36
-2013.54,1084.81,-1878.95
-1987.5,1083.21,-1876.19
-1958.89,1080.02,-1870.66
-1938.63,1081.08,-1872.49
-1915.54,1080.65,-1871.75
-1889.9,1078.62,-1868.23
-1877.46,1084.04,-1877.61
-1862.56,1087.81,-1884.15
-1839.68,1087.04,-1882.82
-1816.88,1086.18,-1881.32
-1789.06,1082.14,-1874.32
-1764.14,1079.44,-1869.65
-1746.66,1081.38,-1873.01
-1721.72,1078.57,-1868.15
-1695.04,1073.84,-1859.95
-1677.92,1078.01,-1867.17
-1665.7,1082.73,-1875.36
-1648.37,1084.32,-1878.11
-1628.66,1084.25,-1877.98
-1606.63,1082.49,-1874.93
-1584.89,1080.57,-1871.6
-1565.4,1080.25,-1871.05
-1543.63,1078.23,-1867.55
-1517.34,1072.85,-1858.24
-1500.6,1073.85,-1859.96
-1484.29,1074.64,-1861.34
-1469.65,1077.24,-1865.84
-1455,1079.79,-1870.26
-1440.54,1082.22,-1874.47
-1423.67,1083,-1875.82
-1400.3,1078.69,-1868.36
-1377.08,1074.28,-1860.72
-1360.62,1074.78,-1861.58
-1350.35,1080.37,-1871.27
-1335.8,1082.54,-1875.02
-1312.92,1077.82,-1866.85
-1294.52,1076.37,-1864.34
-1282.12,1080.08,-1870.76
-1267.65,1082.02,-1874.13
-1249.38,1080.4,-1871.31
-1227.02,1075.29,-1862.46
-1210.7,1075.31,-1862.5
-1198.31,1078.78,-1868.5
-1184.17,1080.4,-1871.31
-1164.15,1079.01,-1868.9
-1144.41,1075.22,-1862.34
-1130.16,1076.72,-1864.95
-1117.75,1079.96,-1870.55
-1103.49,1081.37,-1873
-1089.44,1082.69,-1875.28
-1071.64,1080.43,-1871.37
-1050.41,1074.51,-1861.11
-1036.29,1075.71,-1863.19
-1024.1,1078.63,-1868.24
-1006.6,1076.12,-1863.9
-991.469,1075.22,-1862.34
-975.774,1074.41,-1860.94
-960.338,1073.5,-1859.37
-949.583,1078.08,-1867.29
-906.246,1078.69,-1868.35
-808.818,1014.35,-1756.92
-794.214,1012.94,-1754.47
-783.132,1015.09,-1758.2
-774.472,1021.03,-1768.49
-748.177,1021.66,-1769.58
-725.774,1008.71,-1747.14
-711.492,1007.01,-1744.19
-703.828,1014.71,-1757.53
-690.853,1014.82,-1757.73
-678.093,1014.86,-1757.8
-662.67,1011.09,-1751.27
-648.579,1009.17,-1747.95
-636.958,1011.02,-1751.15
-623.149,1008.99,-1747.62
-611.531,1010.76,-1750.7
-599.892,1012.5,-1753.71
-583.777,1006.53,-1743.36
-564.735,994.696,-1722.87
-551.141,992.449,-1718.98
-531.923,1001.28,-1734.27
-292.958,585.968,-1014.93
-289.055,592.63,-1026.47
-283.158,595.397,-1031.26
-277.321,598.137,-1036.01
-268.133,593.033,-1027.17
-255.719,581.098,-1006.5
-246.936,576.935,-999.284
-240.813,578.603,-1002.17
-233.36,577.326,-999.961
-227.099,578.969,-1002.81
-220.808,580.595,-1005.62
-212.424,576.293,-998.172
-207.546,581.816,-1007.74
-202.548,587.331,-1017.29
-194.474,583.958,-1011.45
-168,586.009,-1015
-161.368,586.474,-1015.81
-153.312,581.972,-1008.01
-144.976,579.482,-1003.7
-138.544,580.883,-1006.12
-130.281,574.316,-994.748
-118.145,608.136,-1053.33
-107.257,586.552,-1015.94
-101.186,588.829,-1019.89
-94.7302,591.104,-1023.83
-88.3728,594.358,-1029.46
-82.354,600.588,-1040.25
-75.9351,603.806,-1045.83
-69.215,606.011,-1049.65
-62.1391,605.201,-1048.24
-55.6155,606.361,-1050.25
-48.7546,606.509,-1050.51
-41.7071,605.639,-1049
-35.083,611.747,-1059.58
-29.6928,616.82,-1068.37
-21.1908,613.907,-1063.32
-14.481,613.956,-1063.41
-8.58687,621.983,-1077.31
-1.45435,631.998,-1094.66
5.52246,639.992,-1108.5
12.9856,644.966,-1117.12
26.5863,650.862,-1127.33
34.6211,683.779,-1184.34
42.9637,674.656,-1168.54
50.7243,674.521,-1168.31
58.4839,674.364,-1168.04
73.6973,675.995,-1170.86
151.162,1069.33,-1852.14
163.766,1070.87,-1854.81
175.142,1068.41,-1850.55
187.781,1069.89,-1853.1
199.881,1069.34,-1852.15
211.785,1066.75,-1847.68
225.697,960.39,-1663.45
188.547,614.812,-1064.89
194.871,612.294,-1060.53
200.696,603.715,-1045.67
206.499,601.197,-1041.31
214.812,604.531,-1047.08
221.44,605.966,-1049.57
227.689,604.369,-1046.8
235.02,604.686,-1047.35
242.062,600.931,-1040.85
248.566,599.246,-1037.93
255.739,602.581,-1043.7
262.667,601.835,-1042.41
274.717,594.332,-1029.42
528.333,602.643,-1043.81
553.11,602.565,-1043.68
627.714,599.851,-1038.98
658.423,605.259,-1048.34
668.272,605.983,-1049.6
678.16,606.669,-1050.79
687.1,606.449,-1050.4
694.946,605.363,-1048.52
709.943,610.27,-1057.02
726.092,615.971,-1066.9
727.923,609.615,-1055.89
725.608,599.81,-1038.91
728.317,594.303,-1029.37
738.307,594.747,-1030.14
746.429,593.388,-1027.78
750.02,588.702,-1019.66
751.359,582.333,-1008.63
752.467,576.013,-997.687
754.548,569.343,-986.135
754.292,562.217,-973.792
754.005,555.075,-961.422
754.713,548.777,-950.514
755.301,542.494,-939.63
755.666,536.262,-928.836
756.016,530.009,-918.005
757.353,523.372,-906.511
756.271,516.345,-894.339
757.436,510.948,-884.99
758.404,505.597,-875.723
759.371,500.221,-866.412
759.022,494.064,-855.747
758.557,487.925,-845.114
760.229,482.191,-835.182
761.931,477.687,-827.382
762.39,472.375,-818.18
761.487,466.302,-807.661
761.744,461.02,-798.513
761.817,455.789,-789.452
761.883,450.536,-780.354
763.154,446.057,-772.597
763.967,440.428,-762.846
763.745,435.216,-753.82
764.674,430.806,-746.18
764.273,425.623,-737.203
765.123,421.197,-729.537
765.897,416.78,-721.887
766.515,412.41,-714.317
765.767,407.284,-705.439
766.924,402.607,-697.338
767.609,398.124,-689.573
767.987,393.761,-682.017
768.217,389.447,-674.544
768.447,385.107,-667.028
768.602,380.779,-659.531
768.684,376.463,-652.055
770.057,372.892,-645.869
770.637,368.264,-637.854
770.43,364.018,-630.499
771.682,360.431,-624.286
771.408,356.17,-616.906
772.538,352.597,-610.718
772.06,348.396,-603.442
773.071,344.839,-597.28
774.222,341.175,-590.935
773.546,337.009,-583.719
773.438,332.487,-575.887
775.663,329.647,-570.967
776.38,326.124,-564.866
775.503,321.969,-557.669
776.103,318.465,-551.599
776.586,315.004,-545.606
777.077,311.515,-539.561
777.513,308.032,-533.529
776.261,303.979,-526.508
777.274,300.07,-519.738
779.066,297.26,-514.871
779.279,293.81,-508.896
779.439,290.369,-502.936
779.491,286.974,-497.056
779.544,283.551,-491.127
781.17,280.721,-486.224
781.125,277.311,-480.319
781.133,273.837,-474.3
780.982,270.447,-468.429
782.43,267.631,-463.553
780.929,263.397,-456.22
780.617,260.038,-450.401
782.024,257.164,-445.423
783.292,254.366,-440.576
782.839,251.029,-434.797
784.024,248.238,-429.963
783.429,244.956,-424.278
784.532,242.174,-419.459
783.889,238.872,-413.741
784.866,236.136,-409.001
785.85,233.364,-404.2
785.556,229.674,-397.809
786.453,226.911,-393.023
787.312,224.151,-388.242
786.348,220.941,-382.682
787.128,218.19,-377.918
787.87,215.443,-373.16
792.096,213.648,-370.051
804.641,208.199,-360.613
791.538,168.127,-291.205
802.721,165.123,-286.002
113.587,11.7675,-20.382
115.61,11.8153,-20.4647
115.744,11.4826,-19.8885
115.874,11.1495,-19.3115
116,10.816,-18.7339
115.176,10.2885,-17.8202
115.299,9.94046,-17.2174
115.411,9.60867,-16.6428
115.518,9.28209,-16.0771
115.623,8.94971,-15.5014
115.724,8.617,-14.9251
115.821,8.28401,-14.3484
115.913,7.95629,-13.7808
116.002,7.62279,-13.2031
116.088,7.28901,-12.625
116.169,6.96056,-12.0561
116.247,6.62634,-11.4772
115.34,6.17727,-10.6994
115.409,5.84545,-10.1247
116.457,5.62794,-9.74791
115.536,5.18118,-8.9741
115.593,4.85432,-8.40796
115.647,4.52179,-7.83201
115.697,4.18909,-7.25574
115.743,3.86179,-6.68884
115.787,3.5122,-6.08334
115.826,3.17911,-5.5064
115.86,2.84592,-4.92929
115.891,2.51818,-4.36163
115.918,2.18483,-3.78425
115.941,1.85139,-3.20671
115.96,1.52344,-2.63868
115.976,1.18991,-2.06099
115.987,0.856314,-1.48318
115.995,0.52269,-0.905329
115.999,0.194636,-0.33712
x,y,z
113,-0.135421,0.234557
112.997,-0.444178,0.769341
112.99,-0.736671,1.27596
112.981,-1.04539,1.81068
112.968,-1.35408,2.34535
112.951,-1.66273,2.87995
112.931,-1.97133,3.41446
112.908,-2.27446,3.9395
112.882,-2.58294,4.4738
112.852,-2.89134,5.00796
112.819,-3.19965,5.54197
112.782,-3.50786,6.07582
112.742,-3.81598,6.60949
112.664,-4.35084,7.5359
113.522,-5.21159,9.02677
113.814,-8.23516,14.2638
113.724,-8.54057,14.7928
114.655,-8.80725,15.2547
113.221,-10.0746,17.4498
113.109,-10.3838,17.9854
112.994,-10.6927,18.5204
112.876,-11.0013,19.0549
113.784,-11.2825,19.5419
113.659,-11.5932,20.0801
113.531,-11.9036,20.6177
113.401,-12.2082,21.1453
113.271,-12.507,21.6629
113.135,-12.8109,22.1892
112.993,-13.1198,22.7243
112.848,-13.4284,23.2587
113.7,-13.795,23.8937
113.548,-14.1055,24.4315
113.395,-14.4101,24.9591
113.236,-14.7197,25.4954
114.103,-15.037,26.045
113.94,-15.3431,26.5752
113.771,-15.6542,27.114
113.598,-15.9649,27.652
113.431,-16.2587,28.161
113.252,-16.5684,28.6974
114.092,-16.9113,29.2913
112.883,-17.1863,29.7676
113.726,-17.5174,30.3411
113.533,-17.8279,30.8789
113.336,-18.1378,31.4157
113.136,-18.4472,31.9516
112.933,-18.7561,32.4866
113.758,-19.0992,33.0809
113.548,-19.4097,33.6188
113.337,-19.7143,34.1462
114.105,-20.1304,34.8669
113.884,-20.4418,35.4064
113.659,-20.7527,35.9449
113.43,-21.063,36.4823
113.198,-21.3726,37.0185
111.996,-21.5453,37.3177
111.759,-21.851,37.8472
111.519,-22.1561,38.3756
111.275,-22.4605,38.9028
111.041,-22.7482,39.4012
110.791,-23.0513,39.9261
110.541,-23.3483,40.4407
110.285,-23.65,40.9632
110.024,-23.951,41.4845
109.508,-24.5351,42.4962
117.453,-30.1199,52.1694
117.139,-30.4236,52.6953
116.805,-30.7432,53.2489
116.467,-31.0619,53.8009
116.126,-31.3796,54.3513
115.781,-31.6965,54.9001
115.433,-32.0124,55.4472
116.097,-32.4443,56.1953
115.74,-32.761,56.7439
115.381,-33.0768,57.2908
115.024,-33.386,57.8265
114.677,-33.6833,58.3414
114.307,-33.9961,58.8833
113.933,-34.308,59.4234
113.557,-34.6188,59.9617
113.177,-34.9285,60.4982
113.716,-35.4422,61.388
114.256,-35.9535,62.2736
113.861,-36.2652,62.8134
114.444,-36.737,63.6307
114.063,-37.0328,64.1429
114.557,-37.5691,65.0718
113.751,-38.1765,66.1239
113.388,-39.3294,68.1208
113.522,-43.4792,75.3084
113.428,-44.3564,76.8278
112.841,-45.5297,78.8601
113.049,-46.9809,81.3737
309.964,-239.176,414.267
236.178,-211.804,366.857
231.486,-210.816,365.146
225.132,-213.095,369.093
168.921,-219.833,380.763
167.409,-224.396,388.667
194.361,-271.108,469.575
192.881,-273.494,473.707
193.804,-278.63,482.603
196.589,-296.111,512.881
188.679,-316.227,547.723
172.048,-307.181,532.055
162.639,-309.494,536.061
160.982,-319.001,552.528
153.899,-313.699,543.345
149.716,-312.149,540.659
145.847,-311.579,539.673
141.994,-310.998,538.667
132.017,-312.095,540.566
124.974,-311.799,540.054
121.182,-311.155,538.938
118.523,-313.446,542.907
115.276,-313.749,543.431
109.44,-309.194,535.542
99.1489,-309.048,535.289
94.2398,-304.373,527.192
89.7991,-302.687,524.271
85.699,-299.954,519.538
82.3195,-299.181,518.199
78.7865,-298.41,516.864
75.5239,-298.621,517.229
72.2589,-298.823,517.578
68.9341,-298.013,516.175
65.6759,-298.197,516.493
63.248,-302.35,523.687
60.3142,-303.505,525.687
56.2487,-299.682,519.067
52.1636,-297.859,515.91
49.5295,-298.975,517.842
46.4332,-299.099,518.057
43.1634,-299.222,518.269
40.083,-300.331,520.191
37.1604,-302.429,523.824
33.9124,-302.524,523.989
30.5044,-301.614,522.412
27.2075,-301.693,522.549
24.0832,-301.759,522.664
20.7848,-301.82,522.77
17.5436,-302.872,524.592
14.28,-303.915,526.399
11.2063,-305.948,529.919
7.88793,-306.974,531.696
5.27316,-308.988,535.185
1.90211,-309.998,536.934
-1.49564,-311.998,540.399
-4.92135,-312.989,542.116
-8.16206,-312.973,542.086
-11.6196,-313.945,543.771
-15.0987,-314.909,545.44
-17.8724,-315.873,547.11
-21.3919,-316.819,548.748
-24.8277,-318.758,552.106
-28.3112,-318.685,551.98
-31.8936,-319.602,553.568
-35.6074,-321.507,556.868
-39.2423,-322.403,558.42
-42.1539,-323.313,559.996
-45.501,-323.199,559.8
-49.1841,-324.067,561.303
-52.7253,-323.928,561.062
-56.4381,-324.775,562.53
-59.9869,-324.616,562.254
-63.5416,-325.452,563.702
-67.3029,-326.268,565.115
-71.0839,-327.074,566.51
-74.6576,-326.875,566.165
-78.2784,-327.67,567.543
-82.1066,-328.443,568.883
-85.6322,-328.218,568.493
-89.2182,-327.979,568.079
-92.613,-327.744,567.671
-96.1937,-327.486,567.225
-100.073,-328.207,568.473
-103.897,-330.947,573.219
-109.118,-335.593,581.266
-112.671,-337.327,584.27
-116.356,-337.014,583.728
-120.545,-338.678,586.609
-124.606,-339.327,587.733
-128.313,-338.981,587.135
-133.929,-343.533,595.019
-140.021,-351.087,608.102
-143.053,-348.74,604.037
-145.392,-343.388,594.768
-148.776,-344.049,595.913
-153.835,-346.566,600.272
-157.62,-346.141,599.535
-160.492,-343.757,595.407
-164.049,-343.337,594.679
-167.324,-341.912,592.212
-171.058,-341.45,591.411
-174.722,-340.986,590.607
-176.491,-335.591,581.262
-170.099,-306.415,530.728
-172.355,-304.021,526.582
-175.583,-302.518,523.978
-178.319,-301.075,521.479
-182.186,-301.54,522.285
-185.43,-302.092,523.24
-189.327,-302.535,524.008
-191.85,-301.088,521.502
-195.152,-299.505,518.76
-197.162,-297.069,514.541
-199.596,-295.608,512.009
-203.474,-296.004,512.695
-208.027,-297.331,514.994
-211.217,-296.768,514.02
-212.246,-293.396,508.179
-214.759,-291.874,505.542
-218.646,-292.219,506.14
-228.762,-291.351,504.637
-231.202,-289.793,501.938
-241.414,-294.2,509.57
-236.477,-282.233,488.843
-242.869,-286.311,495.908
-245.994,-285.644,494.751
-248.148,-284.087,492.054
-253.681,-286.147,495.623
-258.603,-288.334,499.412
-263.407,-289.444,501.333
-265.728,-287.812,498.507
-265.912,-283.357,490.791
-269.865,-283.529,491.089
-272.959,-282.788,489.804
-276.046,-282.038,488.505
-278.963,-281.319,487.261
-281.135,-279.659,484.386
-281.464,-276.214,478.418
-284.478,-275.441,477.079
-292.404,-280.144,485.225
-298.267,-281.993,488.427
-303.071,-282.98,490.137
-306.159,-282.147,488.696
-308.275,-280.43,485.721
-311.335,-279.584,484.255
-316.351,-280.471,485.792
-319.359,-279.618,484.314
-323.304,-279.638,484.348
-326.302,-278.766,482.838
-330.793,-279.765,484.569
-340.009,-284.005,491.913
-343.108,-283.072,490.297
-343.059,-279.573,484.237
-347.111,-279.498,484.106
-350.894,-275.947,477.956
-349.117,-270.579,468.658
-353.162,-270.458,468.449
-362.096,-274.704,475.803
-367.312,-275.374,476.964
-371.919,-276.238,478.461
-376.058,-276.045,478.125
-389.511,-276.25,478.48
-1382.56,-943.943,1634.96
-1389.93,-938.744,1625.96
-1404.97,-938.134,1624.9
-1417.62,-935.875,1620.99
-1430.26,-933.575,1617.01
-1445.34,-932.816,1615.69
-1465.2,-935.22,1619.85
-1484.8,-937.687,1624.13
-1495.02,-933.616,1617.08
-1510.24,-932.626,1615.36
-1528.01,-933.128,1616.23
-1543.29,-932.02,1614.31
-1561.15,-932.389,1614.95
-1573.37,-929.863,1610.58
-1593.91,-931.629,1613.63
-1617.62,-937.267,1623.4
-1630.46,-934.34,1618.33
-1638.01,-928.371,1607.99
-1664.1,-932.837,1615.73
-1687.67,-935.702,1620.69
-1700.57,-932.555,1615.24
-1715.62,-931.082,1612.69
-1736.68,-932.234,1614.68
-1752.32,-930.387,1611.48
-1767.98,-928.482,1608.18
-1791.79,-930.928,1612.42
-1809.78,-930.579,1611.82
-1825.53,-928.473,1608.17
-1844.11,-927.726,1606.88
-1857.05,-924.084,1600.57
-1878.53,-924.609,1601.48
-1900.07,-925.043,1602.23
-1924.02,-927.051,1605.71
-1948.61,-928.68,1608.53
-1967.46,-927.457,1606.41
-1989.27,-927.524,1606.52
-2005.08,-924.883,1601.95
-2022.07,-924.501,1601.29
-2038.08,-921.645,1596.34
-2060.05,-921.396,1595.91
-2087.53,-924.005,1600.43
-2115.65,-926.193,1604.22
-2143.89,-928.254,1607.79
-2165.98,-927.689,1606.81
-2208.59,-905.382,1568.17
-2206.02,-894.295,1548.97
-2209.52,-885.752,1534.17
-2216.03,-878.459,1521.54
-2209.36,-866.539,1500.9
-2199.84,-853.135,1477.68
-2199.61,-843.46,1460.92
-2199.23,-833.812,1444.21
-2188.95,-820.697,1421.49
-2196.08,-812.565,1407.41
-2201.7,-805.372,1394.95
-2203.99,-797,1380.45
-2199.65,-786.313,1361.94
-2194.7,-775.99,1344.06
-2189.88,-765.503,1325.9
-2188.35,-756.097,1309.6
-2196.58,-750.106,1299.23
-2194.8,-740.736,1283
-2189.55,-730.289,1264.9
-2190.4,-722.409,1251.25
-2191.56,-714.229,1237.09
-2189.25,-704.981,1221.07
-2186.8,-695.768,1205.11
-2190.98,-688.718,1192.9
-2194.69,-681.981,1181.23
-2188.47,-671.789,1163.58
-2188.81,-663.83,1149.79
-2192.61,-656.811,1137.63
-2189.42,-647.755,1121.95
-2192.65,-641.069,1110.37
-2196.16,-634.068,1098.24
-2192.63,-625.086,1082.69
-2185.49,-615.161,1065.49
-2181.69,-606.266,1050.09
-2177.42,-597.723,1035.29
-2176.89,-589.858,1021.67
-2183.3,-583.902,1011.35
-2186.11,-576.994,999.386
-2181.64,-568.344,984.405
-2181.67,-559.605,969.268
-2184.18,-552.732,957.364
-2186.61,-545.863,945.465
-2185.06,-538.427,932.586
-2183.71,-530.7,919.202
-2189.38,-524.83,909.036
-2177,-514.566,891.258
-2171.72,-506.076,876.552
-2169.66,-498.776,863.909
-2178.72,-493.666,855.057
-2180.43,-486.89,843.321
-2178.4,-479.314,830.199
-2179.94,-472.559,818.499
-2173.77,-464.551,804.629
-2171.44,-457.053,791.642
-2172.71,-450.347,780.027
-2170.19,-442.892,767.114
-2171.2,-436.314,755.721
-2171.97,-429.952,744.701
-2172.91,-423.284,733.153
-2166.3,-415.193,719.139
-2167.06,-408.562,707.653
-2163.99,-401.244,694.978
-2168.12,-395.637,685.266
-2168.65,-389.032,673.825
-2165.32,-381.77,661.248
-2165.68,-375.193,649.856
-2165.96,-368.626,638.481
-2165.96,-362.38,627.662
-2166.09,-355.831,616.32
-2166.07,-349.398,605.177
-2166.04,-342.87,593.87
-2158.3,-335.167,580.528
-2157.91,-328.992,569.833
-2161.48,-323.091,559.612
-2161.14,-316.618,548.4
-2160.72,-310.156,537.208
-2152.53,-302.623,524.161
-2148.54,-294.852,510.7
-2155.6,-289.496,501.423
-2158.73,-283.601,491.214
-2157.76,-277.512,480.666
-2156.88,-271.124,469.602
-2155.93,-264.749,458.561
-2151.01,-257.922,446.735
-2153.8,-252.04,436.548
-2156.38,-246.462,426.886
-2155.14,-240.131,415.921
-2157.68,-234.342,405.894
-2156.3,-228.029,394.96
-2150.92,-221.328,383.353
-2153.19,-215.757,373.704
-2155.51,-209.871,363.508
-2153.84,-203.606,352.658
-2152.1,-197.357,341.834
-2150.29,-191.124,331.038
-2152.24,-185.555,321.392
-2158.18,-180.001,311.771
-2152.22,-173.464,300.45
-2154.08,-167.581,290.26
-2163.76,-162.39,281.269
-2153.54,-155.927,270.074
-2143.32,-149.213,258.445
-2140.96,-143.089,247.839
-2138.52,-136.983,237.262
-2143.96,-131.381,227.559
-2141.32,-125.596,217.54
-2142.66,-119.744,207.403
-2143.93,-113.887,197.259
-2141.17,-107.827,186.763
-2142.31,-101.975,176.627
-2143.34,-96.4281,167.019
-2140.38,-90.4019,156.581
-2141.32,-84.6548,146.627
-2142.21,-78.8027,136.491
-2143.04,-72.9482,126.35
-2143.8,-67.0915,116.206
-2140.51,-61.1188,105.861
-2141.15,-55.2692,95.7294
-2141.72,-49.418,85.5947
-2142.23,-43.5652,75.4575
-2138.65,-37.9483,65.7287
-2143.03,-32.1642,55.7102
-2139.36,-26.259,45.4821
-2139.61,-20.5156,35.5343
-2139.8,-14.6691,25.4078
-2139.93,-8.82218,15.2805
-2139.99,-2.97496,5.15281
-2139.99,2.87234,-4.97506
-2139.93,8.71956,-15.1028
-2139.8,14.5665,-25.23
-2139.61,20.413,-35.3566
-2139.36,26.259,-45.482
-2139.04,32.0016,-55.4286
-2138.66,37.8458,-65.551
-2138.22,43.6888,-75.6715
-2137.71,49.5306,-85.7898
-2141.16,55.1665,-95.5516
-2140.52,61.0162,-105.683
-2135.83,66.7392,-115.596
-2135.07,72.5741,-125.703
-2134.25,78.4068,-135.805
-2137.35,84.3947,-146.176
-2136.41,90.1311,-156.112
-2135.39,95.9672,-166.221
-2138.29,101.991,-176.654
-2137.15,107.832,-186.771
-2135.94,113.67,-196.882
-2134.66,119.504,-206.988
-2137.3,125.568,-217.492
-2135.89,131.406,-227.603
-2134.42,137.241,-237.708
-2136.88,143.234,-248.09
-2139.33,149.039,-258.145
-2133.71,154.596,-267.769
-2131.99,160.424,-277.863
-2130.21,166.247,-287.949
-2128.36,172.065,-298.026
-2130.39,178.208,-308.666
-2132.35,184.367,-319.334
-2130.31,190.191,-329.421
-2132.13,196.371,-340.126
-2129.99,202.092,-350.034
-2123.82,207.525,-359.445
-2125.45,213.719,-370.174
-2127,219.929,-380.929
-2128.47,226.153,-391.71
-2129.88,232.392,-402.516
-2127.31,238.208,-412.59
-2128.71,244.159,-422.897
-2129.9,250.429,-433.758
-2131.02,256.714,-444.643
-2128.18,262.533,-454.721
-2129.21,268.731,-465.458
-2130.12,275.045,-476.394
-2130.95,281.372,-487.352
-2127.84,287.19,-497.43
-2128.52,293.532,-508.414
-2129.14,299.886,-519.419
-2129.67,306.252,-530.445
-2126.29,312.066,-540.516
-2126.68,318.445,-551.565
-2123.23,324.149,-561.445
-2119.66,329.946,-571.486
-2123.64,336.943,-583.604
-2120.13,342.435,-593.118
-2120.15,348.848,-604.225
-2124.51,354.991,-614.865
-2120.59,360.791,-624.91
-2116.62,366.579,-634.937
-2116.35,373.022,-646.096
-2116.01,379.475,-657.272
-2119.57,386.317,-669.123
-2119.06,392.798,-680.348
-2118.48,399.288,-691.589
-2121.56,406.501,-704.084
-2117.08,412.292,-714.114
-2116.26,418.807,-725.398
-2119.16,425.974,-737.811
-2121.88,433.27,-750.449
-2113.42,438.295,-759.153
-2112.28,444.84,-770.488
-2114.74,452.177,-783.197
-2113.44,458.745,-794.573
-2108.39,464.513,-804.564
-2106.94,471.084,-815.944
-2105.4,477.66,-827.334
-2111.14,485.813,-841.457
-2113.33,492.963,-853.84
-2111.53,499.586,-865.311
-2109.64,506.213,-876.79
-2107.67,512.845,-888.276
-2105.62,519.481,-899.771
-2103.49,526.121,-911.272
-2104.85,533.67,-924.347
-2106.1,541.242,-937.462
-2107.25,548.836,-950.616
-2101.32,554.485,-960.4
-2102.28,562.105,-973.598
-2099.63,568.794,-985.183
-2093.38,574.522,-995.105
-2083.91,578.962,-1002.79
-2105.43,592.495,-1026.23
-2102.4,599.229,-1037.9
-2061.18,594.965,-1030.51
-2033.93,594.532,-1029.76
-2010.19,594.987,-1030.55
-1983.07,594.301,-1029.36
-1956.14,593.392,-1027.79
-1932.58,593.494,-1027.97
-1909.08,593.486,-1027.95
-1884.62,594.18,-1029.15
-1861.35,593.851,-1028.58
-1838.03,593.503,-1027.98
-1814.77,593.046,-1027.19
-1788.25,591.376,-1024.3
-1765.14,590.691,-1023.11
-1748.72,592.141,-1025.62
-1725.72,591.258,-1024.09
-1699.85,588.883,-1019.98
-1680.29,588.926,-1020.05
-1662.79,590.915,-1023.5
-1641.69,590.196,-1022.25
-1619.04,588.791,-1019.82
-1604.53,590.243,-1022.33
-1582.01,588.648,-1019.57
-1559.91,586.724,-1016.24
-1547.11,588.555,-1019.41
-1532.84,589.651,-1021.31
-1515.32,589.532,-1021.1
-1493.14,587.479,-1017.55
-1474.5,587.969,-1018.4
-1460.27,588.851,-1019.92
-1440.2,586.937,-1016.61
-1421.42,585.775,-1014.6
-1410.38,587.729,-1017.98
-1394.76,587.708,-1017.94
-1373.1,585.024,-1013.3
-1356.08,584.198,-1011.86
-1346.66,586.581,-1015.99
-1331.22,586.286,-1015.48
-1312.95,584.531,-1012.44
-1296.62,584.655,-1012.66
-1282.82,584.82,-1012.94
-1270.53,585.606,-1014.3
-1258.26,586.341,-1015.58
-1241.75,584.911,-1013.1
-1225.2,583.467,-1010.6
-1210.16,582.644,-1009.17
-1196.61,582.455,-1008.84
-1184.53,582.91,-1009.63
-1171.05,582.611,-1009.12
-1162.18,584.216,-1011.9
-1151.57,585.245,-1013.68
-1132.77,583.247,-1010.22
-1119.45,582.727,-1009.32
-1106.17,582.152,-1008.32
-1092.95,581.523,-1007.23
-1079.77,580.838,-1006.04
-1069.68,581.417,-1007.05
-1059.27,582.112,-1008.25
-1047.65,581.975,-1008.01
-1033.29,580.347,-1005.19
-1020.33,579.409,-1003.57
-1010.04,579.926,-1004.46
-995.939,579.414,-1003.58
-983.447,578.176,-1001.43
-973.252,578.558,-1002.1
-964.355,579.671,-1004.02
-954.194,579.981,-1004.56
-942.792,579.476,-1003.69
-931.431,578.927,-1002.73
-922.599,579.898,-1004.42
-911.301,579.266,-1003.32
-897.589,577.012,-999.418
-885.283,575.45,-996.712
-876.559,576.268,-998.13
-866.847,577.431,-1000.14
-856.948,577.382,-1000.06
-845.892,576.489,-998.512
-836.166,576.323,-998.225
-825.193,575.349,-996.537
-816.579,575.963,-997.602
-807.977,576.548,-998.614
-795.969,574.637,-995.304
-785.488,573.389,-993.143
-778.088,574.699,-995.412
-769.571,575.154,-996.2
-759.964,574.746,-995.493
-748.202,572.628,-991.824
-738.884,573.267,-992.931
-732.607,575.277,-996.413
-722.049,573.885,-994.001
-713.654,574.15,-994.461
-705.276,574.387,-994.872
-694.949,572.852,-992.213
-685.594,572.169,-991.03
-677.622,572.215,-991.11
-669.339,572.332,-991.311
-660.073,571.554,-989.964
-651.835,571.612,-990.064
-643.616,571.641,-990.116
-635.415,571.643,-990.119
-627.234,571.618,-990.074
-620.025,572.444,-991.505
-612.202,572.277,-991.217
-601.932,571.606,-990.055
-592.91,570.58,-988.278
-585.752,571.302,-989.528
-578.022,571.026,-989.05
-569.986,570.808,-988.671
-561.972,570.562,-988.246
-553.215,569.364,-986.171
-543.527,567.26,-982.526
-539.028,570.545,-988.216
-533.628,572.916,-992.323
-523.514,569.746,-986.833
-516.454,570.257,-987.718
-507.768,568.92,-985.402
-499.933,568.468,-984.619
-492.122,567.99,-983.792
-485.907,569.327,-986.106
-478.236,568.779,-985.158
-470.483,568.229,-984.206
-462.529,568.78,-985.16
-455.562,569.107,-985.726
-447.869,568.483,-984.644
-439.59,566.88,-981.868
-433.714,568.01,-983.826
-426.796,568.25,-984.242
-419.887,568.47,-984.622
-412.984,568.669,-984.967
-406.09,568.847,-985.276
-398.543,568.061,-983.914
-391.025,567.25,-982.51
-384.178,567.363,-982.706
-377.035,566.452,-981.128
-370.838,567.474,-982.898
-364.02,567.527,-982.989
-357.32,567.542,-983.015
-350.521,567.554,-983.037
-341.995,564.675,-978.05
-336.956,567.519,-982.975
-331.635,569.343,-986.135
-322.663,565.433,-979.362
-316.478,566.306,-980.875
-309.756,566.198,-980.687
-301.662,565.22,-978.993
-294.975,565.068,-978.73
-288.3,564.896,-978.433
-269.74,567.184,-982.395
-242.794,564.083,-977.025
-236.624,564.738,-978.159
-229.65,563.417,-975.87
-204.577,563.795,-976.524
-198.065,563.36,-975.772
-191.905,563.893,-976.695
-185.414,563.422,-975.88
-179.048,562.924,-975.017
-172.589,562.417,-974.138
-166.44,562.88,-974.94
-160.327,562.313,-973.959
-154.179,562.743,-974.703
-148.026,563.156,-975.418
-141.619,562.56,-974.385
-135.468,562.938,-975.041
-129.542,564.293,-977.388
-122.937,562.651,-974.543
-116.894,562.973,-975.101
-110.759,562.278,-973.897
-104.535,561.571,-972.674
-98.2208,560.852,-971.428
-92.0897,561.112,-971.879
-85.9554,561.356,-972.3
-79.6772,560.585,-970.965
-73.8718,560.783,-971.309
-67.7413,560.977,-971.644
-61.6088,561.154,-971.95
-55.475,561.314,-972.227
-49.574,560.451,-970.732
-43.4476,560.578,-970.953
-37.4945,561.686,-972.872
-31.5701,561.777,-973.029
-25.5376,561.853,-973.162
-19.3961,561.915,-973.268
-13.231,560.959,-971.614
-7.42214,560.986,-971.66
-1.29097,560.998,-971.681
4.83215,559.993,-969.94
10.9523,559.972,-969.903
16.7506,559.936,-969.841
22.87,559.882,-969.747
28.9892,559.811,-969.624
34.7851,559.728,-969.481
40.9024,559.625,-969.302
47.018,559.505,-969.094
53.0255,559.37,-968.862
58.8165,559.226,-968.611
65.8592,556.024,-963.066
77.92,566.661,-981.489
82.7797,557.464,-965.56
89.0301,558.226,-966.88
94.9603,556.978,-964.718
100.726,556.725,-964.28
107.001,557.437,-965.513
113.293,558.131,-966.715
119.071,557.83,-966.194
125.166,557.497,-965.616
131.258,557.146,-965.009
137.589,557.772,-966.093
143.363,557.408,-965.463
149.346,557.015,-964.783
155.709,557.589,-965.777
161.48,557.179,-965.066
167.567,556.729,-964.287
173.65,556.263,-963.48
180.046,556.768,-964.353
186.138,557.28,-965.242
192.226,556.763,-964.346
198.66,557.214,-965.127
204.746,556.663,-964.173
210.508,556.126,-963.242
216.583,555.542,-962.231
223.045,555.923,-962.89
229.202,556.317,-963.573
235.279,555.683,-962.474
241.667,556.02,-963.059
247.74,555.352,-961.901
253.933,555.678,-962.466
260.002,554.976,-961.25
265.597,553.285,-958.321
273.706,557.445,-965.527
280.283,557.659,-965.897
284.88,553.979,-959.524
291.439,554.16,-959.837
297.691,554.364,-960.19
303.746,553.542,-958.767
310.331,553.667,-958.983
316.609,553.818,-959.244
323.218,553.904,-959.394
329.731,553.987,-959.537
335.781,553.078,-957.962
342.094,553.157,-958.099
348.736,553.167,-958.117
354.777,552.206,-956.453
361.733,553.181,-958.142
94.4555,89.8429,-155.613
94.9658,89.1422,-154.399
94.523,86.9903,-150.672
94.6396,85.8184,-148.642
94.7796,84.6355,-146.594
94.5416,82.98,-143.726
94.26,81.331,-140.87
94.4428,80.1193,-138.771
94.4133,78.9652,-136.772
94.5377,77.76,-134.685
94.4555,76.6127,-132.698
94.5221,75.4146,-130.622
94.4303,74.261,-128.624
94.4387,73.0705,-126.562
94.2654,71.9339,-124.594
94.2436,70.7426,-122.53
94.1645,69.5646,-120.49
94.0558,68.3912,-118.457
94.3346,67.6866,-117.237
94.4968,67.0191,-116.081
94.3572,65.8419,-114.042
94.1498,64.6833,-112.035
94.3607,63.9863,-110.828
94.5944,63.2768,-109.599
94.3168,62.1294,-107.612
94.5152,61.4243,-106.39
94.1882,60.2858,-104.418
94.3287,59.5945,-103.221
94.4781,58.8957,-102.011
94.5798,58.2121,-100.827
94.2845,57.0403,-98.797
94.395,56.3439,-97.5908
94.4485,55.6674,-96.4191
94.5205,54.9791,-95.227
94.5577,54.3019,-94.054
95.1497,54.0427,-93.6051
95.1867,53.3583,-92.4196
95.7685,53.0974,-91.9677
96.3474,52.8349,-91.5131
97.4793,52.9946,-91.7897
98.0571,52.7275,-91.327
98.6319,52.4588,-90.8616
99.2038,52.1885,-90.3934
99.7727,51.9166,-89.9226
100.916,52.06,-90.1708
101.483,51.7834,-89.6919
102.642,51.9147,-89.9193
103.208,51.6335,-89.4322
104.362,51.7625,-89.6556
105.561,51.8673,-89.8371
106.724,51.988,-90.0461
108.944,51.5537,-89.294
111.868,51.4527,-89.119
113.709,51.9283,-89.9428
114.275,51.6168,-89.4033
114.17,50.9269,-88.2083
114.081,50.2233,-86.9896
113.959,49.5333,-85.7945
113.844,48.8352,-84.5853
113.798,48.0909,-83.2962
114.322,47.7792,-82.7564
114.171,47.0874,-81.5581
114.486,46.1029,-79.8528
113.597,45.0576,-78.0423
113.394,44.3781,-76.8654
113.878,44.0676,-76.3277
113.638,43.403,-75.1764
113.469,42.6872,-73.9366
113.228,42.013,-72.7689
113.686,41.703,-72.2319
114.132,41.3972,-71.7023
113.84,40.7442,-70.5713
113.552,40.0839,-69.4276
113.989,39.773,-68.8892
113.748,39.0681,-67.6682
114.174,38.7567,-67.1289
113.846,38.1056,-66.001
113.484,37.4746,-64.9081
113.892,37.1639,-64.3701
114.296,36.8522,-63.8301
113.993,36.1614,-62.6337
113.614,35.524,-61.5295
92.011,23.1461,-40.0903
93.0695,23.2059,-40.1939
93.3217,22.9513,-39.7529
92.4645,21.5308,-37.2926
111.829,13.4091,-23.2254
111.323,12.2807,-21.2709
112.764,11.2825,-19.542
113.825,11.1788,-19.3624
113.945,10.8676,-18.8234
114.286,9.93221,-17.2032
113.736,8.5024,-14.7266
111.908,7.83452,-13.5698
111.992,7.52864,-13.04
112.073,7.22251,-12.5098
112.15,6.91619,-11.9792
113.19,6.78208,-11.747
113.263,6.47272,-11.2111
113.332,6.16313,-10.6749
113.397,5.85339,-10.1384
113.456,5.55976,-9.62982
113.515,5.24968,-9.09275
113.571,4.93942,-8.55536
113.623,4.62904,-8.01777
113.672,4.3185,-7.47989
112.735,3.86463,-6.69375
112.775,3.56192,-6.16946
112.812,3.25374,-5.63566
112.846,2.94543,-5.10166
112.877,2.63706,-4.56754
112.904,2.32859,-4.03325
112.928,2.02004,-3.49883
112.948,1.71147,-2.96436
112.965,1.40281,-2.42975
112.979,1.09414,-1.89511
112.989,0.790824,-1.36975
112.996,0.482098,-0.83502
112.999,0.17333,-0.300217
578.922,-580.876,-1006.1
566.934,-578.261,-1001.57
555.713,-574.32,-994.744
545.122,-571.317,-989.543
535.464,-569.178,-985.839
526.711,-567.911,-983.644
516.239,-572.505,-991.601
503.278,-583.015,-1009.8
485.196,-587.917,-1018.29
478.763,-589.234,-1020.58
476.771,-596.104,-1032.48
476.766,-603.638,-1045.52
458.538,-640.188,-1108.83
393.406,-572.133,-990.957
388.758,-575.039,-995.989
383.727,-577.991,-1001.1
377.795,-588.426,-1019.18
365.759,-602.876,-1044.2
438.672,-836.734,-1449.26
429.008,-835.921,-1447.85
399.842,-835.416,-1446.97
134.061,-326.186,-564.966
131.859,-329.47,-570.655
129.401,-332.77,-576.371
126.133,-334.102,-578.677
122.119,-333.458,-577.561
117.965,-331.8,-574.69
113.658,-330.146,-571.826
109.391,-328.479,-568.938
104.979,-327.826,-567.807
102.394,-329.043,-569.914
99.1561,-330.302,-572.095
96.1167,-332.547,-575.984
92.948,-333.782,-578.123
89.2985,-334.031,-578.554
85.1381,-332.286,-575.532
81.6964,-332.502,-575.906
78.7601,-335.7,-581.445
75.3121,-336.904,-583.53
71.6108,-336.1,-582.138
67.7353,-335.296,-580.745
63.8796,-334.48,-579.333
60.0437,-333.654,-577.901
56.4193,-332.808,-576.437
52.781,-332.958,-576.695
49.1412,-333.097,-576.936
45.5547,-332.222,-575.421
41.0982,-331.365,-573.937
37.5532,-330.469,-572.385
33.9407,-330.566,-572.554
30.3273,-330.654,-572.706
26.6323,-329.733,-571.11
23.1474,-328.798,-569.491
19.7357,-330.855,-573.053
16.0707,-329.904,-571.406
12.6546,-329.941,-571.471
9.69923,-334.967,-580.175
1.21565,-317.001,-549.058
-2.20896,-320,-554.252
-5.0943,-323.992,-561.166
-8.66194,-324.973,-562.865
-12.5947,-321.94,-557.613
-15.963,-318.902,-552.35
-19.3252,-319.856,-554.003
-22.8921,-320.798,-555.634
-26.4802,-321.729,-557.248
-29.9036,-322.656,-558.852
-33.3261,-321.57,-556.972
-36.8403,-321.474,-556.806
-40.228,-320.371,-554.895
-43.5446,-320.263,-554.707
-46.7404,-323.158,-559.722
-50.2717,-323.025,-559.492
-53.8014,-322.883,-559.246
-57.1439,-322.74,-558.997
-60.6705,-322.579,-558.718
-64.1952,-322.408,-558.423
-67.5326,-322.237,-558.128
-71.2728,-323.042,-559.521
-74.8463,-323.847,-560.915
-78.6251,-324.63,-562.272
-81.9207,-323.418,-560.173
-85.2684,-323.202,-559.798
-89.0719,-323.955,-561.102
-92.8322,-324.701,-562.394
-96.8421,-326.43,-565.389
-100.65,-327.154,-566.643
-104.224,-326.874,-566.158
-107.282,-325.613,-563.974
-111.175,-326.301,-565.165
-115.086,-326.977,-566.337
-118.325,-327.704,-567.596
-122.082,-328.377,-568.761
-125.669,-328.038,-568.175
-129.963,-329.658,-570.981
-134.169,-331.278,-573.786
-137.38,-329.927,-571.446
-141.402,-330.525,-572.481
-145.679,-332.108,-575.223
-149.918,-334.711,-579.732
-153.574,-334.296,-579.014
-157.226,-333.872,-578.278
-162.086,-336.377,-582.617
-167.197,-338.841,-586.886
-171.682,-340.343,-589.488
-175.808,-341.882,-592.152
-180.87,-344.324,-596.382
-187.224,-348.653,-603.881
-192.338,-352.105,-609.859
-237.603,-408.06,-706.776
-244.101,-411.274,-712.343
-248.592,-410.601,-711.177
-267.314,-402.385,-696.946
-269.755,-397.756,-688.929
-273.446,-396.068,-686.004
-278.433,-396.258,-686.334
-284.551,-398.357,-689.97
-288.9,-397.574,-688.613
-293.71,-398.824,-690.778
-302.974,-404.571,-700.732
-310.714,-408.454,-707.459
-320.068,-415.23,-719.194
-330.437,-421.798,-730.571
-345.288,-422.057,-731.019
-716.027,-840.97,-1456.59
-725.208,-839.001,-1453.18
-735.491,-838.944,-1453.08
-747.088,-839.663,-1454.33
-760.369,-842.166,-1458.66
-770.743,-842.005,-1458.38
-779.934,-839.886,-1454.72
-790.324,-839.666,-1454.33
-802.774,-841.142,-1456.89
-812.826,-839.836,-1454.63
-824.153,-840.415,-1455.63
-835.997,-840.837,-1456.36
-845.174,-838.54,-1452.38
-857.482,-839.903,-1454.74
-868.551,-841.559,-1457.61
-878.663,-840.059,-1455.01
-890.641,-840.297,-1455.43
-902.167,-840.623,-1455.99
-913.09,-839.947,-1454.82
-927.08,-841.819,-1458.06
-940.653,-843.775,-1461.45
-950.844,-842.063,-1458.49
-963.012,-842.057,-1458.47
-974.723,-842.149,-1458.63
-984.924,-840.336,-1455.49
-997.155,-840.212,-1455.28
-1006.87,-838.477,-1452.27
-1019.14,-838.277,-1451.93
-1035.62,-841.442,-1457.41
-1045.38,-839.598,-1454.22
-1057.74,-839.268,-1453.64
-1074.42,-842.267,-1458.84
-1086.38,-841.995,-1458.37
-1098.85,-841.526,-1457.56
-1107.87,-838.564,-1452.43
-1117.81,-836.463,-1448.79
-1131.25,-836.764,-1449.31
-1143.77,-836.137,-1448.22
-1154.69,-834.81,-1445.92
-1171.82,-837.378,-1450.37
-1183.27,-835.796,-1447.63
-1192.95,-834.806,-1445.92
-1209.09,-836.396,-1448.67
-1222.45,-836.485,-1448.82
-1233.79,-834.8,-1445.91
-1245.29,-833.018,-1442.82
-1263.55,-836.166,-1448.27
-1277.52,-835.88,-1447.78
-1286.64,-832.376,-1441.71
-1300.65,-832,-1441.06
-1314.2,-831.761,-1440.64
-1328.27,-831.282,-1439.81
-1347.39,-833.863,-1444.28
-1361.06,-833.463,-1443.59
-1372.7,-831.274,-1439.8
-1389.45,-832.116,-1441.26
-1405.79,-833.094,-1442.95
-1417.47,-830.762,-1438.91
-1431.75,-829.905,-1437.43
-1448.53,-830.572,-1438.58
-1449.18,-822.31,-1424.27
-1460.81,-819.831,-1419.98
-1477.78,-820.285,-1420.77
-1478.17,-812.012,-1406.44
-1476.19,-802.074,-1389.22
-1479.49,-795.1,-1377.14
-1479.48,-786.888,-1362.92
-1490.81,-784.283,-1358.41
-1510.45,-785.966,-1361.32
-1532.95,-789,-1366.58
-1543.9,-786.449,-1362.16
-1555.29,-783.638,-1357.29
-1575.17,-785.024,-1359.69
-1596.15,-788.648,-1365.97
-1612.87,-788.701,-1366.06
-1627.22,-787.063,-1363.22
-1644.47,-786.754,-1362.69
-1658.85,-784.998,-1359.65
-1675.72,-784.795,-1359.3
-1696.01,-785.642,-1360.76
-1716.36,-786.401,-1362.08
-1733.37,-785.978,-1361.34
-1753.85,-786.571,-1362.37
-1771.25,-785.834,-1361.09
-1788.38,-785.197,-1359.99
-1809.01,-785.545,-1360.59
-1826.67,-784.5,-1358.78
-1840.87,-782.351,-1355.06
-1864.7,-783.744,-1357.47
-1890.03,-787.306,-1363.64
-1907.87,-785.945,-1361.29
-1928.69,-785.866,-1361.15
-1949.4,-785.791,-1361.02
-1970.32,-785.534,-1360.57
-1982.02,-781.377,-1353.37
-2009.01,-783.617,-1357.25
-2039.71,-786.666,-1362.54
-2061,-785.933,-1361.27
-2082.34,-785.106,-1359.83
-2100.06,-783.293,-1356.69
-2121.46,-782.291,-1354.96
-2139.68,-780.018,-1351.02
-2170.44,-782.658,-1355.59
-2165.93,-772.072,-1337.26
-2221.62,-774.227,-1340.99
-2213.58,-762.471,-1320.63
-2208.51,-752.015,-1302.52
-2210.06,-743.736,-1288.18
-2211.07,-735.789,-1274.41
-2212.39,-727.538,-1260.12
-2206.9,-717.123,-1242.08
-2204.2,-708.157,-1226.55
-2205.15,-699.98,-1212.39
-2205.99,-691.818,-1198.26
-2206.32,-683.991,-1184.7
-2206.94,-675.863,-1170.62
-2207.45,-667.752,-1156.57
-2204.42,-658.633,-1140.78
-2204.32,-650.884,-1127.36
-2204.49,-642.835,-1113.42
-2204.55,-634.806,-1099.51
-2204.14,-627.113,-1086.18
-2203.87,-619.227,-1072.53
-2203.61,-611.256,-1058.72
-2199.73,-602.343,-1043.28
-2195.38,-593.786,-1028.46
-2198.31,-586.837,-1016.42
-2194.08,-578.024,-1001.16
-2193.26,-570.175,-987.566
-2192.34,-562.348,-974.009
-2194.57,-555.762,-962.601
-2198.19,-547.705,-948.645
-2196.96,-539.926,-935.172
-2195.32,-532.485,-922.285
-2197.5,-525.616,-910.387
-2195.98,-517.897,-897.018
-2194.35,-510.202,-883.69
-2192.62,-502.532,-870.405
-2190.51,-495.202,-857.708
-2188.58,-487.581,-844.509
-2190.12,-480.895,-832.928
-2188,-473.315,-819.799
-2185.78,-465.761,-806.716
-2186.89,-459.322,-795.563
-2188.18,-452.575,-783.878
-2189.39,-445.835,-772.203
-2186.8,-438.358,-759.252
-2184.12,-430.908,-746.349
-2188.55,-425.248,-736.546
-2189.43,-418.547,-724.94
-2186.49,-411.151,-712.129
-2183.44,-403.783,-699.367
-2183.99,-397.232,-688.021
-2180.62,-390.121,-675.704
-2181,-383.597,-664.405
-2181.38,-376.979,-652.942
-2181.68,-370.37,-641.495
-2181.9,-363.771,-630.065
-2181.84,-357.495,-619.195
-2181.9,-350.915,-607.799
-2181.89,-344.346,-596.421
-2181.8,-337.788,-585.061
-2181.63,-331.24,-573.72
-2177.37,-324.446,-561.953
-2180.88,-318.491,-551.639
-2180.42,-312.082,-540.538
-2179.95,-305.58,-529.276
-2175.54,-298.56,-517.117
-2174.74,-292.405,-506.457
-2174.04,-285.95,-495.276
-2173.26,-279.507,-484.116
-2172.4,-273.077,-472.979
-2175.35,-267.137,-462.691
-2174.2,-261.035,-452.123
-2173.66,-253.488,-439.051
-2168.6,-246.658,-427.22
-2171.12,-241.041,-417.492
-2169.82,-234.682,-406.478
-2172.35,-228.75,-396.203
-2170.9,-222.409,-385.221
-2169.37,-216.083,-374.264
-2167.65,-210.084,-363.874
-2169.92,-204.158,-353.609
-2172.08,-198.33,-343.515
-2170.28,-192.043,-332.627
-2172.34,-186.111,-322.351
-2170.29,-180.157,-312.039
-2172.23,-174.224,-301.763
-2170.15,-167.98,-290.948
-2164.04,-161.458,-279.651
-2165.77,-155.542,-269.405
-2167.35,-149.934,-259.691
-2165,-143.746,-248.974
-2162.57,-137.576,-238.287
-2160.07,-131.423,-227.63
-2161.45,-125.623,-217.584
-2162.74,-119.922,-207.71
-2156.04,-113.695,-196.925
-2157.25,-107.802,-186.718
-2158.4,-101.906,-176.506
-2155.5,-95.8301,-165.981
-2156.46,-90.249,-156.315
-2157.41,-84.3554,-146.107
-2158.3,-78.4592,-135.894
-2155.14,-72.4266,-125.446
-2155.9,-66.5368,-115.244
-2156.56,-60.9551,-105.577
-2157.19,-55.0616,-95.3688
-2153.76,-49.1786,-85.1793
-2150.26,-43.2127,-74.846
-2150.7,-37.3367,-64.6685
-2151.06,-31.769,-55.0252
-2151.38,-25.8907,-44.8437
-2151.63,-20.0119,-34.6614
-2151.81,-14.1325,-24.4781
-2147.94,-8.23737,-14.2674
-2151.99,-2.68228,-4.64582
-2151.99,3.19786,5.53881
-2147.92,9.06129,15.6945
-2147.79,14.9301,25.8596
-2147.6,20.6956,35.8456
-2147.35,26.3573,45.6519
-2147.04,32.1215,55.6356
-2146.66,37.9876,65.7959
-2146.21,43.8525,75.9542
-2145.73,49.4077,85.576
-2145.15,55.2699,95.7296
-2144.52,61.1305,105.88
-2143.82,66.9893,116.028
-2143.05,72.846,126.172
-2142.27,78.3926,135.779
-2141.38,84.245,145.916
-2140.43,90.0948,156.048
-2143.41,96.0179,166.307
-2142.37,101.668,176.093
-2141.25,107.418,186.051
-2140.04,113.267,196.182
-2138.77,119.112,206.307
-2141.48,124.879,216.295
-2140.09,130.729,226.427
-2134.66,136.321,236.113
-2137.1,142.416,246.669
-2135.6,147.946,256.248
-2133.95,153.779,266.351
-2136.19,159.904,276.959
-2134.41,165.738,287.065
-2132.67,171.261,296.63
-2134.71,177.414,307.287
-2132.78,183.142,317.208
-2134.68,189.316,327.902
-2132.69,194.839,337.469
-2130.53,200.664,347.557
-2132.23,206.863,358.295
-2129.94,212.686,368.38
-2127.58,218.503,378.455
-2125.29,224.007,387.989
-2126.72,230.234,398.775
-2128.08,236.476,409.585
-2129.36,242.732,420.421
-2130.72,248.695,430.75
-2127.97,254.513,440.827
-2129.09,260.698,451.539
-2130.09,266.998,462.451
-2127.29,272.508,471.995
-2132.02,279.331,483.812
-2132.8,285.67,494.791
-2129.65,291.493,504.877
-2130.45,297.54,515.351
-2127.17,303.357,525.426
-2127.66,309.724,536.453
-2128.08,316.102,547.501
-2124.78,321.607,557.035
-2125.05,327.997,568.104
-2125.25,334.4,579.193
-2125.44,340.71,590.123
-2126.22,346.013,599.308
-2122.4,351.817,609.361
-2122.52,357.946,619.976
-2122.36,364.39,631.137
-2122.12,370.843,642.315
-2121.81,377.306,653.509
-2121.63,383.474,664.191
-2124.92,390.646,676.613
-2124.44,397.045,687.696
-2120.07,402.844,697.74
-2119.6,409.046,708.484
-2118.82,415.562,719.77
-2117.97,422.086,731.069
-2120.74,429.368,743.682
-2119.71,435.917,755.025
-2118.86,442.168,765.853
-2117.68,448.732,777.221
-2116.42,455.302,788.601
-2115.08,461.879,799.992
-2113.92,468.157,810.867
-2112.42,474.746,822.279
-2114.57,482.07,834.963
-2112.9,488.68,846.413
-2115.06,495.841,858.816
-2113.22,502.472,870.301
-2114.9,509.976,883.298
-2112.89,516.626,894.816
-2111.1,522.976,905.815
-2108.92,529.635,917.347
-2110.23,537.204,930.458
-2107.89,543.879,942.019
-2105.77,550.255,953.062
-2103.26,556.936,964.635
-2104.19,564.566,977.85
-2101.61,571.162,989.274
-2106.07,579.588,1003.87
-2106.81,587.181,1017.02
-2107.32,594.896,1030.38
-2107.74,602.63,1043.78
-2104.58,609.383,1055.47
-2108.59,617.856,1070.15
-2105.25,624.629,1081.88
-2101.82,631.402,1093.61
-2103.19,638.005,1105.05
-2103,645.836,1118.61
-2099.31,652.628,1130.38
-2098.92,660.485,1143.99
-2098.8,668.058,1157.1
-2108.28,679.199,1176.4
-2107.53,687.134,1190.14
-2099.98,692.883,1200.1
-2094.66,707.676,1225.72
-842.461,299.758,519.192
-830.425,299.572,518.87
-816.002,297.593,515.442
-803.081,296.256,513.126
-795.022,296.651,513.811
-785.383,296.409,513.392
-775.318,296.421,513.413
-765.738,296.088,512.836
-757.765,296.328,513.251
-749.809,296.533,513.606
-740.309,296.079,512.819
-731.943,296.491,513.534
-725.597,297.219,514.795
-716.177,296.646,513.801
-708.495,296.57,513.67
-700.664,296.563,513.658
-692.854,296.522,513.588
-679.581,301.097,521.511
-365.781,274.685,475.765
-365.026,277.334,480.352
-366.944,281.487,487.546
-367.111,285.007,493.644
-371.102,290.855,503.772
-371.117,294.403,509.917
-364.53,299.969,519.558
-98.6202,282.734,489.706
-95.1956,282.013,488.457
-86.0992,282.743,489.722
-83.0075,282.974,490.122
-79.0389,282.248,488.865
-76.1154,282.449,489.213
-73.0271,282.653,489.566
-69.9367,282.848,489.904
-66.6098,282.042,488.507
-63.6887,282.211,488.799
-60.6573,282.377,489.089
-57.5703,282.539,489.368
-54.4813,282.692,489.634
-51.391,282.837,489.884
-48.4615,282.966,490.108
-45.2085,282.097,488.603
-42.2734,283.214,490.537
-39.0396,282.328,489.002
-36.1156,282.425,489.171
-33.0284,282.519,489.334
-29.94,282.605,489.483
-26.851,282.683,489.618
-23.9235,282.749,489.731
-20.7593,281.81,488.106
-17.7958,282.862,489.927
-14.7041,282.906,490.004
-11.5707,281.942,488.335
-8.68201,282.968,490.112
-5.58905,282.988,490.146
-2.48738,281.999,488.433
0.597003,283.001,490.169
3.51471,281.996,488.428
6.59686,281.982,488.404
9.71286,282.96,490.097
12.8055,282.929,490.044
15.8432,282.891,489.977
18.8262,282.845,489.898
21.8632,282.79,489.804
24.9535,282.726,489.693
28.1424,283.653,491.297
31.0789,283.576,491.165
34.0576,282.489,489.281
37.1444,282.391,489.113
40.5147,284.281,492.385
43.4576,284.172,492.197
46.3995,283.052,490.258
49.4923,282.921,490.031
52.769,283.778,491.514
58.8059,283.481,491
61.8488,283.319,490.719
64.9446,283.146,490.419
67.8754,282.974,490.121
70.7808,283.803,491.558
73.7183,283.616,491.234
77.1443,282.379,489.092
79.9137,283.197,490.507
83.2433,283.967,491.842
89.2825,283.508,491.047
98.746,283.738,491.445
97.5708,247.744,429.101
100.178,238.294,412.734
103.539,241.004,417.428
89.8658,151.998,263.267
90.0451,148.318,256.892
91.7265,144.917,251.001
86.3009,126.335,218.817
87.0236,125.152,216.769
88.2475,124.408,215.479
89.6824,124.682,215.955
90.9616,123.918,214.631
92.3146,123.668,214.197
93.7346,123.935,214.66
95.0165,123.691,214.237
114.844,130.419,225.891
118.213,130.763,226.486
115.027,70.5211,122.145
116.14,68.7598,119.095
99.3859,51.4091,89.0424
101.098,51.2719,88.8048
102.245,51.4078,89.0404
103.888,50.5778,87.6027
113.428,48.3091,83.6733
113.955,47.9985,83.1352
113.782,47.3228,81.9648
112.931,46.2677,80.1374
113.435,45.9584,79.6017
113.935,45.6478,79.0637
113.718,44.9817,77.91
113.522,44.2969,76.7239
113.996,43.9915,76.195
113.755,43.327,75.044
113.592,42.6059,73.795
114.055,42.2949,73.2564
113.773,41.6433,72.1279
113.503,40.9789,70.977
113.205,40.3288,69.851
113.644,40.0189,69.3143
113.403,39.3189,68.1018
113.095,38.6607,66.9619
113.508,38.3566,66.435
113.159,37.7193,65.3313
113.57,37.4096,64.7948
113.28,36.7174,63.5959
113.673,36.4127,63.0682
113.286,35.7853,61.9815
112.901,35.151,60.8828
113.284,34.842,60.3476
113.643,34.5483,59.8389
113.311,33.8549,58.6381
113.66,33.5612,58.1292
113.231,32.9385,57.0508
113.589,32.6286,56.514
113.197,31.9626,55.3605
112.72,31.3661,54.3273
113.061,31.0577,53.7931
113.398,30.7483,53.2572
112.967,30.0938,52.1236
113.294,29.7846,51.5881
113.618,29.4747,51.0512
113.093,28.8925,50.043
113.407,28.5831,49.507
113.717,28.2728,48.9695
113.233,27.633,47.8614
113.528,27.3286,47.3342
113.825,27.018,46.7962
113.259,26.4458,45.8051
113.546,26.1359,45.2684
113.012,25.5158,44.1943
113.29,25.2066,43.6588
113.563,24.8967,43.1219
112.958,24.339,42.156
113.218,24.0354,41.6302
113.479,23.7257,41.0938
112.9,23.1167,40.039
113.151,22.8079,39.5041
113.399,22.4983,38.968
112.796,21.8982,37.9285
113.033,21.5897,37.3941
113.268,21.2805,36.8586
113.487,20.987,36.3503
113.71,20.682,35.8221
113.935,20.371,35.2834
113.258,19.8285,34.3437
113.473,19.5187,33.8072
113.681,19.2138,33.2791
113.012,18.6371,32.2801
113.214,18.328,31.7448
113.412,18.0184,31.2085
113.597,17.7246,30.6996
113.789,17.4139,30.1615
113.978,17.1027,29.6226
114.163,16.791,29.0827
113.444,16.2371,28.1232
113.619,15.9269,27.5859
113.792,15.6162,27.0478
113.961,15.305,26.5089
113.216,14.7578,25.5611
113.375,14.4483,25.0249
113.532,14.1382,24.488
113.685,13.8278,23.9503
113.834,13.517,23.4119
113.977,13.2112,22.8823
114.12,12.8996,22.3425
114.259,12.5875,21.8021
114.395,12.2752,21.261
114.528,11.9624,20.7193
115.713,11.5603,20.0229
x,y,z
112,-0.0429513,0.0743942
111.446,-11.9977,20.7807
112.518,-14.1036,24.4282
112.212,-14.7015,25.4638
111.747,-21.8671,37.8751
112.487,-22.2922,38.6113
112.254,-22.5831,39.1152
112.006,-22.8894,39.6458
112.78,-23.2626,40.2921
112.524,-23.5704,40.8252
112.265,-23.8775,41.3572
113.028,-24.2575,42.0154
112.761,-24.566,42.5497
112.491,-24.8737,43.0828
112.232,-25.1646,43.5865
112.919,-25.6184,44.3726
112.643,-25.9212,44.897
112.358,-26.2286,45.4294
113.091,-26.6246,46.1153
112.798,-26.9332,46.6498
112.518,-27.2248,47.1549
112.218,-27.5318,47.6867
112.87,-28.0013,48.4998
112.563,-28.3092,49.0332
112.251,-28.6164,49.5652
111.954,-28.9066,50.0678
112.635,-29.336,50.8116
112.329,-29.6271,51.3159
112.004,-29.9336,51.8467
111.681,-30.2338,52.3668
112.29,-30.7198,53.2085
111.971,-31.0101,53.7112
112.623,-31.4523,54.4772
112.278,-31.7596,55.0094
112.871,-32.2495,55.858
112.535,-32.5413,56.3634
112.178,-32.8483,56.8951
111.817,-33.1543,57.4252
112.459,-33.5928,58.1847
111.343,-34.5101,59.7735
111.892,-35.0152,60.6484
111.521,-35.3097,61.1585
112.119,-35.7709,61.9573
111.865,-36.8859,63.8886
111.46,-37.1911,64.417
111.967,-37.7105,65.3167
112.526,-38.1896,66.1466
111.282,-39.0909,67.7076
110.853,-39.3943,68.2333
111.317,-39.9299,69.1608
110.008,-39.9819,69.251
109.569,-40.2819,69.7706
108.706,-40.8627,70.7765
115.513,-47.0576,81.5064
113.637,-47.4096,82.1161
113.117,-47.7194,82.6527
112.067,-48.3347,83.7184
747.446,-407.602,705.99
742.98,-409.638,709.516
741.4,-413.044,715.416
739.53,-416.56,721.505
741.214,-421.154,729.463
743.165,-426.944,739.492
741.097,-430.484,745.624
741.817,-435.442,754.211
740.912,-439.757,761.684
738.655,-443.311,767.841
739.144,-448.304,776.488
739.288,-453.417,785.345
737.883,-456.563,790.794
735.379,-460.135,796.98
734.059,-464.491,804.526
734.167,-469.537,813.264
733.917,-474.7,822.208
733.575,-479.877,831.174
733.422,-484.96,839.978
732.901,-490.16,848.985
732.236,-494.147,855.891
732.734,-500.174,866.33
732.239,-505.303,875.214
731.364,-510.548,884.299
729.24,-514.987,891.987
727.339,-519.326,899.501
725.067,-523.772,907.203
726.107,-530.697,919.198
721.723,-533.398,923.876
711.436,-532.037,921.518
702.303,-531.47,920.536
694.603,-531.606,920.772
685.63,-530.943,919.624
676.59,-530.279,918.474
669.717,-531.274,920.197
662.092,-531.303,920.247
653.13,-530.549,918.942
645.244,-530.617,919.059
639.741,-532.28,921.94
631.872,-532.301,921.975
624.022,-532.294,921.963
613.651,-536.452,929.165
626.022,-588.992,1020.17
618.646,-589.808,1021.58
610.352,-589.713,1021.42
601.508,-588.614,1019.51
593.265,-588.463,1019.25
585.934,-589.18,1020.49
578.063,-588.893,1020
569.875,-588.663,1019.6
560.848,-587.504,1017.59
551.976,-586.287,1015.48
542.025,-585.299,1013.77
534.295,-584.875,1013.04
528.716,-587.239,1017.13
520.667,-586.846,1016.45
512.18,-585.438,1014.01
504.982,-585.91,1014.83
497.12,-585.416,1013.97
488.623,-583.951,1011.44
481.584,-584.33,1012.09
473.686,-583.784,1011.15
466.557,-584.141,1011.76
459.038,-583.479,1010.62
451.21,-582.86,1009.55
444.121,-583.149,1010.05
438.077,-584.291,1012.03
430.993,-584.541,1012.46
422.553,-582.89,1009.6
415.84,-583.034,1009.85
409.462,-584.161,1011.8
401.768,-583.38,1010.45
394.44,-582.518,1008.95
386.207,-582.842,1009.52
381.795,-584.621,1012.6
373.78,-584.864,1013.02
366.186,-583.968,1011.47
359.546,-583.953,1011.44
352.58,-583.969,1011.47
346.192,-584.924,1013.12
154.846,-293.975,509.181
152.798,-296.308,513.223
151.165,-298.581,517.16
148.86,-300.931,521.23
145.568,-301.334,521.927
142.446,-301.706,522.573
138.698,-301.117,521.551
134.069,-299.591,518.909
131.853,-300.861,521.108
128.62,-301.21,521.714
125.326,-301.557,522.315
121.113,-300.967,521.293
117.438,-300.312,520.158
114.701,-301.595,522.38
111.04,-300.92,521.211
107.455,-300.23,520.015
103.603,-298.538,517.085
100.064,-297.826,515.852
96.6581,-297.094,514.584
93.4096,-297.354,515.033
90.1583,-297.604,515.468
85.8161,-295.904,512.523
82.7511,-296.123,512.901
80.4634,-297.289,514.922
76.4439,-296.546,513.635
72.7119,-294.766,510.551
69.0775,-292.97,507.441
66.043,-293.145,507.744
62.625,-292.327,506.327
59.3946,-291.49,504.878
55.5144,-290.677,503.469
52.3366,-290.824,503.724
49.3246,-290.956,503.952
47.2946,-294.05,509.311
45.4581,-299.137,518.122
42.3286,-300.254,520.057
39.0463,-300.365,520.25
35.9357,-300.462,520.418
32.7089,-300.555,520.578
29.5387,-300.637,520.72
26.2227,-299.713,519.119
22.3545,-298.79,517.522
19.0885,-298.847,517.62
16.5649,-299.885,519.418
12.7268,-298.931,517.766
9.59924,-297.961,516.085
6.34252,-297.982,516.122
3.25697,-297.995,516.144
-2.59646e-05,-296.999,514.42
-3.06488,-295.995,512.681
-6.26429,-296.983,514.391
-9.06317,-302.965,524.753
-16.0122,-290.889,503.836
-19.2572,-291.84,505.484
-21.8498,-292.795,507.138
-24.9661,-293.734,508.764
-28.0802,-292.663,506.908
-31.2786,-292.582,506.768
-34.8053,-291.48,504.86
-37.5039,-292.399,506.451
-40.6693,-293.295,508.004
-44.0236,-294.177,509.531
-47.2286,-295.056,511.053
-50.4527,-294.922,510.822
-53.5057,-294.788,510.589
-56.7269,-294.637,510.328
-60.1488,-295.473,511.775
-63.2074,-295.313,511.499
-66.4341,-295.136,511.192
-69.7232,-295.953,512.608
-72.9568,-295.758,512.27
-76.2733,-296.557,513.654
-79.4566,-296.348,513.292
-82.6943,-296.127,512.908
-85.5907,-296.931,514.302
-88.6642,-296.706,513.911
-91.9057,-296.459,513.484
-94.9741,-296.217,513.065
-98.5376,-296.94,514.316
-101.611,-296.681,513.868
-105.2,-297.383,515.085
-108.637,-298.091,516.31
-111.893,-297.789,515.788
-115.089,-297.485,515.26
-118.615,-298.158,516.427
-122.215,-298.815,517.565
-125.719,-299.473,518.705
-129.411,-300.103,519.795
-132.487,-300.791,520.987
-136.04,-301.42,522.076
-139.333,-301.043,521.424
-143.083,-301.631,522.442
-146.675,-302.229,523.477
-150.941,-303.764,526.137
-154.084,-303.369,525.453
-157.398,-302.944,524.716
-161.544,-305.502,529.147
-166.269,-307.976,533.432
-170.696,-309.445,535.976
-174.439,-309.962,536.871
-178.377,-310.441,537.702
-182.175,-311.974,540.356
-186.724,-313.388,542.806
-191.709,-315.771,546.934
-196.85,-319.168,552.817
-202.135,-321.487,556.834
-207.899,-324.769,562.518
-213.789,-329.073,569.973
-228.196,-334.051,578.595
-565.256,-794.208,1375.61
-574.832,-794.615,1376.32
-585.58,-795.848,1378.45
-594.513,-795.258,1377.43
-604.617,-795.492,1377.84
-613.302,-793.828,1374.96
-622.244,-793.161,1373.8
-632.385,-793.306,1374.05
-643.298,-794.347,1375.85
-652.274,-793.596,1374.55
-660.938,-791.802,1371.45
-671.143,-791.826,1371.49
-680.913,-791.915,1371.64
-691.958,-792.793,1373.16
-702.232,-792.719,1373.03
-712.07,-792.715,1373.03
-722.382,-792.577,1372.79
-733.4,-793.35,1374.13
-742.605,-792.311,1372.33
-751.96,-791.209,1370.42
-761.01,-790.153,1368.59
-770.178,-790.154,1368.59
-781.006,-790.84,1369.78
-792.324,-791.377,1370.71
-801.412,-790.207,1368.68
-811.865,-789.784,1367.95
-825.105,-791.989,1371.77
-836.094,-792.496,1372.65
-842.857,-788.435,1365.62
-854.168,-788.8,1366.25
-867.131,-790.962,1369.99
-877.705,-790.33,1368.9
-888.29,-789.663,1367.74
-899.423,-789.96,1368.26
-911.041,-790.09,1368.48
-922.688,-790.179,1368.64
-931.875,-788.641,1365.97
-942.534,-787.8,1364.51
-953.785,-787.916,1364.72
-964.472,-787.003,1363.13
-979.385,-789.455,1367.38
-990.735,-789.45,1367.37
-1000.42,-787.576,1364.13
-1014.42,-789.036,1366.66
-1028.03,-790.592,1369.35
-1037.75,-788.606,1365.91
-1041.77,-782.479,1355.3
-1053.21,-782.261,1354.92
-1070.22,-787.375,1363.78
-1081.08,-786.086,1361.55
-1095.36,-787.225,1363.52
-1106.95,-786.833,1362.84
-1119.01,-786.241,1361.81
-1133.43,-787.229,1363.53
-1145.1,-786.711,1362.63
-1156.05,-785.181,1359.98
-1166.85,-783.67,1357.36
-1178.56,-783.036,1356.26
-1193.16,-783.783,1357.56
-1204.92,-783.061,1356.31
-1219.6,-783.704,1357.42
-1238.04,-786.646,1362.52
-1247.41,-784.214,1358.3
-1267.25,-787.807,1364.53
-1282.15,-788.211,1365.23
-1285.21,-781.792,1354.11
-1297.57,-780.576,1352
-1311.23,-780.081,1351.14
-1327,-782.584,1355.48
-1340.29,-782.176,1354.77
-1351.44,-780.014,1351.03
-1365.22,-779.318,1349.82
-1375.92,-777.272,1346.28
-1392.4,-777.972,1347.49
-1408.93,-778.605,1348.59
-1422.37,-777.899,1347.37
-1433.57,-775.47,1343.16
-1447.04,-774.672,1341.78
-1449.99,-767.798,1329.87
-1461.12,-765.271,1325.49
-1474.58,-764.358,1323.91
-1477.33,-757.454,1311.95
-1477.16,-749.133,1297.54
-1473.6,-739.632,1281.08
-1475.85,-732.847,1269.33
-1483.84,-728.803,1262.33
-1499.97,-729.135,1262.9
-1516.56,-729.184,1262.99
-1533.21,-729.165,1262.95
-1546.56,-727.928,1260.81
-1563.28,-727.78,1260.56
-1585.92,-730.272,1264.87
-1599.37,-728.851,1262.41
-1610.28,-725.809,1257.14
-1627.15,-725.391,1256.42
-1643.64,-725.139,1255.98
-1660.58,-724.583,1255.02
-1674.53,-722.648,1251.67
-1697.62,-724.554,1254.97
-1716.07,-726.053,1257.57
-1729.69,-724.169,1254.3
-1749.91,-724.535,1254.94
-1770.18,-724.811,1255.41
-1783.87,-722.737,1251.82
-1807.35,-724.105,1254.19
-1830.92,-725.366,1256.38
-1841.55,-721.851,1250.29
-1862.06,-721.71,1250.04
-1892.14,-725.128,1255.96
-1909.46,-723.662,1253.42
-1920.13,-719.91,1246.92
-1940.83,-719.417,1246.07
-1968.02,-721.197,1249.15
-1990.54,-722.726,1251.8
-2010.99,-722.231,1250.94
-2038.43,-723.672,1253.44
-2059.4,-722.687,1251.74
-2073.71,-719.429,1246.09
-2091.16,-717.346,1242.48
-2122,-719.58,1246.35
-2149.77,-720.452,1247.86
-2189.49,-708.48,1227.13
-2230.49,-713.582,1235.96
-2211.21,-698.927,1210.58
-2208.64,-689.697,1194.59
-2205.93,-680.501,1178.67
-2206.12,-672.699,1165.15
-2206.58,-664.597,1151.12
-2206.94,-656.513,1137.12
-2203.36,-647.75,1121.94
-2203.49,-639.711,1108.02
-2203.39,-631.797,1094.31
-2203.06,-624.007,1080.82
-2206.24,-617.108,1068.87
-2209.45,-610.104,1056.73
-2198.52,-599.271,1037.97
-2194.13,-590.727,1023.17
-2193.49,-582.846,1009.52
-2192.75,-574.986,995.909
-2195.12,-568.383,984.471
-2194.17,-560.556,970.916
-2193.97,-551.911,955.941
-2196.39,-545.019,944.004
-2195.13,-537.251,930.549
-2193.46,-529.821,917.681
-2191.99,-522.1,904.307
-2190.42,-514.402,890.974
-2192.09,-507.884,879.685
-2190.33,-500.225,866.419
-2195.77,-494.233,856.04
-2193.82,-486.604,842.826
-2184.17,-477.712,827.425
-2189.36,-471.737,817.076
-2194.4,-465.853,806.884
-2188.21,-457.745,792.841
-2185.7,-450.341,780.016
-2186.88,-443.61,768.357
-2187.73,-437.201,757.257
-2185.03,-429.752,744.356
-2185.96,-423.053,732.753
-2186.82,-416.363,721.164
-2187.35,-409.994,710.134
-2184.29,-402.628,697.375
-2184.9,-395.972,685.846
-2185.21,-389.639,674.877
-2181.88,-382.34,662.234
-2182.25,-375.721,650.77
-2182.32,-369.426,639.866
-2178.73,-362.195,627.343
-2178.79,-355.72,616.128
-2178.83,-349.151,604.75
-2178.6,-342.906,593.933
-2178.5,-336.358,582.591
-2178.31,-329.821,571.269
-2177.86,-323.608,560.508
-2177.53,-317.093,549.223
-2177.11,-310.59,537.959
-2176.45,-304.411,527.258
-2175.89,-297.932,516.035
-2175.25,-291.464,504.833
-2178.24,-285.83,495.073
-2177.45,-279.376,483.896
-2172.71,-272.45,471.898
-2171.77,-266.033,460.784
-2174.5,-260.408,451.041
-2170.06,-252.408,437.184
-2172.64,-246.787,427.449
-2171.4,-240.414,416.411
-2174,-234.478,406.129
-2172.61,-228.123,395.122
-2171.03,-222.095,384.681
-2173.42,-216.159,374.401
-2171.78,-209.942,363.632
-2170,-203.948,353.25
-2172.19,-198.016,342.975
-2170.39,-191.73,332.087
-2172.45,-185.796,321.81
-2170.4,-179.844,311.499
-2168.38,-173.594,300.675
-2170.25,-167.667,290.408
-2168,-161.752,280.163
-2165.77,-155.541,269.406
-2163.48,-149.348,258.678
-2165.08,-143.434,248.436
-2166.53,-137.827,238.725
-2168.01,-131.906,228.468
-2161.45,-125.622,217.584
-2162.74,-119.921,207.711
-2160.02,-113.904,197.288
-2161.23,-108,187.063
-2158.4,-101.906,176.506
-2159.42,-96.3169,166.826
-2160.45,-90.4151,156.604
-2157.41,-84.3547,146.107
-2158.26,-78.7691,136.433
-2159.09,-72.8705,126.216
-2159.85,-66.97,115.996
-2160.55,-61.0675,105.772
-2157.16,-55.3715,95.9067
-2157.73,-49.4765,85.6962
-2158.24,-43.5801,75.4832
-2158.68,-37.7857,65.4471
-2159.04,-32.1973,55.7675
-2155.36,-26.2488,45.4644
-2155.62,-20.3591,35.2632
-2155.8,-14.7788,25.5977
-2155.93,-8.88814,15.3948
-2155.99,-2.99721,5.19133
-2155.99,2.89382,-5.01226
-2155.93,8.4748,-14.6788
-2155.81,14.3655,-24.8819
-2155.62,20.2558,-35.0841
-2155.38,25.8355,-44.7486
-2155.07,31.7245,-54.9486
-2150.69,37.5427,-65.026
-2150.26,43.3155,-75.025
-2153.76,49.075,-85.0006
-2153.21,54.8559,-95.0136
-2152.57,60.7385,-105.203
-2151.92,66.3098,-114.852
-2151.16,72.1887,-125.035
-2150.34,78.0654,-135.214
-2149.45,83.9398,-145.388
-2152.54,89.6688,-155.311
-2147.55,95.3721,-165.19
-2146.47,101.239,-175.351
-2149.37,106.992,-185.316
-2148.17,112.863,-195.485
-2146.91,118.731,-205.649
-2145.58,124.595,-215.806
-2148.23,130.389,-225.841
-2146.8,136.154,-235.826
-2145.28,142.017,-245.982
-2147.66,148.15,-256.605
-2146.09,153.708,-266.23
-2148.34,159.864,-276.893
-2146.56,165.732,-287.057
-2144.81,171.286,-296.677
-2146.86,177.47,-307.388
-2140.94,182.996,-316.96
-2138.91,188.843,-327.087
-2140.86,194.736,-337.293
-2138.7,200.582,-347.42
-2140.4,206.802,-358.194
-2138.23,212.34,-367.786
-2139.8,218.58,-378.593
-2141.34,224.732,-389.249
-2138.85,230.579,-399.377
-2144.24,236.976,-410.457
-2141.62,242.832,-420.598
-2146.73,249.586,-432.297
-2144.12,255.139,-441.916
-2141.29,260.994,-452.057
-2142.29,267.325,-463.023
-2139.34,273.175,-473.155
-2136.48,278.709,-482.74
-2137.27,285.058,-493.737
-2141.84,291.945,-505.666
-2138.79,297.486,-515.263
-2135.5,303.325,-525.377
-2136,309.713,-536.441
-2136.48,316.01,-547.347
-2136.82,322.421,-558.451
-2129.63,327.36,-567.006
-2134.17,333.552,-577.731
-2134.5,339.679,-588.343
-2134.56,346.123,-599.504
-2134.54,352.577,-610.684
-2138.31,359.577,-622.809
-2134.34,365.415,-632.919
-2138.09,372.25,-644.759
-2137.76,378.755,-656.025
-2133.58,384.59,-666.132
-2133.1,391.103,-677.412
-2132.55,397.624,-688.708
-2128.4,403.139,-698.26
-2123.96,408.949,-708.323
-2126.91,416.204,-720.889
-2129.76,423.487,-733.504
-2125.19,429.198,-743.396
-2128.03,436.313,-755.719
-2130.7,443.557,-768.266
-2125.82,449.372,-778.338
-2120.88,455.174,-788.387
-2123.21,462.56,-801.18
-2133.02,471.283,-816.29
-2131.49,477.923,-827.79
-2122.59,482.911,-836.43
-2120.92,489.542,-847.915
-2126.4,497.875,-862.347
-2128.44,505.087,-874.84
-2119.29,510.028,-883.398
-2117.28,516.688,-894.934
-2122.45,525.025,-909.374
-2123.84,532.61,-922.511
-2121.86,539.007,-933.59
-2112.38,543.881,-942.032
-2113.5,551.495,-955.221
-2121.58,561.002,-971.687
-2118.94,567.735,-983.349
-2116.55,574.166,-994.489
-2113.75,580.904,-1006.16
-2110.86,587.644,-1017.83
-2111.38,595.368,-1031.21
-2118.85,604.994,-1047.88
-2122.83,613.575,-1062.75
-2116.21,619.265,-1072.6
-2109.41,625.038,-1082.6
-2117.6,633.792,-1097.76
-2117.49,641.642,-1111.36
-2113.85,648.464,-1123.18
-2103.46,653.074,-1131.16
-2103.32,660.739,-1144.44
-2113.07,671.741,-1163.49
-2119.15,681.834,-1180.97
-2104.96,685.431,-1187.21
-2100.78,692.273,-1199.06
-2110.23,703.248,-1218.07
-2115.77,713.476,-1235.78
-2117.86,722.629,-1251.63
-2109.93,728.405,-1261.64
-2108.49,736.45,-1275.57
-2104.11,743.052,-1287.01
-2105.72,752.278,-1302.99
-2110.43,762.707,-1321.05
-2111.9,771.902,-1336.98
-2109.86,780.039,-1351.07
-2104.96,786.688,-1362.59
-2105.9,796.046,-1378.8
-2103.53,804.218,-1392.95
-2104.2,813.624,-1409.24
-2101.58,821.825,-1423.45
-2102.45,830.975,-1439.3
-2102.71,840.454,-1455.71
-2109.05,852.474,-1476.53
-2105.89,860.755,-1490.88
-2105.87,870.218,-1507.27
-2104.32,877.415,-1519.73
-2097.75,884.441,-1531.9
-2097.19,894.053,-1548.55
-2100.02,904.691,-1566.98
-2093.12,911.729,-1579.17
-2092.13,921.401,-1595.92
-2103.12,936.314,-1621.75
-2107.72,948.737,-1643.27
-2082.74,968.311,-1677.17
-367.099,298.009,-516.168
-364.875,299.862,-519.377
-366.355,304.09,-526.701
-364.049,305.945,-529.915
-359.18,313.158,-542.407
-204.372,241.25,-417.859
-202.502,242.728,-420.419
-199.846,243.278,-421.371
-196.574,242.865,-420.656
-191.189,240.712,-416.927
-186.076,249.198,-431.625
-180.733,245.922,-425.951
-176.799,245.573,-425.347
-174.159,246.044,-426.163
-170.81,245.572,-425.345
-168.265,246.011,-426.105
-164.937,245.519,-425.253
-162.251,245.966,-426.027
-158.944,245.454,-425.141
-156.26,245.885,-425.887
-153.57,246.308,-426.62
-150.432,245.746,-425.647
-147.744,246.154,-426.352
-145.051,246.554,-427.045
-142.354,246.946,-427.725
-140.244,248.287,-430.048
-138.061,249.631,-432.374
-136.521,251.915,-436.331
-135.181,254.166,-440.229
-133.555,256.448,-444.182
-131.737,258.747,-448.164
-138.775,299.055,-517.98
-135.12,298.448,-516.929
-132.028,298.794,-517.528
-128.761,299.15,-518.145
-125.079,298.519,-517.051
-121.586,297.859,-515.908
-118.329,298.186,-516.476
-115.068,298.505,-517.028
-111.976,298.799,-517.537
-108.351,298.117,-516.355
-105.091,298.408,-516.86
-102,298.676,-517.324
-98.7338,298.951,-517.799
-95.4648,299.216,-518.259
-91.7558,297.482,-515.256
-88.2089,296.739,-513.97
-85.419,297.954,-516.073
-82.1611,298.183,-516.469
-78.6959,297.408,-515.127
-75.5584,297.611,-515.479
-71.4372,296.858,-514.175
-68.3626,297.039,-514.488
-65.1152,297.221,-514.804
-61.6587,296.4,-513.382
-58.5889,296.556,-513.652
-55.3467,296.711,-513.921
-52.2738,296.851,-514.162
-49.0853,296.987,-514.398
-45.8388,297.117,-514.623
-42.7616,297.231,-514.821
-39.5125,297.344,-515.016
-36.1402,296.449,-513.467
-33.0703,296.539,-513.622
-29.8286,296.624,-513.771
-26.4968,295.703,-512.174
-23.5139,296.766,-514.016
-20.2699,296.826,-514.12
-16.9682,295.878,-512.477
-13.9042,295.918,-512.546
-10.6338,294.951,-510.872
-7.43497,295.976,-512.647
-4.37033,295.991,-512.674
-1.13891,296.999,-514.419
1.93624,296.998,-514.417
5.18241,296.988,-514.4
8.39939,297.97,-516.1
11.4845,297.944,-516.056
14.6914,296.908,-514.262
17.9361,296.864,-514.185
21.0806,297.813,-515.829
24.2534,296.752,-513.991
27.404,295.682,-512.138
30.5681,296.606,-513.738
33.9234,297.516,-515.315
37.1744,297.419,-515.147
40.2537,297.319,-514.973
43.5025,297.204,-514.775
46.7503,297.081,-514.561
49.8257,296.956,-514.345
53.0707,296.815,-514.101
56.1432,296.674,-513.856
59.3847,296.516,-513.583
62.568,296.353,-513.3
65.9128,297.177,-514.728
69.103,296.996,-514.414
72.3479,296.803,-514.08
75.2159,297.633,-515.517
78.2968,297.434,-515.172
107.594,297.169,-514.714
103.06,227.23,-393.575
105.769,227.432,-393.925
108.585,228.128,-395.13
111.55,228.799,-396.293
119.18,229.386,-397.309
120.348,173.882,-301.173
116.295,98.055,-169.837
115.149,73.0354,-126.501
114.85,71.8772,-124.495
115.508,69.6757,-120.682
114.746,68.0392,-117.848
115.022,66.6066,-115.367
114.162,64.992,-112.57
114.17,64.3217,-111.409
114.35,63.5709,-110.108
114.467,62.8437,-108.849
114.034,61.6851,-106.842
114.152,60.9471,-105.564
114.233,60.222,-104.308
114.289,59.5042,-103.065
114.241,58.8323,-101.901
113.685,48.9279,-84.7459
114.19,48.633,-84.2351
114.139,47.8888,-82.9461
113.99,47.1968,-81.7475
113.802,46.5242,-80.5826
113.637,45.8329,-79.3851
113.424,45.1664,-78.2308
113.207,44.4976,-77.0724
113.683,44.1931,-76.5449
113.921,43.2175,-74.8552
114.834,40.9087,-70.8563
113.813,39.8986,-69.1067
113.576,39.1934,-67.8853
113.236,38.5574,-66.7835
113.655,38.2474,-66.2466
114.072,37.9363,-65.7078
113.735,37.284,-64.5779
113.435,36.5975,-63.389
113.052,35.9695,-62.3012
113.443,35.66,-61.7652
113.056,35.0261,-60.6673
113.437,34.7167,-60.1313
113.09,34.0392,-58.9578
113.454,33.7351,-58.4311
113.821,33.4246,-57.8933
113.376,32.8133,-56.8346
112.988,32.1467,-55.6799
113.332,31.8429,-55.1537
113.678,31.5328,-54.6166
113.215,30.9164,-53.549
112.782,30.2667,-52.4236
113.111,29.9581,-51.8891
113.436,29.6486,-51.353
112.92,29.0602,-50.334
113.236,28.7513,-49.7988
113.543,28.4469,-49.2716
113.063,27.8063,-48.1621
113.365,27.497,-47.6263
113.664,27.1868,-47.0891
113.959,26.8758,-46.5505
115.04,26.9018,-46.5954
114.54,26.2515,-45.469
112.674,22.0547,-38.2
114.224,21.4288,-37.1159
x,y,z
113,-0.119171,0.20641
112.997,-0.427927,0.741195
112.99,-0.736671,1.27596
111.976,-1.1596,2.0085
111.962,-1.44945,2.51052
112.951,-1.66273,2.87995
112.931,-1.97133,3.41446
112.908,-2.27446,3.9395
112.882,-2.58294,4.4738
112.852,-2.89134,5.00796
112.819,-3.19965,5.54197
112.782,-3.50786,6.07582
112.744,-3.79976,6.5814
112.712,-4.03213,6.98387
112.666,-4.34004,7.51719
112.617,-4.64782,8.05029
112.565,-4.95007,8.5738
112.51,-5.25757,9.1064
112.451,-5.56491,9.63874
112.388,-5.87208,10.1708
112.326,-6.16293,10.6745
113.275,-6.41842,11.1171
112.184,-6.77638,11.7371
112.109,-7.08281,12.2678
113.049,-7.34605,12.7238
111.947,-7.69503,13.3282
111.863,-7.99543,13.8485
112.795,-8.2663,14.3177
112.703,-8.57438,14.8513
112.607,-8.88219,15.3845
112.514,-9.17357,15.8891
112.412,-9.48086,16.4214
112.307,-9.78787,16.9532
112.198,-10.0946,17.4844
113.109,-10.3838,17.9854
112.994,-10.6927,18.5204
112.876,-11.0013,19.0549
112.76,-11.2933,19.5607
112.635,-11.6013,20.0941
113.531,-11.9036,20.6177
113.401,-12.2082,21.1453
112.242,-12.5176,21.6812
113.128,-12.8272,22.2174
112.986,-13.1361,22.7525
112.848,-13.4284,23.2587
112.7,-13.7365,23.7924
112.548,-14.0443,24.3255
112.393,-14.3516,24.8577
113.236,-14.7197,25.4954
113.073,-15.0289,26.0309
112.907,-15.3376,26.5656
112.738,-15.6459,27.0996
113.589,-15.9812,27.6803
113.412,-16.2913,28.2175
113.233,-16.601,28.7538
113.059,-16.8938,29.2611
112.873,-17.2025,29.7957
112.683,-17.5107,30.3295
112.49,-17.8183,30.8623
112.297,-18.12,31.3849
113.118,-18.4743,31.9986
112.915,-18.7831,32.5335
112.719,-19.0752,33.0393
113.529,-19.437,33.6659
113.315,-19.7469,34.2027
113.097,-20.0562,34.7385
112.876,-20.3649,35.2732
112.652,-20.673,35.8069
113.41,-21.0901,36.5293
113.178,-21.3997,37.0655
112.942,-21.7086,37.6006
113.732,-22.0735,38.2326
113.489,-22.384,38.7703
113.243,-22.6937,39.3068
112.993,-23.0028,39.8422
113.754,-23.3933,40.5185
113.497,-23.7037,41.0562
113.236,-24.0135,41.5927
113.947,-24.4548,42.357
113.678,-24.7657,42.8957
113.405,-25.076,43.433
112.583,-25.986,45.0092
113.304,-26.3967,45.7205
113.014,-26.7059,46.2561
113.685,-27.165,47.0513
113.386,-27.4752,47.5887
113.084,-27.7846,48.1246
112.779,-28.0932,48.659
112.47,-28.4009,49.1921
112.158,-28.7078,49.7236
111.843,-29.0139,50.2537
111.895,-30.0356,52.0233
112.828,-31.2686,54.159
113.429,-31.7559,55.0031
113.081,-32.0654,55.5391
112.728,-32.3739,56.0734
111.652,-33.2936,57.6664
109.643,-33.9832,58.8609
104.571,-37.7688,65.4178
104.156,-38.054,65.9117
104.632,-38.575,66.8142
105.16,-39.0585,67.6516
104.732,-39.3453,68.1483
104.3,-39.6309,68.6429
80.0047,-34.7679,60.22
79.6436,-34.9745,60.5779
80.144,-35.4468,61.3959
79.7554,-35.6653,61.7743
80.2449,-36.1412,62.5986
79.8487,-36.3599,62.9774
80.3483,-36.8277,63.7877
79.9446,-37.0467,64.167
80.4123,-37.5294,65.0031
80.0009,-37.7486,65.3827
80.4574,-38.2347,66.2247
80.0383,-38.454,66.6045
80.506,-38.9318,67.4321
80.0793,-39.1512,67.8121
80.5136,-39.6438,68.6654
80.0791,-39.8632,69.0454
79.6422,-40.0814,69.4233
79.2029,-40.2985,69.7992
78.7691,-40.5105,70.1665
78.3251,-40.7251,70.5382
77.8788,-40.9385,70.9079
77.4302,-41.1507,71.2754
76.9793,-41.3617,71.6408
76.5261,-41.5714,72.004
76.0706,-41.7799,72.3651
75.6128,-41.9871,72.724
75.1528,-42.1931,73.0808
74.6987,-42.3942,73.4292
74.2342,-42.5977,73.7816
73.7675,-42.7999,74.1318
73.2986,-43.0008,74.4798
73.6641,-43.5016,75.3473
73.1875,-43.7023,75.6948
72.7088,-43.9016,76.04
70.9469,-43.9758,76.1686
67.9125,-43.9,76.0373
66.7442,-44.9699,77.8904
67.8131,-45.8185,79.3602
67.3113,-46.0031,79.68
66.8075,-46.1863,79.9974
66.3017,-46.3682,80.3123
65.8029,-46.5455,80.6195
68.3196,-49.9334,86.4875
67.7728,-50.1193,86.8096
67.224,-50.3038,87.129
66.6829,-50.4835,87.4403
66.1301,-50.665,87.7546
66.3433,-51.1921,88.6676
65.7828,-51.3726,88.9803
65.2203,-51.5516,89.2903
64.6559,-51.729,89.5976
64.0895,-51.9049,89.9022
63.5213,-52.0792,90.2042
269.639,-292.416,506.481
266.439,-293.149,507.75
264.049,-294.785,510.584
263.122,-297.18,514.734
261.469,-299.728,519.146
256.635,-302.944,524.716
256.392,-315.985,547.303
249.406,-312.001,540.404
48.2481,-60.3574,104.542
47.6225,-60.4814,104.757
245.26,-311.747,539.964
47.5561,-61.0314,105.71
241.849,-312.413,541.117
46.8883,-61.1604,105.933
238.43,-313.069,542.253
46.7022,-61.7309,106.921
238.696,-318.364,551.424
46.0624,-61.851,107.129
234.521,-318.073,550.921
45.3857,-61.9759,107.346
227.633,-314.008,543.88
44.7077,-62.099,107.559
222.376,-312.827,541.834
44.0402,-62.2181,107.765
43.9529,-62.7636,108.71
218.953,-313.43,542.879
43.7373,-63.3304,109.692
216.838,-314.855,545.347
43.5005,-63.8996,110.678
213.393,-315.443,546.365
43.3658,-64.4502,111.631
211.386,-317.889,550.602
208.591,-319.402,553.223
206.317,-321.872,557.501
203.396,-323.385,560.121
199.455,-322.952,559.371
196.502,-324.449,561.964
194.091,-326.898,566.207
190.516,-327.424,567.117
188.239,-328.793,569.489
184.769,-329.285,570.34
182.82,-332.669,576.202
180.22,-335.095,580.403
178.59,-339.451,587.948
181.515,-357.664,619.494
181.742,-364.853,631.946
178.697,-367.288,636.163
171.322,-369.192,639.461
286.426,-723.969,1253.96
205.291,-565.762,979.933
199.104,-566.315,980.89
192.902,-565.837,980.062
186.389,-565.369,979.251
179.893,-564.882,978.408
173.737,-564.352,977.49
166.979,-562.84,974.871
160.65,-562.29,973.919
154.774,-563.711,976.38
148.412,-562.122,973.627
142.015,-561.527,972.596
135.636,-560.914,971.534
129.274,-560.282,970.441
123.471,-560.609,971.008
117.134,-559.944,969.855
110.618,-558.265,966.948
105.022,-559.54,969.155
99.0813,-560.815,971.363
81.6807,-533.437,923.944
74.4442,-531.697,920.93
68.9379,-531.883,921.251
63.0051,-531.065,919.835
57.0923,-530.231,918.39
51.3929,-531.378,920.376
47.0566,-535.482,927.485
20.4024,-565.906,980.182
14.2421,-566.954,981.996
-1773.27,-1093.77,1894.47
-1792.81,-1093.55,1894.09
-1820.05,-1097.87,1901.58
-1847.44,-1102.08,1908.87
-1864.42,-1100.16,1905.54
-1883.8,-1099.78,1904.89
-1908.67,-1102.27,1909.2
-1920.69,-1097.04,1900.13
-1935.3,-1093.27,1893.61
-1963.23,-1096.91,1899.91
-1993.34,-1102.2,1909.07
-2013.45,-1101.16,1907.28
-2028.17,-1097.11,1900.26
-2051.06,-1097.4,1900.76
-2085,-1103.41,1911.17
-2113.6,-1106.37,1916.3
-2122.25,-1099.45,1904.31
-2131.44,-1092.2,1891.76
-2180.13,-1107.55,1918.34
-2197.85,-1104.41,1912.9
-2172.44,-1077.51,1866.3
-2169.3,-1064.86,1844.4
-2169.43,-1053.35,1824.45
-2172.25,-1043.25,1806.96
-2174.92,-1033.16,1789.5
-2177.44,-1023.09,1772.06
-2173.36,-1010.63,1750.48
-2175.54,-1000.62,1733.13
-2174.61,-989.276,1713.48
-2176.28,-979.41,1696.39
-2175,-968.129,1676.86
-2164.53,-952.92,1650.51
-2165.32,-943.363,1633.96
-2166.51,-933.515,1616.9
-2167.55,-923.69,1599.88
-2171.5,-915.175,1585.14
-2166.1,-902.825,1563.75
-2169.25,-894.661,1549.6
-2169.7,-884.928,1532.75
-2170,-875.219,1515.93
-2173.28,-866.782,1501.32
-2166.85,-854.742,1480.46
-2160.07,-842.865,1459.89
-2161.51,-832.145,1441.32
-2164.2,-823.804,1426.88
-2166.78,-815.473,1412.45
-2165.57,-806.269,1396.5
-2161.31,-795.701,1378.2
-2163.51,-787.43,1363.87
-2165.59,-779.17,1349.57
-2161.04,-768.604,1331.27
-2162.42,-760.698,1317.57
-2160.85,-751.352,1301.39
-2162.44,-743.171,1287.22
-2163.91,-735.004,1273.07
-2161.95,-725.736,1257.02
-2159.85,-716.501,1241.02
-2160.55,-708.706,1227.52
-2158.2,-699.528,1211.62
-2158.94,-691.567,1197.83
-2163.09,-684.588,1185.74
-2160.36,-675.486,1169.98
-2160.52,-667.781,1156.64
-2157.55,-658.741,1140.98
-2157.87,-650.77,1127.17
-2164.95,-644.864,1116.94
-2161.62,-635.896,1101.41
-2154.7,-625.962,1084.2
-2154.22,-618.384,1071.08
-2157.46,-611.503,1059.16
-2157.13,-603.645,1045.55
-2153.08,-594.943,1030.48
-2153.54,-586.207,1015.34
-2156.39,-579.367,1003.5
-2152.09,-570.655,988.407
-2154.75,-563.839,976.601
-2157.22,-557.129,964.978
-2155.84,-549.72,952.146
-2154.66,-542.023,938.815
-2153.39,-534.35,925.524
-2152.01,-526.699,912.273
-2146.93,-518.203,897.557
-2141.43,-510.058,883.45
-2143.36,-503.349,871.829
-2148.83,-497.485,861.672
-2146.95,-489.945,848.613
-2148.63,-483.251,837.018
-2153.88,-477.373,826.837
-2155.13,-470.99,815.782
-2149.13,-462.825,801.639
-2150.48,-456.164,790.103
-2155.43,-450.282,779.913
-2156.62,-443.625,768.383
-2154.02,-436.224,755.564
-2151.08,-429.159,743.329
-2148.29,-421.813,730.605
-2141.68,-413.775,716.681
-2142.43,-407.206,705.304
-2150.59,-402.046,696.367
-2143.46,-394.402,683.126
-2143.98,-387.859,671.793
-2148.12,-382.098,661.815
-2152.26,-376.222,651.639
-2156.34,-370.336,641.443
-2152.78,-363.16,629.013
-2152.71,-356.953,618.262
-2145.17,-349.208,604.848
-2145.14,-342.732,593.632
-2148.86,-336.866,583.471
-2141.04,-329.226,570.238
-2144.42,-323.679,560.631
-2144.09,-317.247,549.491
-2140.49,-309.142,535.451
-2139.99,-302.744,524.37
-2139.24,-296.666,513.842
-2142.45,-290.816,503.71
-2141.73,-284.444,492.674
-2140.89,-278.188,481.837
-2140.02,-271.841,470.845
-2142.8,-266.298,461.244
-2141.79,-259.967,450.278
-2140.71,-253.65,439.337
-2143.45,-247.797,429.199
-2146.13,-241.937,419.048
-2148.74,-236.069,408.885
-2151.16,-230.504,399.246
-2145.81,-223.806,387.644
-2136.47,-216.746,375.417
-2142.73,-211.292,365.97
-2148.89,-205.914,356.654
-2143.25,-199.307,345.212
-2141.35,-193.401,334.982
-2143.43,-187.547,324.843
-2137.56,-181.02,313.537
-2135.56,-174.853,302.856
-2137.44,-169.016,292.745
-2139.16,-163.48,283.158
-2140.91,-157.633,273.029
-2138.64,-151.5,262.407
-2136.3,-145.385,251.815
-2137.86,-139.545,241.701
-2143.3,-134.053,232.187
-2144.66,-128.503,222.574
-2142.05,-122.414,212.028
-2139.38,-116.343,201.512
-2140.62,-110.495,191.384
-2141.8,-104.645,181.251
-2142.91,-98.791,171.112
-2147.94,-93.107,161.267
-2144.89,-87.3832,151.353
-2145.81,-81.5212,141.199
-2142.68,-75.5162,130.798
-2143.48,-69.6605,120.656
-2144.19,-63.9054,110.688
-2144.86,-58.0457,100.538
-2145.46,-52.1843,90.3861
-2146,-46.3213,80.2311
-2142.48,-40.3816,69.9432
-2142.87,-34.835,60.3362
-2147.22,-29.0334,50.2875
-2147.5,-23.166,40.1248
-2143.72,-17.2656,29.9051
-2143.88,-11.4079,19.7592
-2139.97,-5.64209,9.77242
-2140,0.2052,-0.355418
-2143.97,6.06379,-10.5028
-2143.87,11.9218,-20.6493
-2143.72,17.4713,-30.2613
-2143.49,23.3285,-40.4062
-2143.21,29.1849,-50.55
-2142.85,35.0406,-60.6922
-2142.44,40.8951,-70.8327
-2145.96,46.8357,-81.122
-2141.42,52.6004,-91.1069
-2140.82,58.3482,-101.062
-2144.18,64.0083,-110.866
-2139.46,69.736,-120.787
-2138.66,75.5807,-130.91
-2145.78,81.7271,-141.556
-2148.84,87.7517,-151.991
-2147.85,93.6219,-162.158
-2146.8,99.4892,-172.321
-2145.68,105.354,-182.478
-2144.5,111.215,-192.63
-2143.32,116.765,-202.243
-2146,122.744,-212.599
-2144.63,128.606,-222.752
-2143.19,134.464,-232.899
-2141.69,140.318,-243.038
-2140.13,146.168,-253.171
-2142.46,152.294,-263.783
-2140.76,158.146,-273.918
-2142.95,164.296,-284.571
-2141.22,169.841,-294.175
-2139.34,175.689,-304.304
-2137.38,181.532,-314.424
-2139.34,187.613,-324.956
-2141.2,193.812,-335.693
-2139.05,199.66,-345.822
-2140.76,205.879,-356.594
-2142.4,212.114,-367.393
-2140.18,217.657,-376.994
-2141.68,223.911,-387.826
-2143.11,230.179,-398.684
-2140.57,236.032,-408.82
-2137.95,241.877,-418.945
-2143.12,248.516,-430.444
-2140.37,254.368,-440.581
-2141.44,260.686,-451.523
-2142.44,267.017,-462.489
-2143.53,273.053,-472.944
-2144.38,279.41,-483.955
-2141.3,285.266,-494.096
-2142.01,291.638,-505.133
-2138.79,297.486,-515.263
-2139.35,303.872,-526.324
-2136,309.713,-536.441
-2136.48,316.01,-547.347
-2136.82,322.421,-558.451
-2137.78,327.716,-567.622
-2137.98,334.149,-578.765
-2138.11,340.593,-589.926
-2138.36,346.74,-600.573
-2134.54,352.577,-610.684
-2134.51,358.94,-621.704
-2141.91,366.711,-635.164
-2145.43,373.874,-647.571
-2133.77,378.393,-655.399
-2137.13,385.576,-667.839
-2136.63,392.098,-679.137
-2132.32,397.931,-689.239
-2135.65,404.863,-701.246
-2134.92,411.412,-712.589
-2134.12,417.969,-723.945
-2140.75,425.91,-737.7
-2139.77,432.502,-749.119
-2138.71,439.102,-760.55
-2141.27,446.479,-773.327
-2143.72,453.883,-786.151
-2138.73,459.733,-796.285
-2133.94,465.264,-805.863
-2132.48,471.897,-817.352
-2138.24,480.175,-831.69
-2140.24,487.669,-844.67
-2134.97,493.407,-854.609
-2133.17,500.082,-866.171
-2134.89,507.621,-879.229
-2136.52,515.185,-892.329
-2131.16,520.708,-901.897
-2129.02,527.412,-913.507
-2126.8,534.119,-925.124
-2124.49,540.829,-936.747
-2129.21,549.378,-951.553
-2130.27,557.041,-964.827
-2098.1,570.202,-987.623
-2084.83,573.997,-994.196
-2057.56,573.839,-993.923
-2023.4,571.583,-990.014
-2006.71,574.123,-994.414
-1990.02,576.589,-998.685
-1966.77,576.674,-998.833
-1939.8,575.913,-997.514
-1919.76,577.082,-999.54
-1898.54,579.161,-1003.14
-1868.36,576.983,-999.368
-1848.79,577.573,-1000.39
-1812.03,572.995,-992.46
-1772.05,567.155,-982.345
-1745.68,565.464,-979.416
-1729.55,566.853,-981.821
-1713.32,568.253,-984.247
-1691.16,568.64,-984.917
-1671.69,568.752,-985.111
-1652.27,568.775,-985.15
-1634.65,569.202,-985.89
-1615.33,569.052,-985.63
-1599.64,569.744,-986.83
-1583.66,570.599,-988.31
-1564.47,570.205,-987.628
-1548.55,570.911,-988.85
-1531.07,570.948,-988.915
-1513.63,570.908,-988.845
-1496.95,571.97,-990.685
-1481.18,572.382,-991.399
-1462.29,571.494,-989.861
-1443.47,570.52,-988.174
-1432.53,572.583,-991.746
-1420.03,573.974,-994.155
-1403.23,573.213,-992.838
-1386.15,572.58,-991.742
-1370.66,572.513,-991.624
-1353.8,571.667,-990.16
-1338.4,571.461,-989.804
-1323.58,572.413,-991.453
-1309.78,572.73,-992.001
-1297.5,573.651,-993.595
-1285.36,574.46,-994.997
-1274.61,575.952,-997.581
-1279.58,591.025,-1023.69
-1383,657.223,-1138.35
-1376.96,676.179,-1171.18
-1372.78,681.143,-1179.78
-1349.78,677.093,-1172.76
-1335.47,677.147,-1172.86
-1318.11,677.249,-1173.03
-1304.15,677.051,-1172.69
-1289.83,676.984,-1172.57
-1282.41,680.498,-1178.66
-1279.79,694.021,-1202.08
-1326.38,733.689,-1270.79
-1338.33,748.485,-1296.42
-1338.08,756.626,-1310.52
-1337.84,764.723,-1324.54
-1339.93,774.417,-1341.33
-1343.5,783.437,-1356.96
-1345.26,793.198,-1373.86
-1341.71,799.927,-1385.52
-1341.08,808.007,-1399.51
-1339.84,816.297,-1413.87
-1343.66,827.646,-1433.53
-1347.11,839.103,-1453.37
-1345.38,847.471,-1467.87
-1343.51,855.854,-1482.39
-1343.94,865.832,-1499.67
-1349.58,878.818,-1522.16
-1347.21,887.271,-1536.8
-1346.24,895.157,-1550.46
-1346.5,905.048,-1567.6
-1346.07,915.159,-1585.11
-1345.46,925.294,-1602.66
-1347,937.076,-1623.07
-1343.68,945.634,-1637.89
-1344.82,957.475,-1658.4
-1348.02,970.993,-1681.82
-1347.01,981.065,-1699.26
-1343,989.696,-1714.21
-1343.49,1001.59,-1734.81
-1348,1016.92,-1761.36
-1349.99,1028.24,-1780.97
-1336.07,1042.29,-1805.31
-1079.88,858.288,-1486.6
-1056.19,849.183,-1470.83
-1043.75,849.5,-1471.38
-1034.45,852.339,-1476.3
-1034.37,862.873,-1494.54
-1033.25,872.521,-1511.26
-1015.62,868.425,-1504.16
-998.11,864.259,-1496.95
-985.184,863.357,-1495.38
-970.824,861.68,-1492.48
-959.448,862.572,-1494.02
-949.044,864.304,-1497.02
-936.725,864.246,-1496.92
-924.435,864.148,-1496.75
-912.175,864.008,-1496.51
-901.367,864.584,-1497.51
-890.241,865.212,-1498.6
-878.961,865.849,-1499.7
-866.798,865.555,-1499.19
-855.553,866.117,-1500.16
-843.447,865.745,-1499.52
-832.24,866.234,-1500.37
-821.547,866.569,-1500.95
-810.369,866.989,-1501.67
-798.371,866.466,-1500.77
-790.542,870.455,-1507.68
-787.553,879.904,-1524.04
-781.321,885.666,-1534.02
-776.129,892.261,-1545.45
-775.817,905.399,-1568.2
-773.686,916.719,-1587.81
-772.097,928.977,-1609.04
-772.536,944.03,-1635.11
-773.941,957.777,-1658.93
-773.256,971.921,-1683.42
-774.287,988.918,-1712.86
-772.094,1002.22,-1735.9
-761.903,1021.26,-1768.88
-545.245,833.548,-1443.75
-526.957,820.743,-1421.57
-506.562,804.049,-1392.66
-492.605,796.798,-1380.1
-482.728,796.219,-1379.1
-472.767,794.582,-1376.26
-462.955,793.942,-1375.15
-455.37,797.118,-1380.65
-445.034,795.461,-1377.78
-430.371,788.15,-1365.12
-421.234,788.348,-1365.46
-411.6,787.553,-1364.09
-401.501,785.759,-1360.98
-391.453,783.933,-1357.82
-384.775,788.877,-1366.38
-374.758,786.999,-1363.13
-365.698,786.01,-1361.41
-358.871,790.898,-1369.88
-348.926,788.938,-1366.49
-338.192,784.992,-1359.65
-328.937,783.931,-1357.81
-321.164,786.778,-1362.74
-311.782,785.682,-1360.85
-302.126,782.551,-1355.42
-294.305,785.33,-1360.24
-284.644,783.171,-1356.5
-275.04,780.983,-1352.71
-267.172,783.694,-1357.4
-259.254,786.386,-1362.06
-250.34,786.095,-1361.56
-240.98,782.779,-1355.82
-233.008,785.404,-1360.36
-224.854,787.008,-1363.14
-215.161,783.648,-1357.32
-206.854,785.216,-1360.04
-198.269,785.769,-1361
-191.09,790.243,-1368.75
-182.909,792.74,-1373.07
-173.587,790.246,-1368.75
-164.532,788.719,-1366.11
-155.516,787.167,-1363.42
-146.99,785.567,-1360.65
-138.403,785.957,-1361.32
-129.961,786.317,-1361.95
-121.513,785.652,-1360.79
-112.644,782.975,-1356.16
-104.35,785.266,-1360.13
-95.6438,784.542,-1358.87
-87.1853,781.783,-1354.09
-78.4382,780.013,-1351.03
-70.0017,781.214,-1353.11
-62.0704,783.383,-1356.86
-53.3706,781.542,-1353.68
-44.6563,778.678,-1348.71
-36.6864,780.782,-1352.36
-28.1526,780.871,-1352.51
-19.5922,779.936,-1350.89
-11.4574,775.977,-1344.04
-2.97189,774.996,-1342.34
5.3565,775.993,-1344.06
13.8024,773.967,-1340.56
21.7877,772.921,-1338.74
30.3137,774.85,-1342.08
38.6815,772.756,-1338.46
46.6821,772.645,-1338.27
54.9838,770.508,-1334.56
63.7336,774.342,-1341.21
71.8429,775.166,-1342.63
79.7962,769.965,-1333.62
88.3252,770.734,-1334.95
96.4967,768.485,-1331.06
104.317,767.227,-1328.88
112.701,766.931,-1328.37
121.082,766.611,-1327.81
129.018,766.287,-1327.25
138.672,773.898,-1340.44
163.856,822.93,-1425.36
175.983,837.387,-1450.4
189.257,857.794,-1485.75
200.47,865.211,-1498.59
210.406,866.636,-1501.06
219.628,867.071,-1501.82
228.839,865.467,-1499.04
188.293,612.809,-1061.42
181.82,542.433,-939.525
187.405,540.943,-936.944
192.61,538.454,-932.633
196.565,514.699,-891.488
202.277,515.165,-892.294
207.113,512.644,-887.928
209.865,505.217,-875.064
213.844,501.732,-869.029
216.772,480.937,-833.01
220.323,474.376,-821.646
226.62,476.718,-825.702
234.12,483.016,-836.612
237.95,479.458,-830.448
241.946,474.831,-822.434
245.115,470.292,-814.572
255.413,459.586,-796.028
260.433,458.881,-794.808
266.001,459.123,-795.227
271.317,459.387,-795.685
276.334,458.639,-794.389
280.081,455.979,-789.781
283.691,453.325,-785.185
289.162,453.51,-785.505
293.497,451.762,-782.477
297.543,450.047,-779.506
302.21,447.158,-774.503
307.363,448.394,-776.644
314.894,451.324,-781.719
330.08,449.668,-778.851
372.866,486.5,-842.646
113.886,54.7581,-94.8442
113.844,48.8352,-84.5853
114.007,46.3986,-80.3651
113.129,45.351,-78.5506
113.623,45.0412,-78.014
113.394,44.3781,-76.8654
113.188,43.6965,-75.6849
113.655,43.3921,-75.1575
113.493,42.6709,-73.9084
113.252,41.9967,-72.7407
113.702,41.6921,-72.213
113.417,41.0384,-71.0808
113.136,40.3773,-69.9358
112.91,39.6711,-68.7127
113.342,39.362,-68.1773
113.028,38.7092,-67.0465
113.45,38.3998,-66.5106
113.094,37.7678,-65.4161
113.505,37.4582,-64.8798
113.217,36.7659,-63.6807
112.852,36.1265,-62.5731
113.245,35.8176,-62.0382
112.861,35.1832,-60.9392
112.525,34.5042,-59.7633
113.603,34.5807,-59.8957
113.979,34.2697,-59.3571
113.641,33.5772,-58.1577
112.473,32.5952,-56.4568
112.809,32.3036,-55.9517
113.16,31.9949,-55.417
113.508,31.6852,-54.8806
113.043,31.0737,-53.8214
113.381,30.7643,-53.2856
112.949,30.1098,-52.1518
113.277,29.8007,-51.6165
112.775,29.2009,-50.5776
113.093,28.8923,-50.0431
113.407,28.5829,-49.5072
112.929,27.9417,-48.3967
113.233,27.6328,-47.8615
112.674,27.0629,-46.8745
112.968,26.7546,-46.3405
113.259,26.4456,-45.8052
113.546,26.1357,-45.2685
113.012,25.5155,-44.1944
113.29,25.2064,-43.6589
112.704,24.6309,-42.6621
112.967,24.328,-42.1374
112.402,23.7159,-41.0773
112.66,23.4085,-40.5448
112.914,23.1003,-40.011
113.164,22.7914,-39.476
113.412,22.4818,-38.9398
112.808,21.8818,-37.9005
113.042,21.5786,-37.3754
113.276,21.2694,-36.8399
112.604,20.7378,-35.9191
112.829,20.4298,-35.3856
113.051,20.1212,-34.8511
113.265,19.8175,-34.325
113.48,19.5077,-33.7884
112.817,18.9292,-32.7865
113.022,18.6207,-32.2521
113.224,18.3116,-31.7167
113.423,18.0019,-31.1804
112.73,17.435,-30.1985
112.919,17.1268,-29.6645
113.101,16.8234,-29.139
113.283,16.5141,-28.6034
113.462,16.2043,-28.0668
112.735,15.6513,-27.1089
112.904,15.343,-26.575
113.07,15.0343,-26.0403
113.233,14.7251,-25.5048
113.392,14.4155,-24.9685
113.545,14.1109,-24.4409
112.75,13.6339,-23.6146
112.897,13.3256,-23.0807
113.041,13.0169,-22.546
112.251,12.4961,-21.6439
112.386,12.1892,-21.1123
112.518,11.8819,-20.5801
112.646,11.5743,-20.0473
112.771,11.2663,-19.5139
112.892,10.958,-18.9799
113.01,10.6494,-18.4454
113.125,10.3404,-17.9102
113.236,10.0312,-17.3746
112.394,9.53475,-16.5147
112.496,9.22749,-15.9825
112.595,8.91998,-15.4499
112.691,8.61218,-14.9168
112.779,8.32037,-14.4114
112.868,8.01207,-13.8774
112.954,7.70357,-13.343
113.037,7.39481,-12.8082
113.116,7.08585,-12.2731
113.19,6.78208,-11.747
113.263,6.47272,-11.2111
113.332,6.16313,-10.6749
112.425,5.69428,-9.86281
112.485,5.38699,-9.33057
112.542,5.07957,-8.79811
112.596,4.77197,-8.26533
112.647,4.46423,-7.73231
112.694,4.15639,-7.1991
112.737,3.85379,-6.67499
112.775,3.56192,-6.16946
112.812,3.25374,-5.63566
112.846,2.94543,-5.10166
112.877,2.63706,-4.56754
112.904,2.32859,-4.03325
111.936,1.89486,-3.28201
111.955,1.58899,-2.75223
112.965,1.40281,-2.42975
112.979,1.09414,-1.89511
112.989,0.790824,-1.36975
111.998,0.370462,-0.641662
112.999,0.17333,-0.300217
114.236,-19.9444,-34.5445
114.028,-20.2399,-35.0563
113.805,-20.5512,-35.5954
113.579,-20.8618,-36.1335
113.349,-21.1718,-36.6704
112.136,-21.3629,-37.0013
112.884,-21.7846,-37.7317
112.644,-22.0927,-38.2654
112.401,-22.4002,-38.798
112.154,-22.707,-39.3293
112.918,-23.095,-40.0015
112.664,-23.4032,-40.5353
112.42,-23.6946,-41.0399
112.16,-24.0014,-41.5713
111.896,-24.3075,-42.1015
112.638,-24.7067,-42.7929
112.366,-25.0141,-43.3253
112.096,-25.3154,-43.8472
111.818,-25.6213,-44.377
111.536,-25.9264,-44.9056
112.211,-26.3849,-45.6997
111.921,-26.6911,-46.23
112.632,-27.1063,-46.9492
112.049,-27.7041,-47.9845
102.91,-26.7657,-46.3592
100.642,-26.7733,-46.3724
99.3542,-26.9155,-46.6187
98.0784,-27.0401,-46.8344
97.7814,-27.3076,-47.2979
96.5061,-27.4208,-47.4939
96.205,-27.6841,-47.9499
95.901,-27.9465,-48.4045
95.6103,-28.1944,-48.8338
95.3062,-28.4507,-49.2776
94.9938,-28.7107,-49.728
94.6786,-28.9698,-50.1768
94.3606,-29.2281,-50.6241
94.0397,-29.4854,-51.0699
93.7161,-29.742,-51.5142
93.4069,-29.9842,-51.9337
93.0777,-30.2389,-52.375
92.7459,-30.4928,-52.8147
92.4112,-30.7458,-53.2529
92.0797,-30.9934,-53.6818
91.7396,-31.2445,-54.1167
91.3968,-31.4947,-54.5501
91.0694,-31.7309,-54.9592
90.7213,-31.9793,-55.3893
90.3704,-32.2267,-55.8179
90.0168,-32.4731,-56.2447
89.6606,-32.7186,-56.6699
89.3016,-32.9631,-57.0934
88.0124,-32.9919,-57.1432
87.6569,-33.2277,-57.5516
87.2924,-33.4667,-57.9656
87.8653,-33.9144,-58.741
87.4934,-34.1539,-59.1559
87.1188,-34.3925,-59.5691
86.7416,-34.63,-59.9805
86.3618,-34.8665,-60.3901
85.9794,-35.102,-60.7979
85.6148,-35.3241,-61.1826
85.2275,-35.5575,-61.5869
84.8376,-35.7898,-61.9893
84.4451,-36.0211,-62.3899
84.9475,-36.4965,-63.2133
83.6597,-36.4764,-63.1785
84.1659,-36.9464,-63.9926
83.768,-37.1718,-64.3831
83.3605,-37.4002,-64.7785
82.9505,-37.6274,-65.1721
82.538,-37.8535,-65.5637
82.123,-38.0784,-65.9533
81.7056,-38.3023,-66.341
81.3079,-38.5133,-66.7064
80.8858,-38.7349,-67.0902
80.4612,-38.9553,-67.472
80.0343,-39.1746,-67.8518
79.6125,-39.3888,-68.223
79.1808,-39.6058,-68.5987
78.7467,-39.8216,-68.9725
78.3333,-40.0249,-69.3246
77.8947,-40.2383,-69.6943
77.4538,-40.4505,-70.0619
77.0105,-40.6616,-70.4274
76.5649,-40.8714,-70.7908
76.1171,-41.08,-71.1521
75.667,-41.2874,-71.5113
76.0706,-41.7802,-72.3649
75.6128,-41.9874,-72.7238
75.1528,-42.1934,-73.0806
74.6987,-42.3945,-73.429
74.2342,-42.598,-73.7814
73.7921,-42.7896,-74.1132
73.3234,-42.9906,-74.4614
73.6641,-43.502,-75.3471
73.1875,-43.7026,-75.6946
72.7088,-43.9019,-76.0398
73.0575,-44.4063,-76.9135
72.571,-44.6053,-77.2581
72.0824,-44.8029,-77.6004
72.4142,-45.3108,-78.48
71.9179,-45.508,-78.8216
71.4195,-45.7038,-79.1607
70.9189,-45.8983,-79.4976
70.4162,-46.0914,-79.832
69.9202,-46.2797,-80.1583
70.1106,-46.8338,-81.1178
69.5977,-47.0246,-81.4484
69.883,-47.5407,-82.3423
69.3623,-47.7309,-82.6718
69.6082,-48.2592,-83.5868
69.0797,-48.4487,-83.915
69.3413,-48.9691,-84.8163
68.8051,-49.1578,-85.1432
68.9501,-49.7167,-86.1112
68.4057,-49.9043,-86.4362
67.8593,-50.0905,-86.7587
67.3108,-50.2752,-87.0785
67.5362,-50.801,-87.9893
66.98,-50.9848,-88.3076
67.1639,-51.5221,-89.2383
66.6295,-51.6953,-89.5383
66.6909,-52.2696,-90.533
66.8747,-52.8036,-91.4579
66.3067,-52.9824,-91.7675
66.3655,-53.5531,-92.7561
65.7792,-53.7337,-93.0687
65.9478,-54.2679,-93.9941
65.3537,-54.4473,-94.3048
64.7576,-54.625,-94.6126
64.7919,-55.1954,-95.6006
64.903,-55.7421,-96.5475
64.325,-55.9094,-96.8372
64.2935,-56.4944,-97.8505
63.7077,-56.6601,-98.1375
63.7923,-57.2094,-99.089
63.1661,-57.3829,-99.3894
63.1488,-57.9577,-100.385
61.9116,-58.2904,-100.961
568.816,-722.007,-1250.54
557.44,-718.861,-1245.1
544.064,-715.003,-1238.41
533.438,-712.732,-1234.48
523.568,-711.364,-1232.11
514.424,-710.903,-1231.31
511.476,-718.869,-1245.11
509.102,-725.652,-1256.86
503.119,-729.868,-1264.16
334.053,-513.522,-889.44
330.869,-518.238,-897.608
327.591,-522.951,-905.772
315.287,-522.75,-905.423
309.509,-534.032,-924.964
303.668,-534.87,-926.415
298.889,-537.618,-931.176
295.198,-540.202,-935.65
289.289,-541,-937.033
283.684,-541.742,-938.317
275.133,-539.748,-934.864
265.669,-532.69,-922.64
254.637,-522.721,-905.372
242.288,-511.862,-886.565
236.985,-512.483,-887.639
238.6,-539.981,-935.268
232.695,-540.625,-936.383
227.603,-543.21,-940.861
222.775,-545.752,-945.263
217.196,-547.333,-948.002
212.747,-548.789,-950.523
207.116,-550.345,-953.218
201.562,-551.876,-955.871
184.742,-556.387,-963.684
253.461,-934.451,-1618.5
242.986,-934.138,-1617.96
233.02,-935.78,-1620.81
190.8,-881.86,-1527.41
171.697,-842.643,-1459.49
161.909,-840.113,-1455.11
151.82,-835.563,-1447.23
142.655,-832.956,-1442.71
133.389,-832.337,-1441.64
124.141,-831.692,-1440.52
115.049,-832.018,-1441.09
105.029,-821.327,-1422.57
92.1403,-802.683,-1390.28
82.7851,-792.925,-1373.38
74.3043,-795.137,-1377.21
65.6128,-795.328,-1377.54
56.7048,-792.497,-1372.64
48.437,-791.634,-1371.14
39.7339,-790.755,-1369.62
30.9729,-787.852,-1364.59
22.8439,-788.922,-1366.44
14.2931,-792.972,-1373.46
5.59776,-788.999,-1366.58
-2.87078,-788.003,-1364.85
-11.044,-788.985,-1366.55
-19.6671,-788.943,-1366.48
-28.3612,-790.877,-1369.83
-36.9579,-789.788,-1367.94
-44.9065,-785.684,-1360.83
-53.6292,-787.548,-1364.06
-62.3938,-789.388,-1367.25
-70.9306,-788.207,-1365.2
-79.1911,-789.011,-1366.6
-87.4799,-785.788,-1361.01
-95.9448,-784.539,-1358.85
-104.067,-784.28,-1358.4
-112.207,-780.992,-1352.71
-121.67,-787.659,-1364.25
-131.101,-792.297,-1372.29
-138.427,-786.966,-1363.06
-147.212,-787.572,-1364.11
-156.803,-792.134,-1372.01
-165.874,-793.683,-1374.69
-174.09,-793.243,-1373.93
-182.528,-791.762,-1371.36
-190.939,-790.258,-1368.76
-199.119,-789.754,-1367.88
-208.008,-790.189,-1368.64
-215.282,-784.655,-1359.05
-221.877,-777.126,-1346.01
-229.92,-776.541,-1345
-238.1,-774.913,-1342.18
-246.418,-774.262,-1341.05
-255.201,-774.564,-1341.57
-263.889,-775.865,-1343.83
-272.018,-774.147,-1340.85
-280.118,-772.409,-1337.84
-288.846,-773.639,-1339.97
-297.676,-773.82,-1340.29
-308.459,-778.881,-1349.05
-320.56,-786.846,-1362.85
-330.75,-790.899,-1369.87
-340.229,-791.939,-1371.67
-350.172,-793.927,-1375.11
-359.727,-794.909,-1376.81
-367.953,-793.968,-1375.18
-377.087,-793.923,-1375.11
-386.079,-793.871,-1375.02
-394.776,-793.832,-1374.95
-403.706,-795.804,-1378.36
-412.609,-792.595,-1372.8
-437.654,-807.893,-1399.3
-443.277,-800.902,-1387.19
-451.564,-799.744,-1385.19
-460.144,-798.52,-1383.07
-470.558,-800.129,-1385.85
-485.043,-808.41,-1400.2
-499.722,-816.635,-1414.44
-511.146,-820.104,-1420.45
-564.151,-874.644,-1514.92
-662.466,-926.58,-1604.87
-675.318,-928.515,-1608.22
-698.38,-929.583,-1610.07
-806.565,-1044.88,-1809.77
-808.062,-1027.42,-1779.53
-805.921,-1008.48,-1746.72
-804.895,-991.437,-1717.21
-804.484,-976.395,-1691.15
-804.153,-961.306,-1665.02
-803.702,-946.208,-1638.87
-805.346,-931.713,-1613.76
-805.072,-917.594,-1589.31
-803.7,-902.59,-1563.32
-812.557,-899.509,-1557.98
-821.199,-896.445,-1552.68
-824.072,-886.972,-1536.27
-834.606,-885.611,-1533.91
-845.136,-884.22,-1531.5
-855.152,-882.92,-1529.25
-864.789,-880.571,-1525.18
-875.291,-879.09,-1522.62
-885.787,-877.578,-1520
-894.862,-875.273,-1516.01
-904.415,-872.815,-1511.75
-914.871,-871.216,-1508.98
-926.258,-870.469,-1507.69
-937.156,-869.82,-1506.56
-948.565,-869.002,-1505.14
-957.882,-866.443,-1500.71
-969.292,-865.558,-1499.18
-981.199,-865.647,-1499.33
-990.646,-862.953,-1494.67
-1000.06,-860.234,-1489.96
-1012.49,-860.073,-1489.68
-1024.95,-859.871,-1489.33
-1037.97,-860.632,-1490.65
-1052.57,-862.05,-1493.1
-1064.08,-860.863,-1491.05
-1094.91,-854.708,-1480.39
-1381.6,-1072.84,-1858.2
-1382.39,-1060.67,-1837.12
-1382.95,-1048.53,-1816.09
-1382.69,-1036.61,-1795.45
-1380.58,-1022.87,-1771.66
-1382.01,-1010.3,-1749.87
-1381.65,-998.283,-1729.06
-1381.07,-986.301,-1708.31
-1377.95,-972.72,-1684.79
-1376.92,-960.812,-1664.16
-1382.15,-953.996,-1652.36
-1380.74,-942.138,-1631.82
-1376.72,-928.711,-1608.56
-1377.25,-918.534,-1590.94
-1377.08,-908.581,-1573.7
-1374.65,-896.934,-1553.52
-1374.64,-886.841,-1536.04
-1375.95,-876.182,-1517.58
-1378.04,-867.71,-1502.91
-1374.98,-856.135,-1482.86
-1373.75,-846.352,-1465.91
-1375.36,-837.948,-1451.36
-1371.57,-826.548,-1431.61
-1372.87,-818.191,-1417.14
-1374.03,-809.852,-1402.7
-1366.78,-797.174,-1380.74
-1362.37,-785.871,-1361.16
-1320.92,-744.193,-1288.97
-1322.36,-736.851,-1276.25
-1335.77,-736.189,-1275.11
-1351.48,-737.145,-1276.76
-1367.67,-737.841,-1277.97
-1381.19,-737.012,-1276.53
-1405.51,-733.754,-1270.89
-1419.65,-725.519,-1256.63
-1419.12,-717.363,-1242.5
-1426.94,-713.475,-1235.77
-1441.69,-713.15,-1235.2
-1459.06,-714.306,-1237.21
-1477.24,-716.441,-1240.9
-1497.62,-718.84,-1245.06
-1517.06,-720.246,-1247.49
-1536.57,-721.567,-1249.78
-1556.16,-722.802,-1251.92
-1572.73,-722.674,-1251.7
-1594.99,-725.322,-1256.29
-1623.71,-730.316,-1264.94
-1643.62,-731.186,-1266.44
-1663.6,-731.969,-1267.8
-1688.13,-736.181,-1275.09
-1714.32,-739.396,-1280.66
-1734.41,-739.976,-1281.67
-1754.7,-740.385,-1282.38
-1777.69,-742.243,-1285.59
-1807.37,-746.289,-1292.6
-1834.08,-748.93,-1297.18
-1857.8,-750.19,-1299.36
-1884.73,-752.591,-1303.52
-1914.46,-756.382,-1310.08
-1946.6,-761.831,-1319.52
-1973.88,-763.845,-1323.01
-1997.64,-764.805,-1324.67
-2021.92,-765.371,-1325.65
-2017.44,-755.041,-1307.76
-2088.71,-764.047,-1323.36
-2103.07,-760.975,-1318.04
-2124.37,-759.872,-1316.13
-2148.97,-759.83,-1316.05
-2166.94,-757.488,-1312
-2168.6,-749.281,-1297.78
-2166.42,-740.272,-1282.18
-2167.85,-732.103,-1268.03
-2172.49,-725.058,-1255.83
-2173.71,-716.909,-1241.71
-2178.16,-709.866,-1229.52
-2179.16,-701.738,-1215.44
-2179.65,-693.94,-1201.93
-2177.04,-684.779,-1186.06
-2174.3,-675.653,-1170.26
-2178.25,-668.655,-1158.14
-2178.55,-660.724,-1144.4
-2175.2,-651.886,-1129.09
-2175.28,-643.999,-1115.43
-2171.93,-635.017,-1099.87
-2178.84,-629.073,-1089.58
-2178.73,-621.129,-1075.82
-2171.19,-611.554,-1059.24
-2170.85,-603.668,-1045.58
-2173.91,-596.765,-1033.62
-2176.89,-589.863,-1021.67
-2172.72,-581.076,-1006.45
-2172.84,-572.431,-991.472
-2179.07,-566.485,-981.174
-2178.11,-558.697,-967.684
-2177.04,-550.931,-954.233
-2175.56,-543.5,-941.362
-2170.71,-534.895,-926.458
-2172.92,-528.081,-914.657
-2178.56,-522.24,-904.54
-2177,-514.57,-891.256
-2171.43,-506.392,-877.09
-2169.66,-498.78,-863.906
-2167.79,-491.193,-850.766
-2173.13,-485.263,-840.494
-2178.4,-479.318,-830.196
-2176,-472.08,-817.66
-2177.44,-465.341,-805.989
-2182.5,-459.385,-795.672
-2183.79,-452.648,-784.004
-2177.6,-444.407,-769.73
-2174.91,-437.063,-757.011
-2175.69,-430.691,-745.974
-2176.64,-424.014,-734.408
-2177.5,-417.344,-722.856
-2178.29,-410.683,-711.318
-2179,-404.029,-699.794
-2171.88,-396.326,-686.452
-2176.18,-390.386,-676.163
-2180.41,-384.434,-665.854
-2180.8,-377.815,-654.391
-2177.32,-370.562,-641.828
-2177.34,-364.286,-630.958
-2173.69,-357.083,-618.481
-2173.68,-350.629,-607.302
-2177.48,-344.684,-597.005
-2185.04,-339.322,-587.719
-2181.06,-332.181,-575.35
-2176.81,-325.385,-563.58
-2184.17,-319.995,-554.243
-2183.79,-313.47,-542.942
-2183.33,-306.957,-531.661
-2182.8,-300.456,-520.401
-2186.05,-294.487,-510.063
-2181.5,-287.49,-497.944
-2180.68,-281.13,-486.928
-2179.84,-274.679,-475.754
-2182.66,-269.033,-465.975
-2181.68,-262.597,-454.827
-2180.62,-256.174,-443.703
-2179.49,-249.765,-432.602
-2178.79,-242.221,-419.536
-2181.27,-236.578,-409.762
-2183.83,-230.614,-399.432
-2178.48,-223.838,-387.697
-2176.97,-217.491,-376.702
-2183.24,-211.92,-367.054
-2181.59,-205.581,-356.074
-2179.87,-199.257,-345.122
-2178.08,-192.949,-334.196
-2180.12,-187.1,-324.064
-2178.19,-180.812,-313.174
-2180.03,-175.171,-303.403
-2177.96,-168.905,-292.551
-2179.77,-162.952,-282.239
-2177.56,-156.708,-271.425
-2175.28,-150.482,-260.641
-2176.89,-144.536,-250.342
-2174.47,-138.333,-239.599
-2171.98,-132.148,-228.886
-2173.37,-126.316,-218.784
-2174.67,-120.584,-208.856
-2175.93,-114.744,-198.741
-2177.15,-108.797,-188.44
-2174.33,-102.658,-177.808
-2175.42,-96.7158,-167.515
-2176.44,-90.7702,-157.217
-2173.41,-84.6666,-146.646
-2170.32,-78.5823,-136.107
-2167.15,-72.5174,-125.603
-2171.91,-66.7174,-115.557
-2168.57,-60.982,-105.623
-2165.2,-55.058,-95.3626
-2165.77,-49.141,-85.1141
-2170.27,-43.3023,-75.0012
-2166.72,-37.3027,-64.6098
-2167.09,-31.3819,-54.3546
-2167.4,-25.46,-44.0978
-2167.65,-19.5375,-33.8396
-2167.83,-13.6143,-23.5805
-2167.94,-8.00239,-13.8604
-2168,-2.07859,-3.6002
-2167.99,3.74137,6.48019
-2167.91,9.66512,16.7403
-2167.78,15.5886,27
-2167.57,21.5116,37.2589
-2163.31,27.3833,47.4289
-2166.97,33.3554,57.7729
-2166.58,39.276,68.0275
-2166.11,45.1956,78.2805
-2161.62,50.7083,87.8287
-2161.04,56.6139,98.0575
-2164.38,62.6335,108.484
-2167.67,68.5691,118.764
-2162.89,74.3538,128.784
-2166.04,80.4106,139.274
-2173.1,86.6459,150.074
-2176.11,92.7522,160.65
-2175.06,98.6971,170.947
-2165.99,104.255,180.574
-2160.9,109.659,189.933
-2163.65,115.774,200.526
-2170.3,122.132,211.537
-2168.95,127.956,221.625
-2163.55,133.636,231.462
-2170,140.057,242.585
-2176.36,146.519,253.776
-2174.73,152.463,264.072
-2169.07,158.115,273.861
-2167.4,163.727,283.582
-2169.53,169.956,294.371
-2167.64,175.882,304.634
-2165.69,181.802,314.889
-2167.61,188.059,325.726
-2165.56,193.875,335.8
-2171.28,200.516,347.302
-2176.91,207.194,358.868
-2166.76,212.37,367.832
-2164.41,218.287,378.081
-2166.04,224.292,388.483
-2171.38,231.04,400.17
-2164.91,236.543,409.701
-2162.3,242.455,419.941
-2167.41,249.256,431.721
-2172.49,255.988,443.381
-2174.1,261.243,452.484
-2171.21,267.18,462.766
-2168.26,273.109,473.035
-2176.86,280.527,485.883
-2177.63,286.98,497.061
-2170.66,292.302,506.278
-2167.6,297.917,516.003
-2164.31,303.835,526.254
-2164.8,310.295,537.444
-2172.9,317.891,550.599
-2169.39,323.823,560.874
-2169.65,330.329,572.142
-2173.64,337.438,584.456
-2173.93,343.663,595.238
-2173.95,350.212,606.58
-2166.29,355.523,615.779
-2166.24,361.967,626.941
-2166.03,368.525,638.299
-2169.53,375.747,650.808
-2176.71,383.664,664.521
-2168.95,388.619,673.103
-2172.18,395.91,685.731
-2171.57,402.534,697.205
-2167.14,408.462,707.471
-2170.11,415.809,720.196
-2165.54,421.732,730.456
-2164.61,428.379,741.969
-2171.12,436.422,755.899
-2173.98,443.547,768.241
-2172.79,450.246,779.844
-2167.84,456.177,790.115
-2170.18,463.665,803.085
-2168.75,470.384,814.723
-2159.91,475.497,823.578
-2161.99,483.023,836.615
-2160.6,489.439,847.726
-2162.49,497.006,860.833
-2167.9,505.443,875.446
-2169.57,513.069,888.655
-2171.25,520.615,901.725
-2176.32,529.164,916.532
-2174.09,535.987,928.35
-2171.78,542.814,940.174
-2169.69,549.332,951.464
-2170.78,557.079,964.882
-2171.75,564.848,978.338
-2169.08,571.706,990.217
-2166.33,578.567,1002.1
-2171.88,586.084,1015.12
-2172.46,593.929,1028.71
-2165.94,599.856,1038.97
-2169.81,608.701,1054.29
-2173.56,617.585,1069.68
-2170.61,624.201,1081.14
-2174.12,633.142,1096.63
-2167.17,639.073,1106.9
-2167.14,646.932,1120.51
-2173.73,656.983,1137.92
-2173.34,665,1151.81
-2172.84,673.035,1165.72
-2169.24,679.713,1177.29
-2165.15,686.701,1189.39
-2167.71,695.849,1205.24
-2176.85,707.21,1224.91
-2175.77,715.345,1239
-2171.25,722.387,1251.2
-2170.1,730.439,1265.15
-2172,739.736,1281.25
-2174.19,748.752,1296.87
-2175.82,758.112,1313.08
-2174.04,766.35,1327.35
-2172.15,774.602,1341.64
-2170.14,782.866,1355.95
-2177.7,794.679,1376.41
-2181.86,805.369,1394.93
-2176.69,812.202,1406.77
-2174.17,820.548,1421.22
-2168.35,827.69,1433.59
-2170.69,836.021,1448.02
-2174.14,846.856,1466.79
-2180.57,858.973,1487.77
-2180.53,868.657,1504.55
-2177.23,877.112,1519.19
-2176.92,886.838,1536.04
-2179.71,897.755,1554.95
-2179.09,907.538,1571.89
-2178.84,917.03,1588.33
-2177.93,926.859,1605.35
-2170.8,934.101,1617.9
-2163.57,941.331,1630.42
-2138.37,961.614,1665.55
-2119.5,963.101,1668.13
-2100.11,964.818,1671.1
-2083.67,967.82,1676.3
-2055.75,965.185,1671.74
-2021.96,959.772,1662.36
-2002.79,961.128,1664.71
-1980.77,961.015,1664.51
-1961.67,962.211,1666.59
-1945.44,964.74,1670.97
-1927.74,967.948,1676.52
-1905.9,967.502,1675.75
-1886.92,968.397,1677.3
-1873.54,972.098,1683.71
-1851.84,971.412,1682.52
-1824.74,967.727,1676.14
-1800.49,965.384,1672.08
-1782.33,965.623,1672.5
-1766.36,967.524,1675.79
-1753.26,970.768,1681.41
-1731.97,969.577,1679.34
-1713.4,969.799,1679.73
-1697.51,971.453,1682.59
-1676.41,970.024,1680.12
-1660.59,971.549,1682.76
-1644.78,973.017,1685.3
-1626.42,972.893,1685.09
-1608.12,972.698,1684.75
-1590.43,972.204,1683.89
-1574.93,973.35,1685.88
-1554.28,971.391,1682.49
-1538.67,972.487,1684.38
-1525.56,975.101,1688.91
-1507.54,974.509,1687.89
-1488.08,974.419,1687.73
-1475,976.874,1691.98
-1461.9,979.287,1696.16
-1451.18,983.267,1703.06
-1438.05,985.602,1707.1
-1413.22,979.783,1697.02
-1395.53,978.745,1695.22
-1377.9,977.639,1693.31
-1362.62,978.107,1694.12
-1349.83,980.103,1697.58
-1337.41,981.931,1700.74
-1322.19,982.252,1701.3
-1309.22,984.185,1704.65
-1294.05,984.405,1705.03
-1278.91,984.572,1705.32
-1268.13,988.052,1711.34
-1253.03,988.124,1711.47
-1237.97,988.143,1711.5
-1225.04,989.81,1714.39
-1210.22,989.672,1714.15
-1193.19,987.828,1710.96
-1178.84,987.469,1710.33
-1163.97,987.229,1709.92
-1149.14,986.938,1709.41
-1138.33,990.063,1714.83
-1125.52,991.419,1717.18
-1110.76,990.991,1716.43
-1097.97,992.261,1718.63
-1085.19,993.491,1720.76
-1070.52,992.92,1719.78
-1057.97,994.014,1721.67
-1045.23,995.119,1723.58
-1033.07,996.036,1725.17
-1022.17,998.844,1730.04
-1003.53,996.844,1726.57
-989.256,995.941,1725.01
-978.356,998.629,1729.66
-965.687,999.486,1731.15
-950.161,996.557,1726.07
-937.553,997.328,1727.41
-924.957,998.06,1728.68
-910.712,996.934,1726.73
-898.16,997.584,1727.85
-885.622,998.195,1728.91
-873.096,998.768,1729.9
-860.777,999.26,1730.76
-848.28,999.756,1731.62
-834.257,998.368,1729.21
-821.811,998.783,1729.93
-811.458,1000.9,1733.59
-799.024,1001.24,1734.19
-785.145,999.687,1731.5
-772.765,999.952,1731.95
-763.247,1003.92,1738.82
-749.461,1002.24,1735.92
-737.308,1002.36,1736.13
-724.981,1002.48,1736.33
-714.014,1004.45,1739.74
-701.706,1004.49,1739.82
-688.697,1002.51,1736.39
-676.451,1002.49,1736.34
-665.484,1004.32,1739.52
-654.497,1006.12,1742.64
-641.059,1004.09,1739.11
-630.074,1005.82,1742.12
-617.898,1005.62,1741.77
-608.244,1009.18,1747.93
-597.787,1010.74,1750.64
-583.391,1006.59,1743.46
-571.289,1006.25,1742.86
-560.282,1007.79,1745.54
-549.26,1009.31,1748.16
-537.771,1008.79,1747.25
-525.729,1008.3,1746.42
-514.7,1009.73,1748.88
-503.657,1011.12,1751.29
-491.653,1010.53,1750.28
-481.183,1011.79,1752.47
-470.117,1013.09,1754.72
-448.139,1015.58,1759.02
-89.7413,854.828,1480.59
-62.3387,857.438,1485.12
-25.6307,867.91,1503.25
-16.3301,877.967,1520.67
-8.79407,881.994,1527.65
20.0791,879.948,1524.1
28.9368,769.868,1333.44
45.7915,777.667,1346.95
58.9563,698.382,1209.62
66.3981,696.213,1205.87
73.6058,696.031,1205.55
81.0957,694.822,1203.46
89.7076,702.573,1216.88
98.7687,712.294,1233.72
106.552,712.013,1233.23
113.604,709.734,1229.29
121.189,708.417,1227.01
128.749,707.08,1224.69
136.282,705.722,1222.34
143.587,705.36,1221.71
151.081,703.962,1219.29
158.638,703.547,1218.57
165.855,701.117,1214.36
173.516,700.653,1213.56
180.768,700.194,1212.76
203.701,698.619,1210.03
163.768,433.334,750.55
153.119,385.473,667.654
154.288,365.959,633.856
156.93,360.563,624.509
159.124,356.225,616.995
159.146,345.969,599.231
169.07,340.67,590.054
162.191,316.786,548.686
163.088,310.472,537.749
164.009,304.14,526.783
164.502,298.891,517.69
165.193,292.566,506.735
167.225,290.196,502.631
169.265,287.816,498.509
168.883,279.525,484.149
168.246,273.35,473.452
168.803,268.027,464.232
170.353,264.631,458.352
170.674,259.321,449.154
170.816,255.083,441.813
170.902,249.79,432.645
172.082,246.412,426.794
174.103,244.995,424.341
176.098,243.576,421.882
177.377,241.214,417.791
174.624,227.845,394.636
175.297,225.034,389.768
176.255,222.16,384.79
176.524,218.336,378.166
177.009,215.538,373.319
178.19,213.128,369.146
177.712,208.888,361.802
178.406,206.563,357.775
179.486,204.146,353.589
181.348,200.446,347.181
191.679,200.248,346.837
193.865,199.721,345.924
195.604,198.74,344.225
200.111,194.808,337.415
113,0,-0
112.998,0.606686,-2.87355e-06
112.993,1.22419,-5.79833e-06
112.985,1.84165,-8.72293e-06
112.973,2.45906,-1.16473e-05
112.958,3.0764,-1.45713e-05
111.933,3.8756,-1.83566e-05
111.91,4.48723,-2.12536e-05
112.893,4.92779,-2.33403e-05
112.864,5.54465,-2.6262e-05
112.832,6.15052,-2.91317e-05
112.797,6.76704,-3.20518e-05
113.77,7.23055,-3.42472e-05
22.1861,234.955,-0.00111286
21.2393,236.046,-0.00111803
20.0333,237.155,-0.00112328
19.1697,239.233,-0.00113312
17.9364,240.332,-0.00113832
16.9695,241.404,-0.0011434
16.0316,244.475,-0.00115795
15.0989,246.538,-0.00116772
14.125,248.599,-0.00117748
13.1572,250.655,-0.00118722
11.8811,252.721,-0.001197
10.8515,254.769,-0.0012067
9.75491,256.815,-0.00121639
8.68933,258.854,-0.00122605
7.33079,260.897,-0.00123573
6.25269,262.926,-0.00124534
5.13179,264.95,-0.00125493
3.73725,266.974,-0.00126451
2.58855,269.988,-0.00127879
1.43954,272.996,-0.00129304
0.158772,276,-0.00130726
-1.03945,277.998,-0.00131673
-2.29808,281.991,-0.00133564
-3.55204,284.978,-0.00134979
-4.85941,287.959,-0.00136391
-6.24895,290.933,-0.00137799
-7.63551,294.901,-0.00139679
-9.02851,298.864,-0.00141556
-10.4849,302.819,-0.00143429
-12.0351,306.764,-0.00145298
-16.6534,311.555,-0.00147567
-206.666,2009.4,-0.00951746
-215.991,1998.36,-0.00946517
-225.328,1983.24,-0.00939355
-234.743,1970.06,-0.00933114
-244.763,1962.8,-0.00929673
-255.227,1959.45,-0.00928086
-265.124,1952.08,-0.00924595
-296.644,1949.56,-0.00923403
-309.164,1959.76,-0.00928236
-332.33,1970.17,-0.00933163
-397.762,1966.17,-0.00931269
-408.094,1962.01,-0.00929299
-418.204,1957.83,-0.00927321
-431.896,1969.19,-0.00932702
-443.529,1970.71,-0.00933418
-452.378,1962.54,-0.00929549
-464.476,1965.87,-0.0093113
-476.624,1969.14,-0.00932676
-486.896,1964.56,-0.00930509
-497.625,1961.87,-0.00929235
-510.348,1966.87,-0.009316
-522.061,1970,-0.00933084
-531.25,1961.33,-0.00928975
-540.893,1954.54,-0.0092576
-551.923,1953.53,-0.00925283
-565.362,1960.09,-0.00928392
-576.815,1967.18,-0.00931747
-587.913,1959.71,-0.00928211
-596.858,1950.73,-0.00923958
-608.701,1951.26,-0.00924208
-619.355,1947.91,-0.00922619
-632.667,1960.44,-0.00928557
-644.62,1960.76,-0.00928705
-655.325,1957.2,-0.00927023
-668.593,1961.16,-0.00928899
-678.737,1957.68,-0.00927247
-689.425,1953.94,-0.00925477
-702.796,1957.67,-0.00927245
-714.856,1957.56,-0.00927191
-725.543,1953.62,-0.00925327
-737.059,1953.58,-0.00925308
-750.589,1957,-0.00926924
-759.633,1949.21,-0.00923237
-774.692,1956.19,-0.00926542
-786.863,1955.64,-0.0092628
-796.025,1947.6,-0.00922476
-810.695,1954.54,-0.00925762
-822.917,1953.77,-0.00925395
-832.009,1945.56,-0.0092151
-845.814,1948.33,-0.00922818
-861.287,1954.66,-0.00925816
-873.589,1953.57,-0.00925303
-885.343,1952.67,-0.00924874
-899.344,1955.07,-0.00926011
-914.901,1961.08,-0.00928861
-925.604,1956.06,-0.00926479
-936.28,1950.97,-0.00924069
-950.428,1953.02,-0.00925039
-962.295,1951.66,-0.00924396
-976.523,1953.52,-0.0092528
-988.992,1951.73,-0.00924429
-1003.3,1953.41,-0.00925226
-1017.65,1954.99,-0.00925976
-1028.32,1949.4,-0.00923328
-1040.28,1947.58,-0.00922465
-1050.91,1941.87,-0.00919759
-1063.24,1939.7,-0.00918735
-1079.65,1944.36,-0.00920938
-1092.22,1941.91,-0.00919781
-1106.71,1947.51,-0.00922432
-1121.32,1948.37,-0.00922838
-1138,1952.58,-0.00924832
-1156.59,1960.22,-0.00928452
-1166.73,1954.21,-0.00925603
-1179.46,1951.22,-0.00924191
-1192.19,1948.16,-0.0092274
-1202.82,1941.62,-0.00919641
-1217.66,1941.79,-0.00919724
-1231.98,1942.22,-0.00919925
-1251.22,1948.92,-0.009231
-1264.04,1945.41,-0.00921436
-1274.65,1938.47,-0.00918151
-1296.3,1948.13,-0.00922724
-1313.44,1951.09,-0.0092413
-1328.22,1950.75,-0.00923968
-1343.21,1950.18,-0.00923698
-1358.42,1949.38,-0.00923316
-1371.36,1945.19,-0.00921335
-1381.97,1937.67,-0.00917772
-1394.87,1933.33,-0.00915717
-1414.29,1939.01,-0.00918407
-1429.62,1937.69,-0.00917782
-1444.97,1936.26,-0.00917105
-1462.76,1937.92,-0.00917887
-1483.04,1942.61,-0.00920111
-1500.78,1944.12,-0.00920826
-1516.71,1946.95,-0.00922166
-1527.33,1938.63,-0.00918226
-1542.89,1936.51,-0.00917223
-1565.43,1944.08,-0.00920805
-1581.09,1941.7,-0.00919678
-1591.67,1933.03,-0.00915572
-1612.27,1936.75,-0.00917335
-1633.13,1940.15,-0.00918946
-1648.89,1937.29,-0.00917591
-1669.33,1940.86,-0.00919281
-1687.79,1940.76,-0.00919235
-1703.65,1937.52,-0.00917698
-1724.85,1940.13,-0.00918938
-1746.12,1942.58,-0.00920096
-1762.09,1938.93,-0.00918367
-1774.81,1932.73,-0.00915429
-1798.95,1937.66,-0.00917764
-1820.46,1939.46,-0.0091862
-1836.36,1935.46,-0.00916726
-1860.75,1939.83,-0.00918795
-1882.46,1941.12,-0.00919405
-1903.69,1942.78,-0.0092019
-1924.04,1945.19,-0.00921332
-1945.4,1946.52,-0.00921961
-1956.01,1935.86,-0.00916912
-1972.09,1930.92,-0.00914576
-1996.98,1934.03,-0.00916048
-2027.74,1942.46,-0.0092004
-2052.84,1945.11,-0.00921293
-2077.47,1948.13,-0.00922727
-2099.82,1947.63,-0.00922489
-2113.38,1938.83,-0.00918321
-2129.86,1932.63,-0.00915383
-2156.84,1914.55,-0.00906818
-2186.15,1899.36,-0.00899623
-2178.12,1871.95,-0.00886642
-2185.27,1857.43,-0.00879764
-2186.2,1837.73,-0.00870437
-2183.91,1815.53,-0.00859921
-2190.19,1801.66,-0.0085335
-2196.9,1787.14,-0.00846473
-2194.16,1765.08,-0.00836024
-2184.99,1738.12,-0.00823255
-2185.03,1718.74,-0.00814073
-2188.07,1701.86,-0.00806079
-2181,1678.31,-0.00794926
-2172.78,1649.54,-0.00781301
-2178.57,1635.24,-0.00774528
-2187.47,1623.31,-0.00768877
-2183.41,1601.87,-0.00758721
-2185.2,1585.85,-0.00751131
-2183.93,1567.1,-0.0074225
-2176.15,1543.57,-0.00731105
-2174.73,1524.76,-0.00722199
-2179.74,1510.58,-0.0071548
-2178.06,1491.86,-0.00706615
-2166.31,1466.48,-0.00694595
-2164.31,1447.95,-0.00685817
-2172.19,1436.1,-0.00680204
-2176.66,1422.02,-0.00673536
-2180.63,1408.56,-0.00667161
-2178.18,1390.17,-0.00658449
-2175.47,1372.05,-0.00649868
-2176.14,1355.91,-0.00642224
-2173.3,1337.71,-0.00633602
-2173.74,1321.66,-0.00625999
-2177.5,1307.7,-0.00619388
-2177.74,1291.7,-0.00611809
-2181.31,1277.76,-0.00605206
-2180.97,1262.44,-0.00597951
-2173.95,1242.56,-0.00588536
-2163.29,1220.83,-0.00578244
-2162.82,1205.31,-0.0057089
-2165.87,1191.54,-0.0056437
-2161.81,1173.96,-0.00556043
-2165.67,1158.37,-0.0054866
-2168.43,1144.65,-0.00542162
-2160.35,1125.6,-0.00533138
-2166.47,1113.78,-0.00527538
-2168.96,1100.11,-0.00521065
-2160.63,1081.09,-0.00512053
-2162.92,1067.49,-0.00505614
-2172.31,1057.41,-0.00500837
-2174.45,1043.79,-0.00494387
-2168.98,1027.38,-0.00486615
-2163.69,1010.43,-0.00478589
-2165.55,996.922,-0.00472189
-2159.94,980.322,-0.00464326
-2157.97,965.237,-0.00457181
-2159.55,951.817,-0.00450825
-2164.72,940.001,-0.00445228
-2166.14,926.584,-0.00438874
-2163.8,911.626,-0.00431789
-2165.06,898.255,-0.00425456
-2158.57,882.494,-0.0041799
-2159.65,869.191,-0.00411689
-2160.65,855.903,-0.00405395
-2154.11,839.724,-0.00397733
-2151.12,825.281,-0.00390892
-2155.6,813.514,-0.00385318
-2156.26,800.33,-0.00379073
-2153.09,785.791,-0.00372187
-2153.59,772.662,-0.00365969
-2157.56,761.503,-0.00360683
-2157.91,748.39,-0.00354473
-2154.39,734.007,-0.0034766
-2158.37,722.222,-0.00342078
-2166.09,711.665,-0.00337078
-2158.46,696.341,-0.0032982
-2154.6,682.12,-0.00323084
-2162.12,671.522,-0.00318064
-2158.1,657.365,-0.00311359
-2154,643.273,-0.00304684
-2157.3,632.113,-0.00299398
-2156.88,619.211,-0.00293287
-2149.31,601.9,-0.00285088
-2148.71,589.088,-0.00279019
-2151.9,577.337,-0.00273454
-2147.28,563.538,-0.00266918
-2150.17,552.413,-0.00261649
-2153.16,540.655,-0.00256079
-2148.31,526.974,-0.002496
-2147.27,514.295,-0.00243594
-2146.1,501.848,-0.00237699
-2148.81,490.112,-0.0023214
-2147.56,477.494,-0.00226163
-2150.13,465.751,-0.00220601
-2160.47,455.645,-0.00215815
-2158.89,443.648,-0.00210133
-2153.43,430.277,-0.00203799
-2147.9,416.978,-0.001975
-2150.15,405.234,-0.00191938
-2148.39,392.758,-0.00186029
-2142.63,379.616,-0.00179804
-2140.7,367.43,-0.00174032
-2146.62,356.382,-0.00168799
-2148.53,344.646,-0.0016324
-2138.53,331.063,-0.00156807
-2140.21,319.987,-0.00151561
-2145.89,308.857,-0.00146289
-2143.58,296.577,-0.00140473
-2141.2,284.332,-0.00134673
-2138.76,272.121,-0.00128889
-2140.21,260.43,-0.00123352
-2145.55,249.397,-0.00118126
-2146.88,237.668,-0.00112571
-2144.17,225.514,-0.00106814
-2145.37,213.793,-0.00101263
-2146.51,202.066,-0.00095708
-2147.58,190.333,-0.000901507
-2148.59,178.594,-0.000845906
-2145.55,166.54,-0.000788811
-2142.43,154.525,-0.000731902
-2143.23,143.02,-0.00067741
-2143.98,131.306,-0.000621925
-2144.67,119.587,-0.000566421
-2145.29,107.865,-0.000510901
-2145.82,96.7578,-0.00045829
-2142.32,84.8716,-0.000401992
-2146.75,73.2991,-0.000347179
-2143.12,61.4519,-0.000291065
-2143.42,49.7393,-0.000235588
-2143.66,38.0252,-0.000180105
-2143.84,26.3101,-0.000124617
-2143.95,14.7996,-7.00977e-05
-2140,3.07743,-1.45762e-05
-2143.98,-8.6333,4.08914e-05
-2143.9,-20.3495,9.63849e-05
-2143.76,-32.0652,0.000151876
-2147.55,-43.8615,0.000207749
-2147.28,-55.5967,0.000263332
-2146.94,-67.3303,0.000318908
-2142.55,-78.9146,0.000373776
-2146.09,-90.5853,0.000429054
-2141.57,-102.121,0.000483694
-2144.97,-114.035,0.000540124
-2144.32,-125.755,0.000595636
-2143.6,-137.472,0.00065113
-2146.8,-149.462,0.00070792
-2145.95,-161.191,0.000763477
-2145.04,-172.916,0.000819013
-2144.06,-184.636,0.000874522
-2147.03,-196.509,0.000930759
-2145.92,-208.239,0.000986319
-2144.75,-219.963,0.00104185
-2147.49,-232.11,0.00109938
-2146.19,-243.842,0.00115495
-2140.86,-255.094,0.00120824
-2139.43,-266.789,0.00126364
-2141.99,-278.378,0.00131853
-2140.43,-290.079,0.00137395
-2138.82,-301.772,0.00142933
-2141.12,-313.83,0.00148645
-2139.38,-325.526,0.00154185
-2137.56,-337.213,0.0015972
-2135.69,-348.889,0.0016525
-2137.7,-361.221,0.00171091
-2135.69,-372.898,0.00176622
-2137.56,-385.273,0.00182483
-2139.35,-397.679,0.0018836
-2141.08,-410.117,0.00194251
-2138.84,-421.606,0.00199692
-2136.51,-433.288,0.00205226
-2130.19,-444.141,0.00210366
-2131.64,-456.613,0.00216273
-2140.84,-470.833,0.00223008
-2142.13,-483.406,0.00228963
-2139.46,-495.105,0.00234505
-2140.61,-507.712,0.00240476
-2141.69,-520.347,0.00246461
-2134.99,-530.873,0.00251446
-2132.05,-542.532,0.00256969
-2140.67,-557.198,0.00263915
-2133.73,-567.859,0.00268965
-2130.59,-579.511,0.00274484
-2135.1,-593.288,0.00281009
-2131.83,-604.947,0.00286531
-2128.49,-616.588,0.00292045
-2128.93,-629.344,0.00298087
-2129.35,-641.919,0.00304043
-2125.81,-653.546,0.0030955
-2126.21,-665.739,0.00315325
-2126.35,-678.564,0.003214
-2122.61,-690.174,0.00326898
-2126.94,-702.647,0.00332806
-2130.72,-716.607,0.00339418
-2130.56,-729.536,0.00345542
-2126.54,-741.168,0.00351052
-2130,-755.452,0.00357817
-2133.36,-769.796,0.00364611
-2129.12,-781.443,0.00370128
-2124.82,-793.066,0.00375633
-2131.68,-808.924,0.00383144
-2134.69,-823.44,0.00390019
-2126.67,-833.022,0.00394558
-2122.17,-844.427,0.0039996
-2121.23,-857.511,0.00406157
-2116.51,-869.09,0.00411642
-2119.12,-883.723,0.00418572
-2125.3,-899.969,0.00426267
-2131.38,-916.31,0.00434007
-2126.34,-927.944,0.00439517
-2121.24,-939.55,0.00445015
-2116.07,-951.128,0.00450498
-2121.85,-967.453,0.00458231
-2123.79,-982.393,0.00465307
-2122.02,-995.683,0.00471602
-2116.54,-1007.26,0.00477088
-2118.21,-1022.29,0.00484206
-2119.78,-1037.37,0.00491347
-2114.38,-1048.33,0.00496538
-2112.19,-1061.67,0.00502855
-2084.98,-1062.3,0.00503154
-2079.14,-1073.68,0.00508543
-2083.98,-1090.39,0.00516458
-2056.78,-1090.52,0.00516519
-2033.17,-1092.27,0.00517352
-2006.1,-1091.9,0.00517173
-1979.08,-1091.25,0.00516869
-1952.14,-1090.35,0.0051644
-1931.38,-1094.6,0.00518456
-1911.5,-1097.18,0.00519675
-1888.18,-1097.56,0.00519854
-1864.92,-1097.71,0.00519928
-1841.71,-1097.65,0.00519898
-1818.56,-1097.36,0.00519763
-1798.88,-1098.94,0.00520511
-1775.84,-1098.24,0.00520177
-1753.18,-1096.81,0.00519501
-1737.02,-1099.96,0.0052099
-1716.35,-1102.61,0.00522247
-1695.21,-1102.16,0.00522034
-1675.79,-1102.61,0.00522249
-1653.2,-1100.51,0.00521253
-1632.23,-1099.47,0.00520762
-1613.29,-1098.9,0.00520491
-1600.68,-1103.16,0.00522509
-1578.22,-1100.45,0.00521226
-1554.21,-1096.38,0.00519296
-1532.38,-1096.02,0.00519125
-1515.03,-1096.17,0.00519197
-1496.11,-1094.98,0.00518634
-1482.38,-1096.76,0.00519479
-1466.75,-1097.66,0.00519903
-1449.57,-1097.21,0.00519689
-1430.85,-1095.39,0.00518827
-1415.35,-1095.84,0.00519043
-1403.04,-1098.63,0.00520363
-1381.45,-1093.73,0.00518043
-1363.58,-1093.69,0.00518024
-1351.37,-1096.09,0.00519159
-1339.17,-1098.38,0.00520246
-1323.91,-1098.03,0.00520076
-1305.74,-1094.84,0.00518566
-1292.11,-1095.49,0.00518875
-1280.03,-1097.33,0.00519745
-1266.45,-1097.76,0.00519949
-1251.41,-1096.75,0.00519473
-1234.92,-1094.29,0.00518306
-1219.15,-1093.95,0.00518145
-1204.26,-1092.53,0.00517474
-1192.38,-1093.69,0.00518022
-1180.52,-1094.75,0.00518524
-1174.52,-1101.18,0.00521572
-1162.68,-1102.08,0.00521998
-1142.2,-1094.58,0.00518445
-1120.4,-1085.5,0.00514143
-1105.98,-1083.1,0.00513008
-1101.78,-1090.22,0.00516379
-1091.56,-1091.98,0.00517214
-1081.36,-1093.66,0.00518011
-1069.91,-1096.5,0.00519353
-1043.66,-1105.07,0.00523411
-934.519,-1058.5,0.00501354
-826.871,-1059.54,0.00501846
-823.615,-1067.13,0.00505442
-823.837,-1079.56,0.00511331
-821.54,-1088.84,0.00515725
-814.381,-1091.71,0.00517084
-806.028,-1092.92,0.0051766
-797.688,-1094.08,0.00518207
-788.188,-1093.56,0.00517959
-779.88,-1094.59,0.00518448
-771.583,-1095.56,0.0051891
-757.899,-1088.06,0.00515354
-755.449,-1097.05,0.00519614
-751.693,-1104.47,0.00523128
-735.6,-1093.63,0.00517992
-727.399,-1094.3,0.0051831
-718.113,-1093.24,0.0051781
-709.951,-1093.79,0.00518072
-701.803,-1094.29,0.00518307
-691.763,-1093.57,0.00517967
-682.597,-1092.25,0.0051734
-675.567,-1094.26,0.00518293
-667.494,-1094.52,0.00518416
-658.407,-1093.01,0.00517702
-649.356,-1091.44,0.00516956
-643.382,-1094.97,0.00518629
-635.486,-1094.95,0.00518619
-627.504,-1094.94,0.00518612
-620.842,-1096.43,0.0051932
-612.888,-1096.31,0.00519265
-603.989,-1094.39,0.00518356
-596.086,-1094.17,0.00518248
-588.203,-1093.88,0.00518114
-580.341,-1093.55,0.00517955
-572.501,-1093.16,0.00517771
-564.682,-1092.72,0.00517562
-554.233,-1089.09,0.00515842
-550.966,-1097.46,0.00519809
-544.96,-1100.46,0.00521227
-533.672,-1092.63,0.00517523
-525.957,-1091.93,0.0051719
-519.229,-1092.93,0.00517664
-512.4,-1093.94,0.00518142
-505.575,-1094.91,0.00518601
-498.242,-1093.87,0.00518109
-490.619,-1092.93,0.00517663
-483.83,-1093.77,0.00518059
-477.047,-1094.56,0.00518435
-469.48,-1093.48,0.00517921
-461.939,-1092.34,0.00517384
-455.194,-1093,0.00517697
-448.56,-1093.58,0.00517971
-442.577,-1096.02,0.00519124
-435.842,-1096.56,0.00519382
-427.658,-1093.34,0.00517855
-421.273,-1093.67,0.00518013
-413.427,-1094.52,0.00518417
-406.047,-1093.02,0.00517703
-399.381,-1093.34,0.00517856
-393.401,-1095.51,0.00518882
-386.742,-1095.75,0.00519
-379.752,-1093.96,0.00518151
-373.123,-1094.13,0.0051823
-366.503,-1094.25,0.0051829
-360.518,-1096.24,0.00519231
-352.678,-1092.48,0.00517452
-347.307,-1096.3,0.0051926
-341.416,-1098.15,0.00520135
-334.243,-1096.17,0.00519199
-327.675,-1096.07,0.00519149
-321.118,-1095.92,0.0051908
-314.572,-1095.74,0.00518993
-303.476,-1078.1,0.00510639
-268.915,-1004.63,0.0047584
-264.434,-1009.96,0.00478362
-260,-1015.24,0.00480863
-255.419,-1020.52,0.00483367
-236.014,-1060.04,0.00502086
-233.609,-1076.95,0.00510096
-230.613,-1091.91,0.00517181
-226.2,-1094.88,0.00518585
-218.665,-1094.37,0.00518344
-198.129,-1082.01,0.0051249
-188.369,-1061.41,0.00502736
-181.549,-1056.51,0.00500415
-175.546,-1055.5,0.00499935
-167.93,-1052.69,0.00498603
-161.871,-1051.61,0.00498094
-156.13,-1050.46,0.00497547
-149.254,-1043.38,0.00494193
-143.105,-1040.2,0.00492688
-137.157,-1038.99,0.00492112
-131.226,-1037.74,0.0049152
-125.553,-1038.44,0.00491852
-119.647,-1037.12,0.00491229
-113.759,-1035.77,0.0049059
-108.187,-1034.36,0.0048992
-102.336,-1032.94,0.0048925
-96.6895,-1033.49,0.00489508
-91.0406,-1034,0.00489751
-85.1581,-1030.49,0.00488087
-79.7233,-1030.92,0.00488293
-74.6175,-1037.32,0.00491323
-68.8153,-1035.72,0.00490564
-62.6674,-1028.09,0.00486952
-57.2327,-1026.41,0.00486154
-51.9239,-1032.7,0.00489133
-46.1904,-1030.97,0.00488313
-40.3197,-1025.21,0.00485586
-35.0116,-1025.4,0.00485678
-29.5224,-1029.58,0.00487656
-23.8954,-1029.72,0.00487725
-18.1966,-1025.84,0.00485885
-12.6152,-1027.92,0.00486872
-7.29344,-1027.97,0.00486897
-1.77743,-1030,0.00487855
3.83609,-1025.99,0.00485958
10.2878,-1021.95,0.00484042
15.9037,-1023.88,0.00484956
20.4003,-1027.8,0.00486813
26.9422,-1021.64,0.00483899
32.2309,-1021.49,0.00483826
36.9513,-1027.34,0.00486594
43.3932,-1021.08,0.0048363
48.8769,-1018.83,0.00482565
54.3631,-1022.56,0.0048433
59.7164,-1018.25,0.00482291
65.5358,-1021.9,0.0048402
70.2173,-1025.6,0.00485772
76.407,-1021.15,0.00483662
81.9864,-1020.71,0.00483457
87.2208,-1016.26,0.0048135
92.9553,-1017.76,0.0048206
97.7265,-1021.34,0.00483752
103.306,-1020.79,0.00483492
108.589,-1020.24,0.00483232
114.789,-1015.53,0.00481004
120.337,-1014.89,0.004807
125.3,-1018.32,0.00482324
130.864,-1017.62,0.00481992
136.13,-1016.93,0.00481665
142.479,-1014.04,0.00480296
147.139,-1015.39,0.00480938
153.281,-1018.53,0.00482424
158.244,-1015.75,0.00481105
163.474,-1012.89,0.00479753
169.666,-1015.93,0.00481192
176.235,-1020.9,0.00483546
181.11,-1015.98,0.00481217
185.645,-1011.1,0.00478903
191.54,-1012.03,0.00479346
197.45,-1012.94,0.00479773
202.983,-1011.84,0.00479255
208.622,-1012.74,0.00479679
214.982,-1015.49,0.00480985
220.855,-1016.28,0.00481357
225.971,-1013.1,0.00479854
230.321,-1008.02,0.00477446
235.827,-1006.75,0.00476843
241.791,-1007.39,0.00477146
248.248,-1009.94,0.00478353
254.739,-1012.44,0.00479541
260.476,-1013.05,0.00479827
264.99,-1007.74,0.00477314
269.455,-1002.42,0.00474791
275.459,-1002.86,0.00475
281.187,-1003.34,0.0047523
284.465,-994.101,0.00470852
288.116,-986.799,0.00467394
293.505,-985.21,0.00466642
300.344,-989.419,0.00468635
308.112,-995.405,0.0047147
312.343,-989.892,0.00468859
317.748,-988.17,0.00468043
324.389,-990.22,0.00469014
329.511,-988.527,0.00468213
334.908,-986.712,0.00467353
342.255,-990.538,0.00469165
348.99,-992.426,0.00470059
353.45,-988.723,0.00468305
358.848,-986.777,0.00467383
366.222,-990.463,0.0046913
384.298,-990.03,0.00468924
116.895,-227.753,0.00107875
113.611,-102.476,0.000485376
114.052,-100.48,0.000475918
113.28,-98.3239,0.000465708
113.798,-96.1821,0.000455563
113.628,-94.8303,0.000449161
114.144,-94.2079,0.000446213
113.98,-92.8303,0.000439688
113.103,-90.7348,0.000429762
113.597,-90.1154,0.000426829
114.088,-89.4932,0.000423882
113.878,-88.1355,0.000417451
113.638,-86.8062,0.000411154
113.469,-85.3746,0.000404374
113.228,-84.0262,0.000397987
113.686,-83.4061,0.00039505
113.417,-82.077,0.000388755
113.864,-81.4559,0.000385813
113.552,-80.168,0.000379713
113.342,-78.7243,0.000372875
113.771,-78.1037,0.000369936
113.427,-76.8324,0.000363914
113.094,-75.5359,0.000357773
112.813,-74.1497,0.000351207
113.217,-73.532,0.000348282
113.617,-72.9123,0.000345346
113.245,-71.6354,0.000339299
113.635,-71.0155,0.000336362
113.23,-69.7704,0.000330465
112.88,-68.4251,0.000324093
112.472,-67.1642,0.000318121
112.831,-66.5594,0.000315257
113.193,-65.9418,0.000312331
112.809,-64.6074,0.000306011
113.16,-63.99,0.000303087
112.702,-62.7644,0.000297281
113.043,-62.1475,0.00029436
112.619,-60.836,0.000288148
112.949,-60.2197,0.000285229
113.277,-59.6015,0.000282301
113.601,-58.9816,0.000279365
113.093,-57.7847,0.000273696
112.622,-56.4999,0.00026761
112.929,-55.8836,0.000264691
114.025,-55.923,0.000264877
113.528,-54.6569,0.000258881
112.983,-53.4769,0.000253292
113.274,-52.8586,0.000250363
112.747,-51.6157,0.000244476
113.027,-50.9987,0.000241554
113.304,-50.3803,0.000238625
112.714,-49.2402,0.000233225
112.981,-48.6236,0.000230304
112.429,-47.3673,0.000224354
112.686,-46.7522,0.00022144
112.94,-46.1357,0.00021852
113.191,-45.5178,0.000215594
113.433,-44.9095,0.000212712
113.677,-44.2889,0.000209773
113.067,-43.0924,0.000204106
113.3,-42.4738,0.000201176
112.636,-41.3894,0.000196039
112.861,-40.7732,0.000193121
113.082,-40.1559,0.000190197
113.3,-39.5373,0.000187267
113.514,-38.9176,0.000184332
112.85,-37.7612,0.000178855
113.062,-37.1222,0.000175828
113.263,-36.5038,0.000172899
112.575,-35.367,0.000167515
112.767,-34.7512,0.000164598
112.955,-34.1345,0.000161677
113.14,-33.5167,0.000158751
113.321,-32.8979,0.00015582
113.499,-32.2781,0.000152884
112.777,-31.1513,0.000147547
112.945,-30.5346,0.000144626
113.11,-29.9169,0.0001417
113.272,-29.2983,0.000138771
113.431,-28.6789,0.000135836
112.644,-27.7,0.0001312
112.794,-27.084,0.000128283
112.94,-26.4672,0.000125361
113.083,-25.8496,0.000122436
113.223,-25.2312,0.000119507
113.357,-24.623,0.000116626
113.489,-24.0032,0.00011369
112.684,-22.965,0.000108773
112.807,-22.3489,0.000105855
112.928,-21.7321,0.000102933
113.045,-21.1146,0.000100009
113.159,-20.4965,9.70811e-05
113.269,-19.8779,9.41508e-05
113.38,-19.2368,9.11146e-05
113.483,-18.6169,8.81784e-05
112.629,-17.6241,8.34759e-05
112.724,-17.0083,8.05593e-05
112.815,-16.3921,7.76405e-05
112.903,-15.7753,7.47191e-05
112.988,-15.1581,7.17958e-05
113.068,-14.5512,6.89214e-05
113.145,-13.9331,6.59939e-05
112.255,-12.9503,6.13388e-05
112.325,-12.3367,5.84322e-05
112.39,-11.7226,5.55238e-05
112.453,-11.1083,5.2614e-05
112.512,-10.4936,4.97024e-05
112.566,-9.88937,4.68407e-05
112.619,-9.27405,4.39262e-05
112.668,-8.6585,4.10107e-05
112.713,-8.04264,3.80937e-05
112.756,-7.4266,3.51758e-05
112.795,-6.81028,3.22566e-05
112.83,-6.1938,2.93367e-05
112.862,-5.5771,2.64157e-05
112.891,-4.96027,2.34942e-05
112.916,-4.35407,2.06229e-05
112.938,-3.73697,1.77e-05
112.957,-3.11971,1.47764e-05
112.972,-2.50241,1.18526e-05
112.985,-1.85249,8.77425e-06
112.993,-1.235,5.84953e-06
112.998,-0.617526,2.92489e-06
x,y,z
113,-0.0108337,0.0187646
112.998,-0.319593,0.553553
112.993,-0.628342,1.08832
112.984,-0.937073,1.62306
111.967,-1.3582,2.35249
112.957,-1.55444,2.69238
112.939,-1.86306,3.22693
112.917,-2.17162,3.76138
112.892,-2.47471,4.28634
112.863,-2.78314,4.82055
111.818,-3.18741,5.52078
112.795,-3.39973,5.88853
112.756,-3.70788,6.42226
112.696,-4.14018,7.17103
112.649,-4.44805,7.70427
112.6,-4.75038,8.22794
112.546,-5.05798,8.76071
112.489,-5.36542,9.29322
112.429,-5.67271,9.82545
112.369,-5.96366,10.3294
112.302,-6.27061,10.861
112.232,-6.57736,11.3924
112.158,-6.88393,11.9234
113.101,-7.14549,12.3764
113.021,-7.45442,12.9115
111.919,-7.79698,13.5048
111.832,-8.10266,14.0343
112.766,-8.36361,14.4863
112.675,-8.66621,15.0104
112.578,-8.97395,15.5434
112.479,-9.28142,16.076
112.375,-9.58862,16.608
112.269,-9.89553,17.1396
113.188,-10.1669,17.6096
113.075,-10.476,18.145
111.936,-10.7983,18.7034
112.84,-11.0933,19.2142
112.717,-11.4014,19.7479
112.59,-11.7092,20.2811
112.463,-12.0113,20.8043
112.337,-12.3023,21.3083
112.201,-12.609,21.8396
112.061,-12.9154,22.3703
111.919,-13.2214,22.9003
112.796,-13.5365,23.4461
112.655,-13.8284,23.9515
112.502,-14.136,24.4843
112.346,-14.4431,25.0164
113.188,-14.812,25.6552
113.024,-15.121,26.1904
112.857,-15.4296,26.725
112.687,-15.7377,27.2587
112.513,-16.0454,27.7916
112.336,-16.3526,28.3236
112.156,-16.6593,28.8549
113.004,-16.986,29.4207
112.817,-17.2945,29.955
112.626,-17.6025,30.4885
112.432,-17.91,31.0211
112.238,-18.2115,31.5434
113.065,-18.5556,32.1394
112.864,-18.8589,32.6647
112.657,-19.167,33.1983
112.445,-19.4745,33.731
113.262,-19.8229,34.3344
113.043,-20.1321,34.8699
112.822,-20.4406,35.4044
113.349,-21.1717,36.6705
112.884,-21.7844,37.7318
113.673,-22.1498,38.3648
76.1121,-34.6984,60.0997
75.7317,-34.9059,60.459
75.3692,-35.1015,60.7977
74.9845,-35.3069,61.1535
73.6638,-35.2761,61.1002
73.2772,-35.4768,61.4479
73.8236,-35.9132,62.2038
73.43,-36.1144,62.5522
72.1111,-36.0693,62.474
71.7158,-36.2658,62.8144
72.2361,-36.7115,63.5863
71.8337,-36.9083,63.9272
71.4506,-37.0937,64.2485
71.0441,-37.2884,64.5857
70.6355,-37.482,64.9209
71.0523,-37.9721,65.7699
69.4044,-38.0526,65.9093
66.6595,-41.8493,72.4854
66.9824,-42.3595,73.3691
66.5185,-42.5419,73.685
66.0525,-42.723,73.9987
65.5846,-42.9029,74.3102
65.9092,-43.4078,75.1847
65.4338,-43.5872,75.4955
65.7216,-44.1039,76.3905
65.264,-44.2735,76.6842
64.7792,-44.4511,76.9919
65.0494,-44.9709,77.8922
63.5749,-45.495,78.7999
68.3034,-54.1262,93.7497
68.4495,-54.6708,94.693
67.8615,-54.8538,95.0099
67.8993,-55.4293,96.0067
67.2925,-55.614,96.3266
67.4444,-56.152,97.2585
66.8297,-56.3354,97.5762
66.8166,-56.9198,98.5884
66.9486,-57.4605,99.5248
66.9073,-58.0503,100.546
66.3053,-58.2227,100.845
66.2595,-58.8103,101.863
66.3637,-59.3544,102.805
66.2892,-59.9472,103.832
66.2514,-60.5282,104.838
66.3337,-61.0753,105.786
66.2322,-61.6709,106.818
66.1687,-62.2548,107.829
66.0843,-62.8426,108.847
65.3965,-63.0222,109.158
65.4185,-63.5793,110.123
65.3107,-64.1686,111.144
65.1936,-64.7586,112.166
65.0424,-65.3556,113.2
64.9195,-65.9438,114.219
64.7749,-66.5359,115.244
64.634,-67.1255,116.265
64.5879,-67.691,117.245
64.4168,-68.285,118.274
74.3595,-96.0553,166.373
76.2305,-101.585,175.95
76.6126,-103.114,178.6
76.7346,-104.691,181.33
77.0137,-106.236,184.007
76.7697,-107.343,185.924
76.8198,-108.926,188.666
76.8011,-110.518,191.424
76.4736,-111.633,193.354
76.7083,-113.177,196.03
76.6156,-114.776,198.798
76.2273,-115.893,200.734
76.1515,-117.484,203.488
75.7227,-118.603,205.427
75.2986,-119.719,207.361
75.0595,-121.328,210.147
74.886,-122.924,212.911
74.6626,-124.524,215.683
74.4365,-126.123,218.452
73.8809,-127.246,220.397
73.5321,-128.857,223.188
73.2052,-130.462,225.968
72.8767,-132.065,228.744
72.4963,-133.672,231.528
72.3724,-135.76,235.144
71.8815,-137.376,237.943
71.6644,-139.47,241.57
71.4389,-141.563,245.195
71.6402,-144.115,249.615
68.342,-147.082,254.755
70.3564,-158.646,274.784
118.182,-294.122,509.436
113.751,-292.521,506.664
110.181,-291.845,505.492
106.629,-291.158,504.303
103.446,-291.445,504.8
100.766,-292.695,506.964
96.9082,-290.993,504.016
94.0441,-292.24,506.177
91.2118,-293.477,508.319
85.1391,-285.847,495.103
80.0017,-281.168,486.999
76.5464,-279.39,483.919
73.2311,-278.603,482.557
69.9352,-277.807,481.178
65.9966,-276.034,478.106
62.7521,-275.217,476.691
59.5275,-274.39,475.259
56.7324,-275.543,477.256
41.6021,-287.247,497.528
35.933,-276.416,478.768
32.7263,-274.512,475.47
29.7256,-274.597,475.618
26.6267,-273.676,474.022
23.0782,-272.755,472.428
20.0231,-271.815,470.799
17.1042,-271.865,470.885
14.0805,-270.908,469.228
11.2753,-270.941,469.285
8.31385,-270.967,469.331
5.33242,-269.986,467.631
2.37269,-268.997,465.918
-0.972713,-266.999,462.457
-3.34024,-267.994,464.181
-6.36282,-271.981,471.086
-8.80563,-274.964,476.253
-11.8107,-274.936,476.205
-15.2274,-271.893,470.934
-17.895,-268.85,465.664
-21.241,-266.788,462.092
-24.0661,-265.727,460.254
-29.4837,-258.579,447.874
-32.6226,-265.499,459.859
-35.5695,-270.415,468.374
-38.6666,-271.311,469.927
-41.3253,-269.207,466.283
-43.9488,-268.1,464.365
-46.7041,-266.98,462.425
-49.6573,-264.838,458.715
-52.3536,-263.703,456.749
-55.235,-263.556,456.494
-58.3341,-264.395,457.948
-61.2985,-267.247,462.888
-65.1734,-271.047,469.47
-68.0585,-272.886,472.654
-71.2983,-273.687,474.042
-74.3998,-274.49,475.432
-77.3988,-274.283,475.073
-80.3429,-274.071,474.706
-83.638,-274.836,476.031
-86.1715,-273.628,473.939
-88.839,-272.401,471.815
-91.8149,-272.155,471.387
-94.7881,-271.9,470.946
-97.6022,-271.651,470.514
-100.57,-271.38,470.045
-103.909,-272.083,471.264
-123.792,-295.588,511.976
-127.691,-297.219,514.801
-131.799,-298.819,517.571
-135.694,-301.459,522.144
-138.986,-301.083,521.494
-142.275,-300.699,520.828
-147.444,-304.193,526.88
-150.591,-303.808,526.212
-152.926,-301.453,522.134
-156.721,-301.999,523.079
-161.879,-306.492,530.862
-167.311,-309.907,536.776
-170.696,-309.445,535.976
-174.981,-310.924,538.539
-178.822,-312.458,541.195
-182.175,-311.974,540.356
-187.295,-314.346,544.466
-194.701,-321.587,557.007
-198.803,-322.006,557.732
-198.6,-314.705,545.086
-200.2,-311.301,539.192
-204.222,-311.7,539.882
-206.993,-310.189,537.264
-210.202,-309.649,536.329
-213.583,-309.07,535.326
-216.294,-307.538,532.674
-218.305,-305.059,528.38
-217.99,-298.737,517.429
-217.525,-292.428,506.502
-218.596,-289.023,500.605
-220.092,-285.527,494.549
-221.021,-282.128,488.661
-222.568,-279.672,484.408
-224.872,-278.133,481.742
-226.865,-275.566,477.296
-229.873,-274.942,476.216
-232.875,-274.31,475.12
-234.921,-272.785,472.479
-237.046,-271.234,469.793
-239.196,-269.668,467.081
-242.14,-269.011,465.942
-244.922,-268.38,464.85
-247.851,-267.707,463.684
-251.624,-267.931,464.072
-254.548,-267.239,462.874
-257.312,-266.577,461.726
-261.101,-266.768,462.058
-265.79,-267.842,463.918
-266.018,-264.432,458.011
-266.936,-261.958,453.726
-272.548,-263.89,457.073
-275.378,-263.155,455.799
-278.25,-262.398,454.489
-282.855,-263.437,456.287
-287.236,-264.527,458.176
-286.667,-260.123,450.549
-285.606,-255.844,443.136
-287.853,-254.065,440.055
-295.816,-255.241,442.092
-300.356,-252.749,437.776
-299.371,-248.383,430.213
-299.998,-245.854,425.832
-307.41,-249.446,432.055
-309.595,-247.591,428.842
-305.741,-241.715,418.665
-303.486,-236.505,409.641
-308.244,-237.35,411.104
-314.675,-240.028,415.743
-321.716,-242.498,420.021
-326.078,-243.448,421.666
-329.856,-243.381,421.55
-334.773,-244.126,422.84
-338.576,-244.029,422.672
-341.191,-243.117,421.092
-341.39,-240.599,416.732
-338.725,-235.406,407.737
-336.586,-231.243,400.526
-341.479,-231.93,401.716
-345.07,-231.845,401.57
-349.96,-232.514,402.727
-354.561,-233.282,404.057
-358.324,-233.102,403.746
-365.641,-235.33,407.605
-372.74,-237.634,411.596
-377.817,-238.179,412.539
-382.78,-238.758,413.543
-391.264,-241.762,418.745
-399.718,-244.77,423.955
-1569.12,-900.055,1558.95
-1589.34,-901.832,1562.03
-1612.47,-904.943,1567.41
-1616.99,-897.551,1554.61
-1629.47,-894.598,1549.5
-1655.48,-898.96,1557.05
-1674.28,-901.162,1560.86
-1692.15,-901.029,1560.63
-1712.98,-902.194,1562.65
-1730.61,-902.077,1562.45
-1746.01,-900.207,1559.21
-1764.23,-899.707,1558.34
-1782.48,-899.134,1557.35
-1795.11,-895.663,1551.34
-1813.42,-894.96,1550.12
-1840.34,-898.374,1556.04
-1861.13,-899.157,1557.39
-1882.49,-899.586,1558.13
-1895.03,-895.893,1551.74
-1910.64,-893.434,1547.48
-1929.18,-892.275,1545.47
-1941.86,-888.34,1538.66
-1969.33,-891.073,1543.39
-1996.41,-893.969,1548.41
-2021.12,-895.131,1550.42
-2036.89,-892.231,1545.4
-2055.69,-890.581,1542.54
-2078.52,-892.654,1546.13
-2088.25,-886.962,1536.27
-2104.04,-883.815,1530.82
-2135.2,-887,1536.33
-2166.5,-890.04,1541.6
-2207.41,-877.456,1519.8
-2232.69,-877.592,1520.04
-2232.61,-867.903,1503.26
-2229.38,-856.914,1484.22
-2222.79,-844.758,1463.17
-2216,-832.665,1442.22
-2215.43,-823.019,1425.52
-2217.48,-814.904,1411.46
-2213.41,-804.13,1392.8
-2217.34,-794.568,1376.24
-2222.73,-787.342,1363.72
-2221.03,-778.134,1347.77
-2216.34,-767.499,1329.35
-2218.1,-759.172,1314.93
-2223.05,-751.98,1302.47
-2217.93,-741.448,1284.23
-2212.66,-730.966,1266.08
-2220.47,-725.016,1255.77
-2218.28,-715.685,1239.61
-2212.17,-705.63,1222.19
-2213.08,-697.443,1208.01
-2217.28,-690.328,1195.69
-2211.16,-680.068,1177.92
-2208.31,-670.9,1162.04
-2205.32,-661.769,1146.22
-2205.64,-653.694,1132.23
-2202.39,-644.626,1116.53
-2202.11,-636.913,1103.17
-2209.04,-630.887,1092.73
-2208.81,-622.982,1079.04
-2208.6,-614.992,1065.2
-2208.28,-607.021,1051.39
-2200.82,-597.162,1034.32
-2207.31,-591.14,1023.89
-2203.13,-582.296,1008.57
-2194.95,-572.883,992.266
-2197.62,-565.961,980.277
-2193.07,-557.23,965.154
-2199.13,-551.229,954.76
-2198.79,-542.596,939.807
-2197.49,-534.829,926.355
-2196.09,-527.086,912.943
-2190.97,-518.51,898.09
-2196.61,-512.516,887.707
-2198.44,-505.776,876.033
-2193.01,-497.283,861.323
-2187.46,-488.835,846.691
-2188.83,-482.36,835.475
-2190.4,-475.576,823.724
-2184.53,-467.224,809.258
-2189.61,-461.248,798.907
-2190.92,-454.491,787.205
-2192.15,-447.742,775.515
-2193.3,-440.999,763.836
-2186.85,-432.896,749.801
-2187.66,-426.399,738.547
-2181,-418.371,724.642
-2181.8,-411.699,713.086
-2182.51,-405.035,701.544
-2183.15,-398.38,690.017
-2179.94,-391.058,677.335
-2176.64,-383.765,664.704
-2177.02,-377.158,653.258
-2177.11,-370.872,642.372
-2177.34,-364.283,630.96
-2177.49,-357.704,619.564
-2181.3,-351.854,609.431
-2181.3,-345.285,598.053
-2181.22,-338.726,586.693
-2181.06,-332.178,575.352
-2176.99,-325.069,563.039
-2180.33,-319.43,553.271
-2179.94,-312.916,541.988
-2179.48,-306.413,530.725
-2175.08,-299.392,518.563
-2166.74,-291.883,505.558
-2166.03,-285.449,494.413
-2169.06,-279.63,484.335
-2172.08,-273.699,474.062
-2167.74,-265.869,460.5
-2166.72,-259.476,449.427
-2165.58,-253.2,438.557
-2164.41,-246.835,427.531
-2163.18,-240.483,416.53
-2169.55,-235.304,407.56
-2172.08,-229.372,397.286
-2166.72,-222.629,385.606
-2161.28,-215.921,373.988
-2163.61,-210.013,363.754
-2169.8,-204.468,354.151
-2160.2,-197.458,342.008
-2158.39,-191.203,331.175
-2164.28,-185.952,322.08
-2162.3,-179.811,311.444
-2160.28,-173.583,300.656
-2166.1,-167.984,290.959
-2167.9,-162.063,280.703
-2165.68,-155.852,269.945
-2155.47,-149.11,258.268
-2157.06,-143.219,248.063
-2154.55,-137.38,237.95
-2144.11,-130.764,226.491
-2157.43,-125.598,217.542
-2158.77,-119.701,207.329
-2152.06,-113.485,196.562
-2149.29,-107.404,186.029
-2150.43,-101.529,175.855
-2151.51,-95.6522,165.675
-2148.49,-89.9147,155.737
-2149.44,-84.0428,145.567
-2150.32,-78.1685,135.392
-2147.16,-72.1577,124.981
-2147.91,-66.2898,114.818
-2148.6,-60.4199,104.651
-2149.22,-54.6512,94.6591
-2149.79,-48.7779,84.4862
-2150.26,-43.2123,74.8462
-2150.7,-37.3363,64.6687
-2147.08,-31.4008,54.3879
-2147.39,-25.5337,44.2258
-2147.64,-19.6658,34.0623
-2147.82,-13.7974,23.8978
-2147.94,-7.9285,13.7326
-2144,-2.05557,3.56036
-2143.99,3.69992,-6.40847
-2147.91,9.57587,-16.586
-2147.78,15.4446,-26.751
-2147.58,21.3129,-36.9152
-2147.31,27.1806,-47.0784
-2147,32.7388,-56.7055
-2146.61,38.6047,-66.8656
-2142.16,44.3867,-76.8803
-2141.64,50.2392,-87.0172
-2141.06,56.0902,-97.1515
-2140.42,61.9396,-107.283
-2143.71,67.8108,-117.452
-2146.93,73.8044,-127.833
-2146.09,79.6695,-137.992
-2141.2,85.3733,-147.871
-2140.24,91.2226,-158.003
-2143.19,97.2502,-168.443
-2142.1,103.105,-178.583
-2140.94,108.956,-188.718
-2139.72,114.804,-198.848
-2142.43,120.771,-209.182
-2141.07,126.623,-219.318
-2135.69,132.225,-229.022
-2134.29,137.752,-238.594
-2136.72,143.849,-249.154
-2135.11,149.685,-259.263
-2133.45,155.517,-269.364
-2135.67,161.643,-279.975
-2137.82,167.786,-290.615
-2135.96,173.625,-300.728
-2134.06,179.356,-310.655
-2136.01,185.527,-321.343
-2137.89,191.714,-332.059
-2131.83,197.189,-341.542
-2133.57,203.385,-352.275
-2135.24,209.597,-363.034
-2129,215.032,-372.448
-2130.53,221.253,-383.223
-2131.99,227.488,-394.023
-2129.52,233.208,-403.93
-2123.04,238.585,-413.243
-2128.19,245.281,-424.84
-2129.52,251.246,-435.172
-2126.74,257.061,-445.244
-2131.66,263.829,-456.967
-2132.63,270.141,-467.899
-2133.51,276.466,-478.854
-2130.46,282.291,-488.944
-2123.48,287.585,-498.114
-2120.31,293.383,-508.156
-2124.83,300.158,-519.891
-2129.2,307.068,-531.86
-2125.81,312.881,-541.928
-2126.19,319.261,-552.978
-2126.49,325.651,-564.046
-2126.72,332.053,-575.135
-2123.06,337.859,-585.191
-2123.14,344.272,-596.298
-2123.95,349.474,-605.308
-2120.1,355.272,-615.351
-2119.97,361.705,-626.494
-2119.76,368.149,-637.655
-2123.25,375.269,-649.987
-2122.88,381.741,-661.198
-2118.75,387.435,-671.059
-2114.49,393.218,-681.076
-2117.64,400.405,-693.524
-2120.7,407.62,-706.021
-2123.66,414.864,-718.568
-2115.62,419.618,-726.803
-2111,425.393,-736.805
-2113.73,432.67,-749.409
-2108.97,438.439,-759.402
-2104.14,444.195,-769.371
-2106.61,451.514,-782.047
-2109.07,458.758,-794.595
-2107.68,465.322,-805.964
-2109.86,472.709,-818.76
-2101.02,477.639,-827.299
-2103.04,485.049,-840.132
-2104.95,492.483,-853.009
-2106.76,499.942,-865.928
-2108.48,507.426,-878.891
-2106.49,514.057,-890.376
-2108.11,521.478,-903.229
-2109.53,529.024,-916.299
-2110.85,536.592,-929.409
-2104.95,542.352,-939.385
-2102.86,548.719,-950.413
-2100.36,555.392,-961.97
-2094.26,561.122,-971.896
-2091.61,567.791,-983.446
-2088.88,574.461,-994.999
-2093.05,583.08,-1009.93
-2097.21,591.639,-1024.75
-2094.19,598.353,-1036.38
-2094.54,606.07,-1049.75
-2094.93,621.562,-1076.58
-2040.21,628.163,-1088.01
-2023.13,630.555,-1092.16
-1992.65,628.507,-1088.61
-1962.15,626.408,-1084.97
-1945.19,628.504,-1088.6
-1921.56,628.336,-1088.31
-1887.98,624.747,-1082.1
-1861.18,623.219,-1079.45
-1843.45,625.636,-1083.64
-1823.39,626.135,-1084.5
-1796.81,624.26,-1081.25
-1780.15,625.71,-1083.77
-1760.24,625.928,-1084.14
-1730.64,622.552,-1078.3
-1710.88,622.564,-1078.32
-1687.94,621.301,-1076.13
-1661.99,618.657,-1071.55
-1645.62,619.58,-1073.15
-1628.21,621.135,-1075.84
-1608.73,620.687,-1075.07
-1592.46,621.382,-1076.27
-1574.77,621.312,-1076.15
-1557.02,621.239,-1076.02
-1537.75,620.461,-1074.67
-1517,618.963,-1072.08
-1499.42,618.643,-1071.53
-1486.49,620.168,-1074.17
-1468.99,619.707,-1073.37
-1446.98,617.221,-1069.06
-1432.64,617.9,-1070.24
-1417.38,619.062,-1072.25
-1398.6,617.63,-1069.77
-1379.89,616.114,-1067.14
-1365.72,616.524,-1067.86
-1353.17,617.485,-1069.52
-1334.64,615.748,-1066.51
-1317.65,614.611,-1064.54
-1302.19,614.085,-1063.63
-1286.77,613.494,-1062.61
-1272.85,613.53,-1062.67
-1254.8,612.775,-1061.36
-1239.55,611.979,-1059.98
-1228.6,613.237,-1062.16
-1219.41,614.989,-1065.2
-1202.87,613.314,-1062.29
-1187.8,612.285,-1060.51
-1175.55,612.635,-1061.12
-1157.82,610.034,-1056.61
-1148.52,611.676,-1059.46
-1139.09,613.339,-1062.34
-1122.9,611.287,-1058.78
-1112.17,612.125,-1060.24
-1097.44,610.692,-1057.75
-1081.49,609.768,-1056.15
-1070.86,610.458,-1057.35
-1057.61,609.598,-1055.86
-1043.12,607.925,-1052.96
-1031.64,607.568,-1052.34
-1018.55,606.548,-1050.58
-1008.07,607.014,-1051.38
-997.616,607.441,-1052.12
-987.18,607.829,-1052.79
-974.376,606.572,-1050.62
-962.757,606.093,-1049.79
-949.942,604.782,-1047.52
-943.318,607.369,-1052
-932.945,608.843,-1054.55
-919.031,606.601,-1050.67
-906.393,605.101,-1048.07
-895.005,604.354,-1046.78
-883.661,603.563,-1045.41
-873.881,603.412,-1045.14
-863.78,603.352,-1045.04
-854.862,604.07,-1046.28
-842.516,602.3,-1043.22
-831.371,601.302,-1041.49
-822.645,601.874,-1042.48
-811.578,600.798,-1040.62
-801.394,601.805,-1042.36
-791.622,601.441,-1041.73
-780.675,600.242,-1039.65
-771.941,600.684,-1040.42
-762.148,600.251,-1039.67
-751.326,598.936,-1037.39
-735.287,593.33,-1027.68
-731.935,604.909,-1047.74
-716.08,599.174,-1037.8
-707.487,599.399,-1038.19
-697.904,598.732,-1037.04
-687.474,597.13,-1034.26
-678.961,597.26,-1034.49
-671.444,598.235,-1036.18
-662.957,598.311,-1036.31
-653.57,598.61,-1036.83
-645.121,598.626,-1036.85
-631.995,594.199,-1029.19
-515.031,572.772,-992.074
-496.182,576.917,-999.253
-453.315,578.157,-1001.4
-441.471,581.513,-1007.21
-441.405,591.143,-1023.89
-434.937,592.34,-1025.97
-421.295,593.739,-1028.39
-413.165,591.989,-1025.36
-405.391,591.217,-1024.02
-397.009,589.473,-1021
-389.304,588.65,-1019.58
-382.865,589.705,-1021.4
-375.312,588.819,-1019.87
-368.274,588.881,-1019.98
-361.832,589.878,-1021.7
-354.804,589.901,-1021.74
-347.786,589.902,-1021.74
-341.333,590.843,-1023.37
-332.877,589.971,-1021.86
-325.891,589.908,-1021.75
-318.917,589.824,-1021.61
-310.931,587.786,-1018.08
-304.002,587.659,-1017.86
-297.084,587.511,-1017.6
-290.178,587.343,-1017.31
-283.286,587.155,-1016.99
-270.886,588.616,-1019.52
-232.793,549.813,-952.307
-233.881,580.334,-1005.17
-229.841,586.852,-1016.46
-223.049,586.489,-1015.83
-216.273,586.106,-1015.17
-209.624,585.694,-1014.46
-203.22,586.258,-1015.43
-196.816,585.79,-1014.62
-189.769,584.345,-1012.12
-183.379,584.855,-1013
-176.985,585.347,-1013.85
-170.296,584.832,-1012.96
-163.624,584.299,-1012.04
-157.235,584.737,-1012.8
-150.587,584.166,-1011.81
-143.955,583.576,-1010.79
-137.687,583.954,-1011.44
-131.079,583.328,-1010.36
-124.914,584.672,-1012.69
-118.858,584.987,-1013.23
-112.08,583.313,-1010.33
-104.294,582.67,-1009.22
-97.9239,582.946,-1009.7
-91.3948,582.208,-1008.42
-85.1755,583.446,-1010.56
-78.663,582.672,-1009.22
-72.504,581.87,-1007.83
-66.1436,582.06,-1008.16
-59.7807,582.232,-1008.46
-53.4166,582.386,-1008.73
-47.0503,582.524,-1008.96
-40.7248,581.642,-1007.44
-34.3078,580.745,-1005.88
-28.0084,581.83,-1007.76
-21.6486,581.898,-1007.88
-15.2624,580.948,-1006.24
-9.23054,579.98,-1004.56
-2.89175,579.997,-1004.59
3.44767,579.996,-1004.59
9.78645,579.978,-1004.55
16.1255,579.942,-1004.49
22.13,579.893,-1004.41
28.4679,579.824,-1004.29
34.6933,579.739,-1004.14
41.0294,579.635,-1003.96
47.0304,579.522,-1003.76
53.3639,579.384,-1003.53
59.6952,579.23,-1003.26
66.0253,579.058,-1002.96
77.5356,572.688,-991.928
84.4876,586.479,-1015.82
90.8337,577.214,-999.768
96.8089,576.972,-999.348
103.114,576.698,-998.875
109.604,577.404,-1000.1
115.803,577.101,-999.572
121.777,576.794,-999.039
128.079,576.452,-998.448
134.609,577.087,-999.547
140.915,576.71,-998.895
146.884,576.338,-998.25
153.181,575.928,-997.54
159.473,575.501,-996.8
166.046,576.046,-997.745
172.636,576.573,-998.657
178.297,575.13,-996.158
184.898,575.622,-997.01
191.514,576.094,-997.828
197.697,575.572,-996.924
203.654,575.053,-996.024
209.936,574.487,-995.045
216.582,574.888,-995.739
222.862,574.288,-994.699
228.315,574.771,-995.537
234.994,575.119,-996.139
240.946,574.503,-995.072
247.111,573.848,-993.937
253.811,574.14,-994.444
260.525,574.414,-994.917
266.921,574.706,-995.423
273.199,573.968,-994.145
279.941,574.184,-994.52
286.213,573.411,-993.18
292.146,572.662,-991.883
298.906,572.823,-992.162
305.678,572.964,-992.406
312.462,573.085,-992.616
318.391,572.268,-991.201
324.641,571.39,-989.68
331.438,571.455,-989.792
338.137,571.516,-989.898
346.937,575.42,-996.66
113.559,50.5179,-87.4999
114.007,49.506,-85.7472
113.9,48.8024,-84.5286
113.844,48.0636,-83.2489
113.709,47.366,-82.0406
114.225,47.0546,-81.5012
114.034,46.3822,-80.3366
113.856,45.6965,-79.149
113.674,45.0085,-77.9574
113.954,44.0185,-76.2425
113.705,43.3594,-75.1009
113.567,42.6219,-73.8235
114.031,42.3109,-73.285
113.75,41.6594,-72.1564
113.48,40.9949,-71.0055
113.926,40.6842,-70.4673
113.644,40.0186,-69.3144
113.403,39.3186,-68.102
113.831,39.0081,-67.5642
113.508,38.3563,-66.4352
113.159,37.719,-65.3315
113.592,37.3929,-64.7667
113.294,36.7062,-63.5773
112.935,36.0615,-62.4607
113.327,35.7524,-61.9253
112.921,35.1345,-60.8549
113.304,34.8254,-60.3195
114.477,34.8242,-60.3175
114.058,34.2041,-59.2435
113.712,33.5173,-58.0539
113.269,32.9057,-56.9945
113.627,32.5957,-56.4576
113.246,31.9189,-55.2854
112.792,31.301,-54.2152
113.126,30.9978,-53.6899
112.7,30.3423,-52.5546
113.03,30.0339,-52.0205
113.357,29.7246,-51.4848
112.853,29.1252,-50.4465
113.17,28.8164,-49.9116
112.698,28.1743,-48.7995
113.004,27.8659,-48.2653
113.307,27.5567,-47.7298
112.762,26.971,-46.7154
113.055,26.6625,-46.181
113.345,26.3532,-45.6453
112.821,25.7267,-44.56
113.095,25.4234,-44.0348
113.372,25.114,-43.4989
112.785,24.539,-42.5029
113.051,24.2304,-41.9685
113.31,23.9266,-41.4422
113.569,23.6167,-40.9054
113.002,22.992,-39.8234
113.252,22.6829,-39.288
113.498,22.3731,-38.7515
112.892,21.7736,-37.7131
113.124,21.4702,-37.1877
113.357,21.1608,-36.6517
112.696,20.6136,-35.704
112.915,20.3108,-35.1794
113.136,20.002,-34.6446
113.353,19.6925,-34.1086
113.566,19.3825,-33.5716
112.9,18.8048,-32.571
113.104,18.496,-32.0362
113.305,18.1867,-31.5004
113.502,17.8768,-30.9637
112.803,17.3161,-29.9925
112.991,17.0076,-29.4582
113.175,16.6986,-28.923
113.356,16.3891,-28.3869
112.641,15.8187,-27.399
112.813,15.5107,-26.8655
112.977,15.2077,-26.3406
113.142,14.8988,-25.8055
113.303,14.5894,-25.2696
113.461,14.2796,-24.7331
112.668,13.8014,-23.9047
112.815,13.4987,-23.3805
112.96,13.1903,-22.8463
113.103,12.8814,-22.3113
113.242,12.5722,-21.7757
112.454,12.0329,-20.8417
112.584,11.7254,-20.3091
112.71,11.4176,-19.776
112.831,11.1149,-19.2517
112.951,10.8064,-18.7174
112.124,10.2989,-17.8383
112.235,9.99238,-17.3074
112.342,9.68558,-16.776
112.446,9.37846,-16.244
112.547,9.07109,-15.7116
112.645,8.76342,-15.1787
113.875,8.02233,-13.8951
113.157,6.91773,-11.9819
111.296,6.26847,-10.8574
112.332,6.13601,-10.6279
112.396,5.83436,-10.1054
112.458,5.52718,-9.57339
112.517,5.21981,-9.041
112.572,4.9123,-8.50839
112.624,4.60463,-7.97548
112.718,3.9889,-6.909
112.94,1.83598,-3.18002
111.965,1.3904,-2.40825
111.979,1.08446,-1.87834
111.989,0.783826,-1.35763
111.996,0.477831,-0.827631
111.999,0.171796,-0.29756
111.014,-7.41418,-12.8416
111.951,-7.67899,-13.3003
111.866,-7.98477,-13.8299
112.798,-8.25555,-14.2989
112.708,-8.55824,-14.8232
112.612,-8.86607,-15.3564
112.514,-9.17364,-15.8891
112.412,-9.48094,-16.4213
112.307,-9.78795,-16.9531
112.198,-10.0947,-17.4844
112.086,-10.4011,-18.0151
111.971,-10.7072,-18.5453
111.852,-11.013,-19.0749
112.76,-11.2934,-19.5607
112.635,-11.6014,-20.094
112.507,-11.909,-20.6268
112.377,-12.2108,-21.1496
112.235,-12.5338,-21.7091
112.096,-12.8403,-22.2399
112.986,-13.1362,-22.7524
112.84,-13.4447,-23.2868
113.534,-14.1328,-24.4785
110.842,-18.7282,-32.4379
111.449,-19.3859,-33.577
112.261,-19.7386,-34.188
112.044,-20.0451,-34.7188
111.827,-20.3455,-35.2393
112.62,-20.7164,-35.8816
112.392,-21.0238,-36.414
112.161,-21.3306,-36.9454
112.905,-21.7575,-37.6849
112.665,-22.0657,-38.2187
112.427,-22.3678,-38.7419
112.18,-22.6747,-39.2734
112.945,-23.0626,-39.9452
112.691,-23.3708,-40.4792
112.434,-23.6784,-41.0119
112.173,-23.9853,-41.5434
112.921,-24.3823,-42.2311
112.652,-24.6905,-42.7649
112.381,-24.9979,-43.2974
112.106,-25.3046,-43.8286
111.828,-25.6106,-44.3585
112.513,-26.0617,-45.1399
112.226,-26.3688,-45.6717
111.937,-26.675,-46.2022
112.648,-27.0901,-46.9211
112.35,-27.3975,-47.4535
112.049,-27.7041,-47.9845
112.703,-28.1691,-48.79
112.081,-28.7833,-49.8538
112.443,-29.5196,-51.1291
112.119,-29.8264,-51.6605
111.797,-30.127,-52.1811
112.39,-30.6285,-53.0498
112.054,-30.9352,-53.5809
111.714,-31.2409,-54.1104
111.371,-31.5457,-54.6383
112.033,-31.9749,-55.3817
111.682,-32.2805,-55.9111
112.247,-32.7894,-56.7925
112.895,-33.2258,-57.5483
112.53,-33.5338,-58.0818
112.162,-33.8407,-58.6135
112.703,-34.3588,-59.5107
112.326,-34.6662,-60.0432
112.928,-35.1293,-60.8454
112.543,-35.4374,-61.3789
112.154,-35.7444,-61.9106
112.287,-36.5639,-63.3301
112.392,-37.3935,-64.767
112.957,-37.8711,-65.5942
112.611,-39.0124,-67.5709
113.07,-39.5577,-68.5155
113.606,-40.0461,-69.3614
113.167,-40.3559,-69.898
112.724,-40.6646,-70.4326
112.278,-40.972,-70.965
112.728,-41.5103,-71.8974
383.101,-594.926,-1030.43
368.354,-584.681,-1012.69
359.117,-580.884,-1006.11
352.183,-580.9,-1006.14
345.259,-580.895,-1006.13
338.346,-580.869,-1006.09
331.992,-581.785,-1007.67
325.425,-581.674,-1007.48
318.534,-581.59,-1007.34
311.138,-580.52,-1005.48
304.281,-580.394,-1005.26
296.94,-579.279,-1003.33
290.604,-580.082,-1004.72
283.896,-579.882,-1004.38
277.554,-580.649,-1005.71
270.628,-579.412,-1003.56
263.847,-579.168,-1003.14
257.947,-580.857,-1006.07
251.172,-580.576,-1005.58
244.41,-580.275,-1005.06
237.663,-579.954,-1004.5
230.93,-579.614,-1003.91
224.592,-580.236,-1004.99
218.211,-579.827,-1004.28
211.982,-580.405,-1005.28
205.635,-580.975,-1006.27
198.945,-580.543,-1005.52
192.27,-580.091,-1004.74
185.927,-580.608,-1005.64
179.273,-580.119,-1004.79
172.635,-579.611,-1003.91
166.631,-580.05,-1004.67
160.289,-580.497,-1005.44
152.456,-580.016,-1004.61
146.115,-580.423,-1005.32
139.863,-579.801,-1004.24
133.524,-580.175,-1004.88
127.181,-580.531,-1005.5
120.628,-579.875,-1004.37
114.288,-580.196,-1004.92
107.871,-579.499,-1003.71
101.536,-579.785,-1004.21
95.1975,-580.053,-1004.67
89.037,-579.295,-1003.36
82.5618,-578.532,-1002.04
76.2375,-578.749,-1002.42
70.0315,-579.947,-1004.49
63.2534,-576.136,-997.889
52.9735,-587.406,-1017.41
44.6968,-579.572,-1003.84
38.6285,-578.681,-1002.3
32.3031,-578.778,-1002.47
25.9769,-578.857,-1002.6
19.6499,-578.92,-1002.71
13.3223,-578.965,-1002.79
6.98226,-577.993,-1001.11
0.665001,-578.003,-1001.12
-5.66206,-578.996,-1002.84
-11.6571,-578.974,-1002.8
-17.9538,-577.933,-1001
-24.312,-578.876,-1002.63
-30.5275,-578.802,-1002.51
-36.8531,-578.71,-1002.35
-43.1775,-578.601,-1002.16
-49.5006,-578.474,-1001.94
-55.8223,-578.33,-1001.69
-61.8098,-578.178,-1001.43
-68.1281,-578,-1001.12
-74.5729,-578.803,-1002.51
-80.8978,-578.591,-1002.14
-87.2203,-578.361,-1001.74
-93.4293,-578.119,-1001.32
-99.7465,-577.855,-1000.87
-106.061,-577.574,-1000.38
-112.04,-577.291,-999.891
-118.552,-577.971,-1001.07
-124.867,-577.639,-1000.49
-131.404,-578.283,-1001.61
-137.722,-577.915,-1000.97
-144.779,-580.507,-1005.46
-151.121,-580.103,-1004.76
-156.921,-577.699,-1000.6
-162.901,-577.285,-999.88
-169.387,-577.829,-1000.82
-175.7,-577.358,-1000.01
-182.319,-577.857,-1000.87
-188.632,-577.35,-999.992
-194.939,-576.826,-999.085
-200.367,-577.376,-1000.04
-206.564,-576.83,-999.091
-213.229,-577.24,-999.802
-219.535,-576.649,-998.778
-225.502,-576.073,-997.78
-232.19,-576.428,-998.396
-238.487,-575.785,-997.282
-245.192,-576.103,-997.833
-251.912,-576.401,-998.349
-259.226,-547.88,-948.949
-290.11,-573.957,-994.115
-297.38,-575.092,-996.081
-304.173,-575.238,-996.334
-310.455,-574.398,-994.879
-317.261,-574.505,-995.065
-323.747,-574.639,-995.296
-330.576,-574.706,-995.414
-337.979,-575.714,-997.158
-342.545,-571.908,-990.566
-351.017,-574.806,-995.585
-360.266,-578.612,-1002.18
-365.375,-575.712,-997.156
-371.946,-575.711,-997.153
-378.858,-575.636,-997.023
-385.779,-575.54,-996.857
-392.064,-574.477,-995.016
-398.993,-574.342,-994.782
-405.264,-573.243,-992.879
-412.877,-574.009,-994.206
-420.409,-574.771,-995.525
-433.325,-573.437,-993.215
-440.855,-575.214,-996.293
-453.808,-573.766,-993.784
-469.597,-565.17,-978.896
-2128.04,-2204.68,-3818.59
-2158.33,-2175,-3767.19
-2012.01,-1974.5,-3419.91
-2018.88,-1954.76,-3385.71
-2242.91,-1775.49,-3075.22
-2281.58,-1763.13,-3053.81
-2172.26,-1617.11,-2800.9
-1843.24,-1322.56,-2290.73
-2012.73,-1347.73,-2334.32
-2074.85,-1374.43,-2380.56
-2128.68,-1394.17,-2414.76
-2165.91,-1405.1,-2433.69
-1952.51,-1209.07,-2094.16
-2083.24,-1261.56,-2185.07
-2119.34,-1269.97,-2199.64
-2135.77,-1265.69,-2192.23
-2146.98,-1258.32,-2179.45
-1019.11,-543.491,-941.348
-1024.72,-540.846,-936.766
-1037.54,-541.649,-938.156
-1128.98,-565.469,-979.413
-1142.25,-565.895,-980.151
-1154.13,-565.565,-979.58
-1120.23,-537.077,-930.237
-1117.27,-529.932,-917.863
-1118.12,-523.652,-906.986
-1119.42,-518.551,-898.149
-1120.65,-513.457,-889.328
-1114.39,-505.015,-874.706
-1127.24,-505.354,-875.293
-1141.73,-506.248,-876.84
-1147.24,-503.12,-871.424
-1159.99,-503.421,-871.945
-1169.26,-502.647,-870.604
-1180.73,-502.092,-869.643
-1193.66,-502.191,-869.815
-1206.72,-502.178,-869.792
-1219.91,-502.051,-869.572
-1231.59,-501.235,-868.159
-1243.28,-500.371,-866.662
-1267.41,-493.184,-854.213
-1485.71,-567.795,-983.443
-1503.07,-567.948,-983.707
-1517.56,-568.297,-984.312
-1533.39,-567.712,-983.3
-1550.87,-567.649,-983.19
-1563.53,-565.748,-979.897
-1584.33,-566.704,-981.552
-1610.1,-569.295,-986.04
-1626.02,-568.402,-984.494
-1638.79,-566.225,-980.723
-1656.52,-565.686,-979.79
-1677.27,-566.428,-981.075
-1693.41,-565.168,-978.892
-1709.58,-563.836,-976.586
-1731.5,-565.364,-979.232
-1750.77,-565.214,-978.972
-1770.41,-564.724,-978.124
-1790.09,-564.144,-977.119
-1809.82,-563.473,-975.957
-1826.17,-561.663,-972.822
-1852.79,-562.896,-974.958
-1876.06,-562.971,-975.088
-1892.51,-560.896,-971.493
-1915.55,-561.044,-971.75
-1938,-561.645,-972.791
-1957.99,-560.315,-970.487
-1978.02,-558.893,-968.024
-2004.73,-559.615,-969.274
-2035.34,-560.886,-971.476
-2055.5,-559.14,-968.451
-2075.67,-557.299,-965.264
-2071.02,-548.909,-950.732
-2136.22,-551.319,-954.905
-2135.08,-543.658,-941.637
-2133.84,-536.021,-928.408
-2128.61,-527.824,-914.211
-2130.76,-521.121,-902.602
-2136.42,-515.291,-892.504
-2134.8,-507.728,-879.404
-2136.69,-501.038,-867.817
-2134.88,-493.514,-854.784
-2140.14,-487.775,-844.846
-2145.44,-481.92,-834.705
-2136.05,-472.813,-818.929
-2137.52,-466.169,-807.423
-2142.58,-460.322,-797.295
-2140.21,-452.902,-784.443
-2137.75,-445.508,-771.637
-2138.88,-438.901,-760.193
-2132.52,-430.802,-746.166
-2133.24,-424.537,-735.314
-2134.04,-418.074,-724.121
-2138.58,-412.237,-714.01
-2143.05,-406.387,-703.878
-2143.71,-399.827,-692.515
-2136.78,-391.897,-678.781
-2137.27,-385.374,-667.483
-2145.22,-380.196,-658.515
-2145.57,-373.671,-647.213
-2142.05,-366.508,-634.806
-2145.96,-360.752,-624.837
-2146.07,-354.256,-613.586
-2146.1,-347.771,-602.352
-2146.06,-341.295,-591.136
-2145.94,-334.83,-579.939
-2149.57,-328.962,-569.775
-2149.11,-322.818,-559.132
-2144.94,-315.811,-546.996
-2152.2,-310.5,-537.797
-2155.56,-304.614,-527.604
-2155,-298.186,-516.47
-2151.12,-290.114,-502.488
-2150.39,-283.721,-491.416
-2153.46,-277.842,-481.232
-2152.54,-271.567,-470.365
-2151.43,-265.512,-459.877
-2158.19,-260.098,-450.5
-2157.11,-253.739,-439.486
-2159.85,-247.842,-429.271
-2158.62,-241.5,-418.287
-2153.42,-234.746,-406.589
-2148.12,-228.028,-394.952
-2158.42,-222.964,-386.182
-2156.9,-216.669,-375.279
-2151.34,-210.109,-363.917
-2157.54,-204.6,-354.375
-2167.61,-199.425,-345.412
-2161.88,-192.797,-333.932
-2156.07,-186.206,-322.517
-2162.02,-180.642,-312.879
-2156.07,-174.094,-301.538
-2153.89,-168.202,-291.333
-2155.69,-162.314,-281.134
-2153.48,-156.134,-270.431
-2147.23,-149.696,-259.279
-2152.77,-144.195,-249.751
-2158.28,-138.565,-240
-2159.76,-132.666,-229.782
-2157.21,-126.529,-219.154
-2158.56,-120.633,-208.941
-2159.84,-114.733,-198.723
-2165.05,-109.031,-188.845
-2158.24,-102.734,-177.939
-2159.33,-96.8354,-167.723
-2164.33,-91.2053,-157.971
-2157.32,-84.976,-147.182
-2158.21,-79.08,-136.97
-2159,-73.4922,-127.291
-2159.77,-67.5918,-117.072
-2160.48,-61.6894,-106.848
-2161.12,-55.7852,-96.6222
-2157.7,-49.7872,-86.2333
-2158.22,-43.8907,-76.0204
-2162.66,-38.0633,-65.9271
-2163.04,-32.2571,-55.8706
-2163.36,-26.3464,-45.6329
-2159.61,-20.3971,-35.3285
-2163.81,-14.5227,-25.1538
-2163.93,-8.61009,-14.913
-2163.99,-2.69724,-4.67172
-2163.99,3.21569,5.5697
-2159.92,9.11191,15.7822
-2159.79,15.0135,26.004
-2159.61,20.604,35.6869
-2159.35,26.5046,45.907
-2163.03,32.3607,56.05
-2162.65,38.2705,66.286
-2162.2,44.1792,76.52
-2157.68,49.9939,86.5913
-2153.11,55.7856,96.6227
-2160.46,61.8967,107.207
-2159.75,67.799,117.43
-2162.97,73.8355,127.886
-2166.11,79.8916,138.375
-2165.23,85.7053,148.445
-2160.27,91.4516,158.398
-2163.22,97.5326,168.93
-2166.11,103.632,179.495
-2168.92,109.751,190.093
-2163.71,115.463,199.987
-2162.42,121.374,210.224
-2165.03,127.514,220.86
-2167.52,133.881,231.887
-2170,140.057,242.585
-2172.4,146.252,253.314
-2170.77,152.185,263.591
-2169.07,158.115,273.861
-2171.26,164.338,284.64
-2173.39,170.579,295.449
-2171.49,176.515,305.73
-2173.51,182.673,316.397
-2171.48,188.609,326.678
-2169.39,194.54,336.95
-2167.23,200.465,347.212
-2168.93,206.758,358.112
-2170.57,213.066,369.039
-2172.13,219.39,379.992
-2169.7,225.322,390.266
-2171.02,231.873,401.613
-2172.36,238.23,412.623
-2169.73,244.162,422.898
-2167.03,250.087,433.16
-2172.05,256.925,445.004
-2169.21,262.856,455.277
-2174.68,268.492,465.038
-2175.6,274.92,476.172
-2172.56,280.861,486.461
-2173.16,287.617,498.163
-2181.57,295.117,511.154
-2186.02,302.14,523.317
-2174.98,307.021,531.773
-2171.66,312.856,541.878
-2172.04,319.349,553.125
-2180.01,327.003,566.382
-2172.58,332.37,575.677
-2176.55,339.492,588.014
-2184.25,347.253,601.455
-2180.42,353.216,611.783
-2184.12,360.422,624.264
-2180.15,366.385,634.592
-2179.97,372.879,645.841
-2183.42,380.146,658.427
-2183,386.774,669.907
-2182.28,393.725,681.947
-2181.7,400.371,693.458
-2184.78,407.725,706.195
-2187.77,415.108,718.982
-2183.2,421.079,729.326
-2182.37,427.664,740.73
-2181.38,434.361,752.329
-2180.31,441.065,763.941
-2182.86,448.536,776.881
-2185.31,456.034,789.869
-2183.97,462.779,801.551
-2178.88,468.74,811.875
-2177.39,475.487,823.562
-2179.48,483.05,836.662
-2185.2,491.355,851.046
-2187.08,498.979,864.251
-2188.56,506.943,878.044
-2193.85,515.467,892.808
-2191.79,522.314,904.668
-2189.65,529.165,916.535
-2191.02,536.901,929.933
-2192.39,544.555,943.189
-2186.4,550.537,953.551
-2183.92,557.412,965.459
-2189.64,564.974,978.556
-2190.3,573.012,992.479
-2187.54,579.925,1004.45
-2188.22,587.787,1018.07
-2192.3,596.626,1033.38
-2192.75,604.539,1047.08
-2200.08,614.422,1064.2
-2196.81,621.409,1076.3
-2200.4,630.385,1091.85
-2196.94,637.392,1103.99
-2193.51,644.294,1115.94
-2196.75,653.345,1131.62
-2199.86,662.433,1147.36
-2199.42,670.516,1161.36
-2198.86,678.617,1175.39
-2198.2,686.735,1189.45
-2200.8,695.938,1205.39
-2199.49,704.414,1220.07
-2198.61,712.484,1234.05
-2204.17,722.868,1252.04
-2206.23,732.198,1268.2
-2204.84,740.446,1282.48
-2203.33,748.708,1296.79
-2201.71,756.983,1311.12
-2206.53,767.557,1329.44
-2207.93,777.028,1345.84
-2205.92,785.369,1360.29
-2203.94,793.617,1374.58
-2208.17,804.338,1393.14
-2207.5,811.569,1405.67
-2198.6,817.589,1416.1
-2208.81,830.798,1438.97
-2212.43,841.665,1457.8
-2216.04,852.47,1476.51
-2219.32,863.425,1495.49
-2219.28,873.187,1512.39
-2219.09,882.974,1529.34
-2218.75,892.786,1546.34
-2221.37,903.885,1565.56
-2217.64,912.483,1580.46
-2210.71,919.808,1593.14
-2206.74,928.41,1608.04
-2218.07,943.392,1633.99
-2219.86,954.655,1653.5
-2207.87,970.691,1681.27
-2186.52,982.698,1702.07
-2157.98,980.588,1698.42
-2135.45,981.057,1699.23
-2112.97,981.432,1699.88
-2087.83,980.245,1697.82
-2062.58,979.05,1695.75
-2048.96,983.286,1703.09
-2031.87,986.377,1708.44
-2009.64,986.31,1708.33
-1976.12,980.516,1698.29
-1948.43,977.402,1692.9
-1929.48,978.346,1694.53
-1910.38,979.308,1696.2
-1889.63,981.011,1699.15
-1870.6,981.816,1700.54
-1851.61,982.545,1701.81
-1830.12,981.65,1700.25
-1811.23,982.225,1701.25
-1789.69,981.248,1699.56
-1768.22,980.183,1697.71
-1746.83,979.03,1695.72
-1728.17,979.289,1696.17
-1709.55,979.476,1696.49
-1696.2,982.619,1701.93
-1677.65,982.675,1702.03
-1654.17,979.524,1696.57
-1633.18,977.889,1693.74
-1619.92,980.794,1698.77
-1596.53,977.461,1693
-1575.77,975.585,1689.75
-1560.09,976.75,1691.77
-1546.91,979.429,1696.41
-1528.8,978.912,1695.51
-1508.3,976.742,1691.75
-1488.26,976.865,1691.97
-1475.15,979.32,1696.22
-1462.04,981.732,1700.4
-1444.36,980.811,1698.8
-1428.91,981.509,1700.01
-1406.48,977.281,1692.69
-1386.5,974.591,1688.03
-1371.23,975.093,1688.9
-1355.99,975.54,1689.67
-1343.04,977.582,1693.21
-1327.84,977.928,1693.81
-1314.91,979.881,1697.19
-1299.94,980.063,1697.51
-1280.44,976.909,1692.04
-1265.4,977.036,1692.26
-1250.39,977.109,1692.39
-1235.42,977.13,1692.43
-1220.48,977.098,1692.37
-1201.38,973.61,1686.33
-1186.56,973.463,1686.07
-1171.78,973.263,1685.73
-1161.31,976.395,1691.15
-1148.59,977.829,1693.64
-1135.88,979.223,1696.05
-1121.19,978.841,1695.39
-1102.6,974.926,1688.61
-1085.97,975.005,1688.75
-1079.29,979.142,1695.91
-1064.59,980.881,1698.92
-1048.19,978.486,1694.78
-1033.74,977.799,1693.59
-1017.49,975.289,1689.24
-1004.98,976.277,1690.95
-994.299,979.008,1695.68
-980.188,978.087,1694.08
-965.939,977.165,1692.49
-949.986,974.396,1687.69
-937.589,975.175,1689.04
-926.917,977.722,1693.45
-912.829,976.617,1691.54
-898.795,975.463,1689.54
-795.477,891.285,1543.74
-783.309,890.699,1542.72
-772.767,891.908,1544.82
-761.438,892.167,1545.27
-750.296,892.354,1545.59
-739.003,892.543,1545.92
-727.726,892.697,1546.19
-717.214,893.744,1548
-708.17,896.621,1552.98
-699.083,899.475,1557.92
-687.1,898.569,1556.36
-673.044,894.817,1549.86
-661.173,893.829,1548.15
-94.8406,268.851,465.661
-84.7526,265.643,460.103
-80.5319,262.936,455.415
-77.0732,261.174,452.363
-73.6552,259.4,449.291
-70.0032,258.644,447.981
-66.4031,255.856,443.153
-62.4546,253.586,439.22
-59.4486,252.76,437.789
-57.0192,254.409,440.646
-54.9886,255.526,442.582
-51.2537,253.71,439.436
-48.195,252.353,437.086
-45.1672,250.987,434.72
-42.2549,250.111,433.201
-38.9809,249.24,431.694
-36.0389,247.847,429.281
-33.0611,245.946,425.989
-29.4298,242.555,420.115
-25.9964,240.15,415.949
-23.274,239.218,414.335
-20.573,238.279,412.709
-18.0059,238.832,413.666
-15.4921,240.377,416.341
-10.1943,239.447,414.731
6.5431,227.478,394
9.02933,227.456,393.963
11.1325,229.434,397.388
13.9084,225.894,391.257
16.4275,221.849,384.251
18.7245,220.302,381.572
21.4917,218.737,378.862
23.6768,217.179,376.162
25.8705,215.614,373.451
28.4,214.031,370.709
30.6052,212.451,367.973
33.0589,210.854,365.208
35.112,209.266,362.457
37.1317,207.673,359.697
39.552,206.054,356.894
41.5005,204.451,354.117
43.7263,202.826,351.303
45.6047,201.213,348.509
47.87,199.571,345.664
49.6771,197.949,342.855
51.658,195.805,339.141
53.2524,193.679,335.46
55.3486,192.017,332.581
57.0024,190.379,329.744
58.7572,188.222,326.008
60.4961,186.058,322.26
62.0862,183.392,317.642
62.9864,179.255,310.477
63.6479,173.608,300.696
64.5214,168.948,292.625
65.2608,164.292,284.56
66.1944,161.137,279.095
67.1649,158.482,274.497
68.4304,155.788,269.83
69.5767,153.611,266.06
70.5758,151.957,263.196
71.8004,150.272,260.277
73.0422,148.578,257.343
74.0921,147.417,255.332
75.5126,146.204,253.231
76.5988,145.029,251.196
78.1712,144.301,249.935
79.2478,142.598,246.985
80.1777,141.429,244.96
81.4622,140.204,242.839
82.4249,139.021,240.789
83.8922,138.279,239.504
85.0805,137.574,238.283
86.2821,136.862,237.051
87.4709,136.148,235.814
88.5684,134.919,233.685
89.6988,134.205,232.448
91.0725,133.445,231.132
91.8734,132.25,229.062
93.2615,131.476,227.722
94.3577,130.749,226.463
95.366,130.034,225.223
96.709,129.252,223.869
97.7647,128.518,222.599
99.1679,128.249,222.133
100.495,127.991,221.685
101.521,127.25,220.402
102.802,126.453,219.022
103.801,125.708,217.731
105.101,125.438,217.263
106.862,125.609,217.559
108.412,125.821,217.926
110.114,125.997,218.231
111.895,126.151,218.498
113.489,126.343,218.831
115.21,126.502,219.107
117.629,127.598,221.005
120.021,128.697,222.908
124.563,128.169,221.994
342.218,309.901,536.761
344.624,308.089,533.621
346.483,305.269,528.738
348.818,303.451,525.589
352.129,302.494,523.93
353.399,299.804,519.272
354.62,297.116,514.617
356.771,295.304,511.478
358.95,293.472,508.304
361.984,292.539,506.688
364.114,290.698,503.499
366.215,288.854,500.306
370.447,288.69,500.023
372.507,286.835,496.81
374.976,284.834,493.343
378.755,284.782,493.254
383.931,285.458,494.424
385.92,283.578,491.167
389.013,282.519,489.334
396.264,281.213,487.071
773.877,524.772,908.925
780.368,516.109,893.92
91.7888,39.4205,68.2777
91.5454,38.7927,67.1905
91.9607,38.5464,66.7639
92.3806,38.2946,66.3277
92.7977,38.0416,65.8895
93.2121,37.7874,65.4493
92.9861,37.1303,64.3112
93.3905,36.8757,63.8701
93.7922,36.62,63.4272
94.191,36.3631,62.9824
84.4661,28.5899,49.5187
84.0537,28.0001,48.4972
84.9552,27.3114,47.3044
71.7729,71.0609,-0.000336577
70.541,70.88,-0.000335721
70.1526,71.2644,-0.000337541
69.7621,71.6467,-0.000339352
70.2235,72.5925,-0.000343832
69.8257,72.9751,-0.000345644
69.4259,73.3556,-0.000347446
69.8714,74.3101,-0.000351967
69.4643,74.6908,-0.00035377
69.9643,75.591,-0.000358034
69.5502,75.9722,-0.00035984
69.1559,76.3312,-0.00036154
69.5535,77.3195,-0.000366221
69.1299,77.6985,-0.000368016
69.5386,78.6727,-0.00037263
69.1076,79.0515,-0.000374425
68.6974,79.4082,-0.000376114
69.1516,80.3371,-0.000380514
68.7116,80.7138,-0.000382298
69.0938,81.7009,-0.000386974
68.6463,82.0773,-0.000388756
68.2205,82.4316,-0.000390434
68.5625,83.4457,-0.000395238
68.1055,83.8191,-0.000397007
68.4599,84.8188,-0.000401742
67.9954,85.1917,-0.000403508
68.3386,86.1965,-0.000408267
67.8665,86.5687,-0.00041003
68.1984,87.5784,-0.000414812
67.7188,87.9498,-0.000416571
67.0628,89.7027,-0.000424874
67.3662,90.7237,-0.00042971
67.6637,91.7476,-0.00043456
67.9285,92.794,-0.000439516
67.4472,93.1444,-0.000441175
67.6999,94.1951,-0.000446152
67.873,95.3008,-0.000451389
67.3512,95.6703,-0.000453139
67.612,96.7089,-0.000458059
67.8573,97.7568,-0.000463022
67.3221,98.1261,-0.000464771
67.5459,99.1844,-0.000469784
67.667,100.31,-0.000475117
66.8137,102.078,-0.000483489
66.9959,103.153,-0.000488581
67.8237,105,-0.000497328
67.909,106.134,-0.000502699
66.9543,107.917,-0.000511146
67.7352,109.786,-0.000519997
67.1343,110.154,-0.000521743
67.1751,111.299,-0.000527165
67.3259,112.375,-0.000532262
67.3072,113.551,-0.000537829
67.4437,114.631,-0.000542947
67.4519,115.785,-0.000548413
66.8182,116.152,-0.000550151
66.8001,117.315,-0.000555657
66.9093,118.402,-0.000560809
66.8861,119.563,-0.000566305
66.8425,120.731,-0.00057184
66.8951,121.844,-0.000577112
66.8463,123.01,-0.000582635
66.7767,124.185,-0.000588197
66.7101,125.355,-0.000593738
66.7559,126.462,-0.000598983
66.636,127.654,-0.000604631
66.5435,128.829,-0.000610195
66.4297,130.012,-0.000615797
66.3194,131.19,-0.000621376
66.1874,132.375,-0.000626991
66.059,133.556,-0.000632584
66.6081,135.515,-0.000641863
66.4469,136.707,-0.000647508
66.2898,137.894,-0.000653129
66.1103,139.088,-0.000658785
64.963,141.83,-0.000671774
65.3273,143.862,-0.000681399
65.4131,147.113,-0.000696794
63.6222,165.17,-0.000782323
64.4075,186.174,-0.000881806
64.2314,188.349,-0.000892109
64.5761,191.4,-0.000906559
64.9016,194.455,-0.00092103
64.6682,196.639,-0.000931376
64.4359,198.819,-0.0009417
64.645,201.904,-0.000956309
64.3554,204.094,-0.000966685
64.3641,207.235,-0.000981561
64.0343,209.429,-0.000991955
64.2191,212.509,-0.00100654
63.872,214.701,-0.00101692
63.7672,217.859,-0.00103188
63.3803,220.054,-0.00104228
63.4193,223.164,-0.00105701
62.7999,225.416,-0.00106767
62.3334,227.619,-0.00107811
62.3077,230.735,-0.00109287
61.6237,232.988,-0.00110354
61.5536,236.108,-0.00111832
61.0306,238.309,-0.00112874
60.2591,240.568,-0.00113944
60.1473,243.687,-0.00115421
59.3305,245.945,-0.00116491
58.9598,249.118,-0.00117994
58.7563,252.247,-0.00119476
57.8932,254.498,-0.00120542
57.4228,257.679,-0.00122049
56.9505,260.856,-0.00123553
56.2175,263.06,-0.00124598
55.6963,266.237,-0.00126102
55.123,269.419,-0.00127609
54.5488,272.596,-0.00129114
53.9217,275.778,-0.00130621
53.2944,278.955,-0.00132126
52.6136,282.136,-0.00133633
52.1122,286.296,-0.00135603
51.548,290.461,-0.00137576
50.9764,294.622,-0.00139547
50.7659,299.731,-0.00141967
50.0941,303.899,-0.00143941
47.9738,309.302,-0.001465
48.2151,352.72,-0.00167065
47.2175,356.89,-0.0016904
46.1503,361.063,-0.00171016
44.5406,364.287,-0.00172543
43.2027,366.462,-0.00173574
41.5287,368.668,-0.00174619
40.1175,370.836,-0.00175645
38.2946,373.04,-0.00176689
36.4489,375.234,-0.00177728
35.0144,377.379,-0.00178744
33.2346,379.548,-0.00179771
31.2418,380.72,-0.00180327
29.4236,382.871,-0.00181346
27.8792,384.992,-0.0018235
25.9084,387.134,-0.00183365
23.9151,389.266,-0.00184375
22.3495,391.362,-0.00185367
20.3749,392.471,-0.00185893
18.3226,394.575,-0.00186889
16.7042,396.648,-0.00187871
14.6096,398.732,-0.00188858
12.608,400.802,-0.00189838
10.4695,402.864,-0.00190815
8.73582,404.906,-0.00191782
6.68864,407.945,-0.00193222
4.95274,409.97,-0.00194181
2.72546,411.991,-0.00195138
0.477435,415,-0.00196563
-1.35929,416.998,-0.0019751
-3.54343,419.985,-0.00198925
-5.82465,418.96,-0.00198439
-7.95542,416.924,-0.00197475
-16.7257,432.677,-0.00204936
-18.9655,432.584,-0.00204892
-21.477,435.471,-0.00206259
-23.8401,437.351,-0.0020715
-25.9452,440.236,-0.00208516
-28.5434,443.082,-0.00209864
-31.1735,445.912,-0.00211205
-33.3192,448.765,-0.00212556
-35.8797,451.577,-0.00213888
-38.5162,453.367,-0.00214736
-40.6043,454.189,-0.00215125
-43.4637,457.942,-0.00216903
-46.0333,459.701,-0.00217736
-48.3957,458.453,-0.00217145
-50.7452,461.217,-0.00218454
-53.8193,466.908,-0.0022115
-56.6099,468.593,-0.00221947
-58.5349,464.325,-0.00219926
-60.9409,463.007,-0.00219302
-64.0139,466.63,-0.00221018
-66.7274,471.3,-0.0022323
-69.1665,470.948,-0.00223063
-71.5884,469.574,-0.00222412
-74.1743,470.185,-0.00222702
-76.9039,470.76,-0.00222974
-82.081,470.9,-0.0022304
-95.0587,509.203,-0.00241182
-98.2178,510.64,-0.00241863
-99.6964,504.239,-0.00238831
-102.45,503.686,-0.00238569
-104.766,499.123,-0.00236408
-107.07,496.588,-0.00235207
-110.405,502.003,-0.00237772
-114.468,507.245,-0.00240255
-117.238,506.612,-0.00239955
-120.653,511.975,-0.00242495
-125.247,521.161,-0.00246846
-128.571,522.411,-0.00247438
-131.912,523.64,-0.0024802
-135.12,524.887,-0.00248611
-139.005,528.009,-0.0025009
-143.352,535.132,-0.00253464
-147.288,540.283,-0.00255903
-150.083,539.514,-0.00255539
-154.123,542.533,-0.00256969
-164.416,545.772,-0.00258503
-233.713,735.773,-0.00348497
-238.346,736.388,-0.00348788
-243.407,738.943,-0.00349998
-252.549,740.097,-0.00350544
-257.245,740.595,-0.0035078
-265.789,739.698,-0.00350355
-279.787,740.934,-0.00350941
-293.775,744.108,-0.00352444
-765.156,1778.38,-0.00842323
-777.265,1779.67,-0.00842934
-788.898,1781.11,-0.00843616
-797.799,1774.95,-0.00840697
-807.807,1772.61,-0.00839591
-817.313,1768.25,-0.00837525
-832.058,1774.62,-0.00840543
-948.047,1945.28,-0.00921374
-312.498,556.227,-0.00263455
-334.18,552.847,-0.00261854
-1350.45,1901.19,-0.0090049
-1363.15,1897.03,-0.0089852
-1377.66,1896.42,-0.00898231
-1399.85,1904.97,-0.00902285
-1412.62,1900.51,-0.00900169
-1422.44,1893.17,-0.00896693
-1444.87,1901.29,-0.0090054
-1452.25,1890.61,-0.00895482
-1469.93,1892.12,-0.00896198
-1489.58,1897.07,-0.00898542
-1502.42,1892.04,-0.00896157
-1517.2,1890.47,-0.00895416
-1535.07,1891.47,-0.00895889
-1555.53,1895.42,-0.0089776
-1567.88,1890.42,-0.00895392
-1578.59,1886.71,-0.00893633
-1596.62,1887.21,-0.00893873
-1611.57,1885,-0.00892826
-1629.7,1885.25,-0.00892941
-1647.33,1885.82,-0.00893213
-1662.91,1882.79,-0.00891776
-1675.83,1876.66,-0.00888872
-1688.21,1870.92,-0.00886157
-1711.89,1876.45,-0.00888772
-1735.13,1882.26,-0.00891528
-1750.85,1878.6,-0.00889795
-1768.78,1878.25,-0.00889628
-1787.29,1877.25,-0.00889152
-1805.3,1876.62,-0.00888854
-1823.72,1875.5,-0.00888325
-1836.74,1868.36,-0.00884943
-1849.21,1861.66,-0.00881771
-1865.03,1857.18,-0.00879645
-1888.86,1861.53,-0.00881709
-1924.78,1876.31,-0.00888709
-1940.23,1871.88,-0.00886608
-1953.32,1864.01,-0.00882881
-1972.21,1861.54,-0.00881713
-1990.59,1859.5,-0.00880745
-2007.57,1858.85,-0.0088044
-2023.42,1853.45,-0.00877882
-2042.06,1850.82,-0.00876633
-2060.9,1847.84,-0.00875222
-2085.4,1850.42,-0.00876444
-2104.5,1846.91,-0.00874782
-2129.14,1849.1,-0.00875821
-2160.45,1855.68,-0.00878938
-2182.75,1854.21,-0.00878239
-2204.57,1853.18,-0.00877752
-2196.36,1806.74,-0.00855758
-2246.54,1827.53,-0.00865602
-2237.28,1800.82,-0.00852954
-2240.83,1783.59,-0.00844791
-2246.89,1769.49,-0.00838112
-2247.06,1749.81,-0.00828792
-2243.91,1727.74,-0.0081834
-2236.91,1703.98,-0.00807086
-2233.41,1682.11,-0.00796725
-2229.26,1660.96,-0.0078671
-2228.64,1641.64,-0.00777557
-2227.41,1623.01,-0.00768735
-2229.76,1606.14,-0.00760743
-2228.57,1587.18,-0.00751765
-2225.48,1563.85,-0.00740713
-2230.26,1550.03,-0.00734165
-2228.81,1531.02,-0.00725163
-2230.09,1514.97,-0.00717559
-2235.01,1500.53,-0.0071072
-2226.51,1477.23,-0.00699687
-2227.44,1461.3,-0.00692139
-2232.04,1446.93,-0.00685333
-2229.4,1428.88,-0.00676783
-2223.65,1408.11,-0.00666948
-2220.74,1390.22,-0.00658471
-2224.77,1376.17,-0.00651817
-2221.63,1358.37,-0.00643388
-2222.17,1342.07,-0.00635669
-2222.6,1325.81,-0.00627967
-2215.65,1306.16,-0.0061866
-2212.39,1288,-0.00610056
-2219.03,1276.53,-0.00604623
-2215.54,1258.45,-0.00596063
-2215.04,1243.05,-0.00588768
-2218.31,1228.99,-0.00582107
-2214.46,1211.09,-0.00573629
-2206.62,1192.01,-0.0056459
-2206.04,1176.17,-0.00557087
-2205.03,1161,-0.00549905
-2197.14,1141.56,-0.00540695
-2206.9,1131.36,-0.00535864
-2202.03,1114.5,-0.00527879
-2198.5,1094.77,-0.00518534
-2204.14,1083.37,-0.00513137
-2202.83,1067.82,-0.00505771
-2201.41,1052.32,-0.00498427
-2210.75,1041.98,-0.00493529
-2208.86,1027.15,-0.00486504
-2203.53,1010.06,-0.00478411
-2205.37,996.356,-0.0047192
-2203.38,981.246,-0.00464764
-2201.11,966.609,-0.00457831
-2199.02,951.389,-0.00450622
-2193.14,934.653,-0.00442695
-2190.84,919.558,-0.00435546
-2188.18,905.146,-0.00428719
-2196.8,894.683,-0.00423764
-2197.94,881.176,-0.00417366
-2195.28,866.215,-0.0041028
-2196.01,853.389,-0.00404205
-2196.91,839.947,-0.00397838
-2190.23,823.705,-0.00390145
-2194.7,811.724,-0.0038447
-2191.35,797.614,-0.00377787
-2188.15,782.932,-0.00370833
-2184.77,768.518,-0.00364006
-2181.38,753.954,-0.00357108
-2185.25,742.651,-0.00351754
-2185.49,729.431,-0.00345493
-2189.44,717.477,-0.0033983
-2185.71,703.052,-0.00332998
-2181.69,689.317,-0.00326492
-2181.61,676.2,-0.0032028
-2181.44,663.104,-0.00314077
-2185.03,651.173,-0.00308426
-2188.38,639.852,-0.00303064
-2191.84,627.884,-0.00297395
-2183.68,612.655,-0.00290182
-2179.23,598.802,-0.00283621
-2178.44,586.472,-0.00277781
-2177.74,573.54,-0.00271655
-2169.22,558.638,-0.00264597
-2172.24,546.775,-0.00258978
-2175.04,535.522,-0.00253648
-2170.71,519.469,-0.00246045
-2165.58,506.402,-0.00239856
-2168.31,494.56,-0.00234247
-2174.89,483.571,-0.00229042
-2169.68,469.985,-0.00222607
-2168.17,457.919,-0.00216892
-2170.64,446.064,-0.00211277
-2173.05,434.195,-0.00205655
-2175.39,422.314,-0.00200027
-2173.61,410.303,-0.00194339
-2167.95,396.978,-0.00188027
-2166.15,384.426,-0.00182082
-2172.16,373.26,-0.00176793
-2170.12,361.353,-0.00171154
-2168.11,348.852,-0.00165233
-2169.96,337.207,-0.00159717
-2171.77,325.343,-0.00154098
-2165.5,312.952,-0.00148228
-2167.18,301.113,-0.00142621
-2168.79,289.265,-0.0013701
-2166.38,276.902,-0.00131154
-2163.81,265.196,-0.00125609
-2157.28,252.437,-0.00119566
-2158.63,240.645,-0.0011398
-2159.91,228.845,-0.00108391
-2157.09,217.258,-0.00102904
-2154.26,205.088,-0.000971392
-2151.36,192.955,-0.000913925
-2152.37,181.402,-0.000859203
-2153.28,170.256,-0.000806412
-2150.19,158.193,-0.000749275
-2151.02,146.44,-0.000693609
-2151.79,134.683,-0.000637922
-2152.46,123.541,-0.000585148
-2149.11,111.569,-0.000528443
-2149.68,99.8231,-0.000472809
-2154.19,88.2378,-0.000417935
-2150.62,76.9413,-0.00036443
-2147.01,65.0664,-0.000308185
-2147.34,53.332,-0.000252605
-2147.6,41.5965,-0.00019702
-2147.78,30.4778,-0.000144357
-2147.92,18.9461,-8.97374e-05
-2147.99,7.20793,-3.41401e-05
-2148,-4.53043,2.14582e-05
-2147.94,-15.651,7.41306e-05
-2147.83,-27.3888,0.000129726
-2147.64,-39.1258,0.000185318
-2147.4,-50.8615,0.000240904
-2147.11,-61.9785,0.000293559
-2146.73,-73.711,0.000349129
-2146.3,-85.4413,0.00040469
-2145.8,-97.169,0.000460238
-2145.24,-108.894,0.000515772
-2144.65,-119.999,0.00056837
-2143.96,-131.717,0.000623873
-2147.21,-143.493,0.000679648
-2146.39,-155.224,0.000735215
-2145.56,-166.335,0.000787839
-2144.62,-178.057,0.000843362
-2143.62,-189.774,0.00089886
-2138.56,-201.111,0.000952558
-2141.41,-213.191,0.00100977
-2140.28,-224.275,0.00106227
-2143,-236.407,0.00111973
-2137.7,-247.654,0.001173
-2136.32,-259.332,0.00122832
-2138.86,-271.301,0.00128501
-2137.4,-282.576,0.00133841
-2135.85,-294.047,0.00139274
-2134.22,-305.715,0.00144801
-2136.47,-317.962,0.00150602
-2134.7,-329.633,0.00156129
-2136.91,-341.311,0.00161661
-2135.02,-352.983,0.00167189
-2133.06,-364.645,0.00172713
-2131.03,-376.297,0.00178232
-2129.06,-387.324,0.00183455
-2130.84,-399.691,0.00189312
-2132.55,-412.088,0.00195184
-2130.27,-423.736,0.00200701
-2131.88,-435.969,0.00206495
-2129.59,-447,0.0021172
-2131.03,-459.474,0.00217628
-2128.49,-471.113,0.00223141
-2129.78,-483.623,0.00229067
-2131,-496.162,0.00235005
-2132.3,-508.115,0.00240667
-2129.49,-519.76,0.00246183
-2126.61,-531.389,0.00251691
-2127.55,-543.994,0.00257661
-2128.42,-556.624,0.00263643
-2129.37,-568.668,0.00269348
-2130.09,-581.349,0.00275354
-2126.94,-592.777,0.00280767
-2127.52,-605.487,0.00286787
-2124.18,-617.104,0.00292289
-2124.79,-629.229,0.00298032
-2128.98,-643.144,0.00304623
-2121.61,-653.591,0.00309571
-2121.82,-666.374,0.00315626
-2125.96,-679.787,0.00321979
-2122.22,-691.395,0.00327477
-2118.41,-702.982,0.00332965
-2119.14,-713.391,0.00337895
-2115.21,-724.961,0.00343375
-2118.77,-739.144,0.00350093
-2122.24,-753.388,0.0035684
-2122.08,-765.723,0.00362682
-2117.86,-777.308,0.00368169
-2109.83,-787.471,0.00372983
-2116.72,-803.247,0.00380455
-2119.76,-817.681,0.00387292
-2119.22,-830.104,0.00393176
-2118.45,-842.949,0.0039926
-2113.81,-854.513,0.00404737
-2109.11,-866.052,0.00410202
-2111.73,-880.644,0.00417114
-2110.83,-893.123,0.00423025
-2105.92,-904.645,0.00428482
-2104.61,-917.739,0.00434684
-2110.53,-934.083,0.00442425
-2105.4,-945.603,0.00447882
-2107.75,-959.806,0.00454609
-2106.11,-972.987,0.00460852
-2100.76,-984.482,0.00466297
-2102.67,-999.18,0.00473258
-2108.28,-1015.26,0.00480874
-2109.89,-1030.28,0.00487986
-2107.81,-1043.57,0.00494281
-2109.23,-1058.66,0.00501429
-2106.98,-1071.98,0.0050774
-2104.95,-1084.71,0.00513768
-2102.54,-1098.05,0.00520086
-2100.04,-1111.39,0.00526406
-2093.94,-1122.85,0.00531834
-2091.29,-1136.19,0.00538151
-2092.39,-1150.85,0.00545098
-2096.55,-1168.11,0.00553272
-2100.7,-1185.25,0.00561388
-2097.66,-1198.69,0.00567757
-2091.08,-1210.14,0.00573178
-2091.69,-1224.99,0.00580213
-2091.85,-1240.48,0.00587551
-2091.9,-1256.02,0.00594907
-2088.42,-1269.51,0.00601297
-2085.22,-1282.4,0.00607403
-2084.98,-1298,0.00614794
-2086.13,-1311.24,0.00621065
-2085.68,-1326.92,0.0062849
-2081.76,-1340.46,0.00634904
-2081.11,-1356.18,0.00642352
-2077.4,-1369.14,0.00648489
-2073.22,-1382.69,0.00654908
-2062.31,-1391.76,0.00659205
-2034.86,-1389.48,0.00658122
-2003.13,-1386.2,0.00656569
-1979.15,-1385.66,0.00656311
-1962.15,-1388.95,0.00657871
-1941.52,-1390.34,0.00658528
-1907.98,-1382.15,0.00654652
-1884.66,-1380.2,0.00653725
-1867.45,-1383.33,0.0065521
-1840.66,-1379.12,0.00653218
-1820.34,-1379.5,0.00653395
-1797.3,-1376.74,0.0065209
-1770.77,-1371.85,0.0064977
-1746.46,-1370.51,0.00649136
-1729.54,-1372.57,0.00650114
-1709.54,-1371.99,0.00649837
-1693.09,-1373.26,0.0065044
-1673.19,-1372.35,0.00650007
-1653.35,-1371.25,0.0064949
-1627.57,-1364.69,0.00646382
-1611.33,-1365.34,0.0064669
-1594.73,-1366.32,0.00647153
-1566.08,-1356.68,0.00642587
-1546.99,-1354.23,0.00641427
-1536.58,-1360.01,0.00644166
-1520.23,-1363.33,0.00645735
-1504.13,-1363.26,0.00645706
-1487.94,-1363.21,0.00645682
-1465.8,-1357.73,0.00643086
-1449.99,-1357.1,0.00642788
-1438.19,-1360.88,0.00644578
-1416.28,-1354.9,0.00641743
-1394.48,-1348.71,0.00638814
-1378.9,-1347.53,0.00638252
-1361.55,-1345.2,0.00637151
-1351.35,-1349.8,0.00639327
-1341.53,-1353.93,0.00641286
-1317.29,-1346.92,0.00637965
-1303.35,-1346.54,0.00637783
-1287.67,-1344.97,0.00637042
-1270.67,-1341.82,0.00635551
-1260.59,-1345.83,0.00637448
-1245.44,-1343.54,0.00636362
-1231.33,-1342.95,0.00636085
-1214.56,-1339.29,0.0063435
-1198.26,-1335.14,0.00632385
-1185.64,-1335.69,0.00632643
-1171.85,-1334.52,0.0063209
-1159.3,-1334.86,0.00632253
-1149.76,-1337.81,0.00633651
-1134.42,-1337.76,0.00633627
-1118.48,-1332.89,0.00631321
-1106.07,-1332.83,0.0063129
-1093.69,-1332.67,0.00631215
-1078.96,-1329.21,0.00629574
-1067.05,-1328.54,0.00629257
-1054.8,-1328.08,0.00629042
-1040.12,-1324.39,0.00627293
-1029.57,-1325.02,0.00627591
-1017.44,-1324.28,0.00627242
-1004.14,-1321.86,0.00626094
-993.293,-1322.53,0.00626412
-981.662,-1321.23,0.00625798
-967.116,-1319.54,0.00624995
-954.401,-1316.43,0.00623524
-942.533,-1315.13,0.00622905
-934.176,-1318.62,0.00624562
-923.894,-1318.53,0.00624517
-910.98,-1315.34,0.00623006
-901.52,-1317,0.00623791
-888.705,-1313.62,0.00622192
-878.557,-1313.22,0.00622001
-868.058,-1312.99,0.00621895
-857.588,-1312.69,0.00621753
-846.44,-1310.4,0.00620665
-834.962,-1308.26,0.00619653
-824.725,-1307.65,0.00619363
-815.452,-1308.74,0.00619881
-802.967,-1307.06,0.00619084
-791.662,-1304.59,0.00617913
-782.84,-1305.24,0.00618222
-772.637,-1304.33,0.00617794
-762.593,-1303.28,0.00617297
-753.458,-1303.97,0.00617621
-744.714,-1304.38,0.00617815
-732.665,-1299.72,0.00615607
-722.633,-1298.46,0.00615011
-713.974,-1298.68,0.00615115
-704.958,-1299.05,0.00615288
-695.016,-1297.59,0.00614599
-686.418,-1297.63,0.0061462
-676.541,-1296.05,0.00613868
-667.616,-1296.17,0.00613926
-658.177,-1294.26,0.00613022
-649.3,-1294.26,0.00613023
-638.565,-1292.9,0.00612379
-629.739,-1292.78,0.0061232
-620.932,-1292.59,0.00612233
-611.662,-1290.37,0.00611179
-602.061,-1288.26,0.00610179
-594.175,-1289.71,0.00610868
-585.836,-1289.13,0.00610591
-576.329,-1286.84,0.00609505
-568.852,-1287.97,0.00610044
-560.208,-1287.39,0.0060977
-551.589,-1286.76,0.00609469
-543.363,-1285.91,0.00609069
-531.071,-1275.89,0.0060432
-527.883,-1288.02,0.00610068
-522.705,-1294.45,0.00613111
-509.714,-1282.42,0.00607412
-501.97,-1283.32,0.0060784
-493.163,-1280.3,0.00606411
-484.741,-1279.24,0.00605907
-475.94,-1280.41,0.0060646
-467.685,-1279.19,0.00605882
-460.379,-1279.71,0.00606129
-452.046,-1278.43,0.00605525
-444.396,-1278.99,0.00605792
-436.476,-1277.49,0.0060508
-428.215,-1276.07,0.00604405
-419.984,-1274.59,0.00603705
-412.763,-1274.84,0.00603826
-405.185,-1275.17,0.00603982
-397.019,-1273.55,0.00603213
-389.835,-1273.68,0.00603273
-381.719,-1271.96,0.00602458
-373.634,-1270.19,0.0060162
-367.053,-1272.1,0.00602528
-359.552,-1272.17,0.00602557
-351.893,-1270.16,0.00601605
-343.899,-1268.2,0.00600678
-336.573,-1268.09,0.00600629
-328.494,-1264.01,0.00598695
-323.059,-1271.6,0.00602291
-317.069,-1277.23,0.00604957
-308.565,-1271.08,0.00602044
-301.153,-1270.8,0.00601912
-293.303,-1268.53,0.00600837
-286.29,-1268.08,0.00600624
-278.927,-1267.68,0.00600431
-270.186,-1265.48,0.0059939
-262.86,-1264.98,0.00599153
-255.911,-1264.36,0.00598861
-248.611,-1263.78,0.00598585
-241.326,-1263.15,0.00598289
-234.783,-1264.39,0.00598872
-227.516,-1263.68,0.00598539
-219.92,-1260.97,0.00597252
-213.388,-1262.09,0.00597784
-206.165,-1261.26,0.00597392
-199.27,-1262.37,0.00597917
-192.43,-1261.41,0.00597461
-185.243,-1260.46,0.00597013
-178.072,-1259.47,0.00596546
-171.279,-1258.4,0.00596036
-164.141,-1257.33,0.00595531
-157.63,-1258.16,0.00595925
-150.872,-1258.99,0.00596317
-143.763,-1257.81,0.00595758
-137.032,-1256.55,0.00595161
-129.958,-1255.29,0.00594564
-122.9,-1253.99,0.00593949
-116.407,-1254.61,0.00594242
-109.375,-1253.24,0.00593591
-102.525,-1253.82,0.00593865
-95.8792,-1252.34,0.00593164
-89.0343,-1252.84,0.00593404
-82.1862,-1253.31,0.00593625
-75.6967,-1253.72,0.00593819
-68.7344,-1252.11,0.0059306
-61.8912,-1252.47,0.00593229
-55.3179,-1250.78,0.00592426
-48.4041,-1249.06,0.00591614
-41.87,-1247.3,0.00590778
-35.0529,-1247.51,0.00590878
-28.3549,-1247.68,0.00590958
-21.8947,-1247.81,0.0059102
-15.0515,-1245.91,0.00590121
-8.24242,-1245.97,0.00590151
-1.79191,-1246,0.00590163
5.01751,-1245.99,0.00590159
11.8072,-1243.94,0.0058919
18.2469,-1243.87,0.00589153
25.0041,-1241.75,0.0058815
31.8411,-1243.59,0.00589023
38.2788,-1243.41,0.00588937
45.0728,-1243.18,0.0058883
51.426,-1240.93,0.00587765
58.2063,-1240.64,0.00587623
64.6289,-1240.32,0.00587472
71.4057,-1239.95,0.00587296
78.055,-1237.54,0.00586157
84.8694,-1243.11,0.00588793
91.956,-1246.61,0.00590454
97.7786,-1238.15,0.00586443
104.424,-1237.6,0.00586186
111.007,-1235.02,0.00584964
117.4,-1234.43,0.00584684
124.344,-1235.76,0.00585314
130.53,-1233.11,0.00584059
137.488,-1234.37,0.00584654
143.876,-1233.64,0.00584309
150.859,-1234.82,0.00584868
157.604,-1233.98,0.00584469
163.99,-1233.14,0.00584074
171.001,-1234.21,0.00584579
177.389,-1233.31,0.00584152
184.126,-1232.32,0.00583684
191.164,-1233.27,0.00584135
197.546,-1232.27,0.00583659
203.95,-1229.2,0.00582204
210.649,-1230.09,0.0058263
217.716,-1230.89,0.00583009
224.085,-1229.75,0.00582467
231.172,-1230.47,0.00582809
237.774,-1229.21,0.00582213
244.253,-1227.94,0.00581611
251.243,-1228.57,0.0058191
258.011,-1229.21,0.00582213
264.724,-1227.79,0.00581536
271.43,-1226.32,0.00580843
277.775,-1224.9,0.00580169
284.918,-1225.31,0.00580364
291.258,-1223.82,0.00579658
298.415,-1224.15,0.00579816
304.749,-1222.59,0.00579076
311.425,-1220.91,0.00578279
318.598,-1221.12,0.0057838
324.915,-1219.46,0.00577591
333.151,-1223.45,0.00579484
355.595,-1227.53,0.00581417
96.0247,-228.655,0.00108302
95.876,-224.374,0.00106274
95.9309,-219.994,0.00104199
95.8644,-215.653,0.00102143
95.6197,-211.379,0.00100119
95.8611,-207.97,0.000985044
95.6926,-203.637,0.000964519
95.4654,-199.317,0.000944059
95.8305,-196.92,0.000932705
96.1881,-194.517,0.000921323
96.0519,-191.233,0.000905768
96.0946,-187.848,0.000889735
96.8024,-186.358,0.000882678
97.8194,-185.826,0.000880159
98.8334,-185.289,0.000877614
99.7914,-184.775,0.000875179
101.084,-185.211,0.000877243
102.365,-185.648,0.000879318
103.866,-185.959,0.00088079
104.827,-185.419,0.000878231
106.122,-185.833,0.000880194
107.637,-186.116,0.000881534
108.961,-186.503,0.000883367
110.434,-186.798,0.00088476
112.576,-183.171,0.000867583
113.937,-106.557,0.000504702
113.25,-104.357,0.000494285
114.354,-103.146,0.000488549
114.685,-99.7559,0.000472491
113.9,-97.6052,0.000462304
114.368,-95.504,0.000452351
113.525,-93.3865,0.000442322
114.034,-92.7647,0.000439377
113.83,-91.426,0.000433036
113.903,-88.1028,0.000417296
113.655,-86.7844,0.000411051
113.958,-84.7204,0.000401276
113.686,-83.4061,0.00039505
113.393,-82.1096,0.000388909
113.112,-80.7874,0.000382647
113.552,-80.168,0.000379713
113.966,-79.5791,0.000376924
113.726,-78.1691,0.000370245
113.405,-76.865,0.000364068
113.058,-75.5901,0.00035803
113.47,-74.9711,0.000355098
113.856,-74.3826,0.000352311
112.796,-72.3397,0.000342635
113.19,-71.7222,0.00033971
113.58,-71.1026,0.000336775
113.17,-69.8681,0.000330928
113.55,-69.2486,0.000327994
113.201,-67.8941,0.000321578
112.761,-66.6784,0.00031582
113.123,-66.0612,0.000312897
113.464,-65.4746,0.000310118
112.272,-63.5301,0.000300908
112.617,-62.9155,0.000297997
112.959,-62.2992,0.000295078
113.28,-61.7136,0.000292304
112.851,-60.4037,0.0002861
113.18,-59.7861,0.000283175
112.663,-58.6181,0.000277642
112.982,-58.0015,0.000274722
113.297,-57.3832,0.000271794
112.822,-56.1,0.000265716
113.127,-55.4827,0.000262792
113.413,-54.8963,0.000260014
112.865,-53.7259,0.000254471
112.353,-52.4681,0.000248514
112.623,-51.8857,0.000245755
112.905,-51.2695,0.000242836
113.183,-50.6517,0.00023991
113.453,-50.0434,0.000237029
112.85,-48.9267,0.00023174
113.116,-48.3092,0.000228815
113.378,-47.6904,0.000225884
112.798,-46.482,0.00022016
112.211,-45.2738,0.000214438
112.444,-44.6923,0.000211684
112.686,-44.0772,0.00020877
112.925,-43.4607,0.00020585
113.161,-42.8429,0.000202924
113.382,-42.2565,0.000200147
112.715,-41.1733,0.000195016
112.927,-40.5892,0.000192249
113.147,-39.9715,0.000189324
112.494,-38.809,0.000183818
112.704,-38.1936,0.000180903
112.911,-37.5772,0.000177983
113.104,-36.9922,0.000175212
112.428,-35.8308,0.000169711
112.612,-35.2482,0.000166952
112.803,-34.6323,0.000164035
112.991,-34.0153,0.000161112
112.279,-32.8991,0.000155825
112.457,-32.285,0.000152917
112.632,-31.67,0.000150004
112.795,-31.0865,0.00014724
112.963,-30.4696,0.000144318
113.128,-29.8518,0.000141392
113.289,-29.2331,0.000138462
112.499,-28.2828,0.00013396
112.652,-27.6676,0.000131047
112.802,-27.0515,0.000128129
112.94,-26.4672,0.000125361
113.083,-25.8496,0.000122436
112.292,-24.8092,0.000117508
112.426,-24.1952,0.0001146
112.556,-23.5805,0.000111688
112.677,-22.9974,0.000108926
112.801,-22.3813,0.000106008
112.922,-21.7645,0.000103087
112.096,-20.7484,9.82739e-05
112.208,-20.1354,9.53709e-05
113.258,-19.943,9.44594e-05
112.416,-18.9402,8.97097e-05
112.517,-18.3256,8.67987e-05
112.614,-17.7212,8.39361e-05
112.709,-17.1056,8.10201e-05
112.801,-16.4894,7.81014e-05
113.052,-14.6705,6.94862e-05
101.745,-7.20122,3.41083e-05
x,y,z
109.682,7.71903,-3.19733
109.638,8.24354,-3.41459
109.587,8.79696,-3.64382
109.533,9.35011,-3.87294
109.477,9.90298,-4.10195
109.416,10.4556,-4.33083
109.353,11.0078,-4.55959
109.287,11.5501,-4.7842
109.22,12.0823,-5.00466
109.148,12.6239,-5.22899
109.072,13.1748,-5.45718
108.992,13.7253,-5.68519
108.909,14.2753,-5.91304
108.823,14.825,-6.14071
108.734,15.3742,-6.3682
108.641,15.9229,-6.5955
108.551,16.4424,-6.81065
109.473,16.9507,-7.02122
109.371,17.5032,-7.25006
109.266,18.0551,-7.47867
108.138,18.6209,-7.71303
109.048,19.1477,-7.93123
108.939,19.669,-8.14717
108.821,20.2187,-8.37487
108.7,20.7679,-8.60233
108.576,21.3163,-8.82952
108.448,21.8642,-9.05645
108.317,22.4114,-9.28311
108.183,22.9579,-9.50949
108.045,23.5038,-9.73559
107.912,24.0203,-9.94952
107.768,24.5647,-10.175
107.624,25.0989,-10.3963
107.474,25.6419,-10.6212
108.342,26.2282,-10.8641
108.186,26.7748,-11.0905
108.034,27.2919,-11.3047
107.871,27.8369,-11.5304
107.705,28.3811,-11.7558
107.535,28.9245,-11.9809
108.383,29.5381,-12.2351
108.206,30.0849,-12.4616
108.036,30.602,-12.6758
107.854,31.147,-12.9015
107.668,31.6911,-13.1269
107.482,32.2247,-13.3479
107.29,32.7669,-13.5725
107.094,33.3081,-13.7967
106.896,33.8483,-14.0204
107.721,34.4724,-14.2789
107.515,35.0158,-14.504
107.307,35.5581,-14.7286
107.095,36.0993,-14.9528
107.894,36.7698,-15.2305
107.686,37.2854,-15.4441
107.464,37.8285,-15.6691
107.239,38.3705,-15.8936
107.01,38.9113,-16.1176
106.547,39.9801,-16.5603
107.089,41.1925,-17.0625
106.844,41.7325,-17.2862
106.089,43.3452,-17.9542
106.798,44.1449,-18.2854
106.536,44.6835,-18.5085
106.27,45.2207,-18.731
106.001,45.7565,-18.953
106.743,46.4693,-19.2482
106.467,47.0076,-19.4712
106.187,47.5444,-19.6935
105.904,48.0798,-19.9153
105.618,48.6138,-20.1365
106.34,49.3463,-20.4399
106.046,49.8824,-20.662
105.75,50.4171,-20.8834
105.45,50.9502,-21.1043
106.138,51.7266,-21.4258
105.831,52.2617,-21.6475
105.536,52.7672,-21.8569
106.15,53.6588,-22.2262
105.831,54.1939,-22.4478
105.526,54.6993,-22.6572
105.2,55.2313,-22.8776
105.855,56.035,-23.2105
104.853,57.6215,-23.8676
105.501,58.4212,-24.1988
105.16,58.9437,-24.4153
104.809,59.4737,-24.6348
104.456,60.002,-24.8536
105.015,60.9183,-25.2332
104.654,61.4476,-25.4524
104.295,61.9658,-25.6671
104.909,62.7911,-26.0089
104.542,63.3106,-26.2241
104.166,63.8374,-26.4423
104.691,64.7753,-26.8308
104.307,65.3029,-27.0494
103.919,65.8286,-27.2671
103.528,66.3522,-27.484
104.092,67.2204,-27.8436
104.594,68.1672,-28.2358
104.19,68.6943,-28.4541
103.782,69.2193,-28.6716
102.561,70.7546,-29.3075
103.088,71.6457,-29.6766
103.549,72.6145,-30.0779
104.087,73.4869,-30.4393
103.651,74.0113,-30.6565
103.212,74.5335,-30.8728
103.64,75.5255,-31.2837
103.2,76.0385,-31.4962
103.254,77.4498,-32.0807
103.191,78.9774,-32.7135
102.722,79.4972,-32.9288
103.114,80.5022,-33.3451
102.636,81.0216,-33.5602
103.083,81.9601,-33.949
102.622,82.452,-34.1528
102.953,83.5061,-34.5893
102.466,84.0155,-34.8004
102.809,85.0485,-35.2282
102.305,85.5663,-35.4427
101.824,86.0545,-35.6449
102.228,87.0136,-36.0422
101.712,87.5285,-36.2555
102.031,88.5657,-36.6851
102.333,89.6161,-37.1202
102.099,91.1785,-37.7674
100.844,93.6697,-38.7993
101.324,95.8273,-39.693
101.572,96.8939,-40.1348
101.801,97.9733,-40.5819
102.031,99.0474,-41.0268
100.766,102.656,-42.5214
100.922,103.77,-42.983
101.09,104.87,-43.4387
100.48,105.37,-43.6458
101.413,107.072,-44.3506
100.79,107.573,-44.5583
99.5111,108.585,-44.9772
99.104,111.305,-46.104
99.3884,114.661,-47.4943
98.0981,116.778,-48.3709
82.0434,112.69,-46.6778
82.7206,114.495,-47.4254
82.0421,114.911,-47.5977
90.9894,241.714,-100.121
88.5353,247.361,-102.46
85.342,251.223,-104.06
65.002,282.87,-117.168
61.6518,283.509,-117.433
109.921,567.486,-235.06
104.159,559.04,-231.562
66.3198,365.374,-151.343
53.4335,367.172,-152.088
80.9096,560.451,-232.147
77.768,560.831,-232.304
74.2061,559.381,-231.703
70.8963,559.747,-231.855
67.3627,558.26,-231.239
64.0596,558.592,-231.376
60.5547,557.069,-230.745
57.4322,557.351,-230.862
54.1346,557.633,-230.979
49.5358,550.581,-228.058
44.5951,536.117,-222.067
40.9962,530.805,-219.867
37.8559,531.004,-219.949
34.7144,531.187,-220.025
31.8475,533.191,-220.855
28.4947,529.653,-219.389
25.3613,529.789,-219.446
22.1497,528.063,-218.731
19.0807,528.165,-218.773
16.066,528.251,-218.809
12.9959,528.323,-218.838
9.90519,530.228,-219.628
3.65739,533.992,-221.187
-54.8407,872.52,-361.41
-98.6801,1049.27,-434.622
-104.742,1050.62,-435.182
-110.955,1050.08,-434.957
-117.164,1049.5,-434.718
-123.154,1047.06,-433.706
-129.346,1046.42,-433.442
-135.208,1045.79,-433.18
-141.64,1046.92,-433.65
-147.722,1046.21,-433.353
-153.639,1043.61,-432.279
-160.09,1044.65,-432.709
-166.232,1045.7,-433.143
-172.114,1043.02,-432.033
-177.968,1040.31,-430.91
-184.119,1039.4,-430.532
-190.598,1040.27,-430.895
-196.749,1039.29,-430.49
-202.57,1038.34,-430.094
-209.074,1039.12,-430.417
-215.217,1038.05,-429.973
-220.86,1035.15,-428.774
-227.377,1035.83,-429.055
-233.179,1034.73,-428.599
-239.296,1033.54,-428.105
-245.405,1032.31,-427.598
-251.948,1032.86,-427.825
-257.603,1029.77,-426.546
-263.83,1030.33,-426.775
-269.921,1028.98,-426.217
-276.485,1029.39,-426.389
-282.57,1027.98,-425.804
-289.149,1028.33,-425.948
-295.121,1026.88,-425.348
-301.394,1027.24,-425.496
-307.466,1025.7,-424.859
-313.528,1024.13,-424.21
-319.582,1022.54,-423.548
-326.19,1022.68,-423.608
-331.917,1021.11,-422.956
-338.538,1021.18,-422.987
-345.169,1021.22,-423.003
-351.204,1019.46,-422.275
-357.846,1019.43,-422.262
-363.554,1017.71,-421.548
-370.205,1017.61,-421.507
-376.761,1017.5,-421.464
-383.432,1017.33,-421.393
-389.444,1015.38,-420.585
-396.122,1015.14,-420.484
-401.805,1013.23,-419.693
-413.768,1009.11,-417.988
-398.242,953.272,-394.858
-378.726,873.001,-361.609
-385.392,874.498,-362.229
-390.559,872.539,-361.418
-396.489,872.258,-361.301
-401.371,870.35,-360.511
-406.514,868.31,-359.666
-411.367,868.375,-359.693
-417.309,867.974,-359.526
-423.259,867.538,-359.346
-428.384,865.388,-358.456
-434.338,864.889,-358.249
-440.299,864.355,-358.027
-445.997,863.905,-357.841
-451.972,863.304,-357.592
-458.743,864.368,-358.033
-463.849,862.039,-357.068
-478.295,842.776,-349.089
-477.539,818.034,-338.841
-471.822,797.774,-330.449
-470.649,783.606,-324.58
-468.417,769.942,-318.921
-467.735,757.559,-313.791
-468.207,748.786,-310.157
-471.619,744.816,-308.513
-477.825,745.73,-308.892
-486.668,751.619,-311.331
-498.359,760.214,-314.891
-532.394,755.738,-313.037
-544.395,755.075,-312.762
-545.5,747.718,-309.715
-560.984,742.386,-307.506
-344.605,405.468,-167.95
-340.78,396.487,-164.23
-339.809,390.107,-161.588
-341.99,388.477,-160.912
-344.283,386.744,-160.195
-350.038,389.541,-161.353
-2248.26,1138.83,-471.717
-2254.84,1127.66,-467.091
-2243.84,1107.55,-458.762
-2236.2,1089.31,-451.207
-2242.28,1078.6,-446.771
-2248.62,1067.26,-442.075
-2247.77,1052.55,-435.981
-2246.8,1037.88,-429.905
-2234.97,1018.35,-421.815
-2233.46,1004.41,-416.041
-2228.54,988.323,-409.377
-2223.51,972.314,-402.746
-2226.4,957.933,-396.789
-2228.4,945.136,-391.488
-2230.31,932.348,-386.191
-2232.14,919.569,-380.898
-2229.94,905.905,-375.238
-2227.92,891.695,-369.352
-2222.13,876.082,-362.885
-2219.81,862.183,-357.128
-2221.01,849.943,-352.058
-2214.8,834.726,-345.755
-2208.57,819.4,-339.407
-2213.39,808.237,-334.783
-2214.4,795.711,-329.594
-2215.1,783.786,-324.655
-2212.22,769.985,-318.938
-2212.99,757.521,-313.775
-2213.68,745.072,-308.619
-2218.05,733.884,-303.985
-2218.36,722.037,-299.078
-2211.26,707.2,-292.932
-2207.76,693.841,-287.398
-2204.24,680.342,-281.807
-2204.23,668.637,-276.959
-2204.34,656.365,-271.875
-2204.38,644.111,-266.8
-2200.51,630.782,-261.278
-2200.39,618.587,-256.227
-2199.99,606.996,-251.426
-2199.71,594.842,-246.392
-2199.35,582.708,-241.366
-2198.91,570.596,-236.349
-2194.37,558.109,-231.176
-2193.77,546.061,-226.186
-2193.1,534.035,-221.204
-2192.3,522.226,-216.313
-2187.6,509.344,-210.977
-2186.54,497.989,-206.274
-2185.57,486.078,-201.34
-2184.51,474.19,-196.416
-2183.39,462.328,-191.503
-2185.95,451.879,-187.174
-2184.68,440.049,-182.274
-2187.25,429.012,-177.703
-2182.27,414.921,-171.866
-2180.77,403.172,-166.999
-2183.12,392.155,-162.436
-2181.47,380.442,-157.584
-2179.76,368.757,-152.744
-2181.79,358.326,-148.424
-2179.94,346.679,-143.599
-2181.96,335.667,-139.038
-2179.96,324.059,-134.229
-2177.8,313.06,-129.674
-2175.63,301.704,-124.97
-2173.42,290.187,-120.199
-2171.14,278.701,-115.442
-2172.76,267.735,-110.899
-2170.26,256.869,-106.399
-2167.78,245.459,-101.672
-2169.2,234.51,-97.1373
-2166.58,223.145,-92.4299
-2163.89,211.814,-87.7363
-2165.11,200.886,-83.2097
-2162.22,190.177,-78.7739
-2163.32,179.258,-74.2509
-2160.34,168.214,-69.6765
-2161.3,157.304,-65.1576
-2158.21,146.12,-60.5249
-2159.04,135.222,-56.0106
-2155.82,124.089,-51.3994
-2156.49,113.776,-47.1275
-2157.13,102.887,-42.617
-2157.7,91.9942,-38.1052
-2154.22,80.9488,-33.5301
-2154.67,70.0714,-29.0245
-2155.04,59.3828,-24.5971
-2151.36,48.4116,-20.0527
-2151.6,38.1206,-15.7901
-2151.8,27.2571,-11.2903
-2151.93,16.3927,-6.79008
-2151.99,5.52785,-2.28971
-2147.99,-5.32725,2.20662
-2147.93,-16.1719,6.69863
-2147.8,-27.0161,11.1904
-2147.61,-37.8595,15.6819
-2143.37,-48.0417,19.8995
-2143.05,-58.8624,24.3816
-2142.68,-69.4916,28.7843
-2146.23,-80.4583,33.3269
-2145.73,-91.293,37.8148
-2145.15,-102.125,42.3015
-2140.52,-112.743,46.6999
-2143.86,-123.21,51.0352
-2143.1,-134.032,55.5178
-2138.28,-144.58,59.8871
-2137.39,-155.374,64.3579
-2140.43,-166.473,68.9552
-2135.45,-176.757,73.2153
-2134.37,-187.536,77.6801
-2137.27,-198.112,82.0605
-2136.07,-208.899,86.5289
-2130.82,-219.272,90.8253
-2133.47,-230.456,95.4578
-2132.07,-241.224,99.9181
-2130.61,-251.984,104.375
-2129.09,-262.738,108.829
-2127.51,-273.483,113.28
-2125.94,-283.655,117.494
-2128.19,-294.933,122.165
-2126.45,-305.485,126.536
-2124.61,-316.216,130.981
-2122.7,-326.938,135.422
-2124.68,-338.278,140.119
-2122.65,-349,144.561
-2124.6,-359.815,149.04
-2122.44,-370.536,153.481
-2120.22,-381.246,157.917
-2117.93,-391.945,162.349
-2119.5,-403.378,167.085
-2117.08,-414.073,171.514
-2114.64,-424.568,175.862
-2116,-436.042,180.615
-2113.53,-446.158,184.805
-2114.76,-457.665,189.571
-2115.91,-469.197,194.348
-2113.1,-479.873,198.77
-2106.35,-489.633,202.812
-2103.42,-500.26,207.214
-2108.17,-512.754,212.39
-2105.27,-522.831,216.564
-2106,-534.431,221.368
-2110.57,-546.865,226.519
-2111.15,-558.53,231.351
-2107.81,-569.18,235.762
-2104.41,-579.814,240.167
-2108.61,-592.581,245.455
-2109.08,-603.752,250.082
-2105.47,-614.392,254.489
-2105.62,-626.145,259.358
-2105.68,-637.918,264.234
-2101.88,-648.539,268.634
-2101.8,-660.331,273.518
-2101.71,-671.956,278.333
-2101.48,-683.784,283.233
-2097.62,-693.827,287.393
-2101.58,-705.447,292.206
-2101.13,-717.328,297.127
-2097.08,-727.369,301.286
-2092.75,-737.945,305.667
-2095.89,-750.988,311.069
-2098.86,-764.269,316.57
-2094.31,-774.854,320.955
-2093.4,-786.809,325.907
-2096.11,-800.188,331.449
-2091.59,-810.204,335.597
-2083.09,-819.304,339.367
-2085.56,-832.741,344.933
-2091.59,-847.712,351.134
-2082.89,-856.756,354.88
-2081.53,-868.597,359.785
-2087.27,-883.712,366.045
-2078.38,-892.679,369.76
-2073.35,-902.608,373.872
-2078.81,-917.843,380.183
-2080.55,-931.548,385.86
-2078.6,-943.668,390.88
-2072.98,-954.148,395.221
-2070.88,-966.266,400.241
-2072.25,-980.075,405.96
-2077.39,-995.077,412.174
-2071.47,-1005.55,416.513
-2065.6,-1015.81,420.763
-2066.6,-1029.73,426.529
-2071.01,-1045.47,433.047
-2071.79,-1059.49,438.854
-2065.49,-1069.93,443.18
-2062.95,-1081.62,448.022
-2059.99,-1093.86,453.092
-2056.94,-1106.1,458.163
-2050.37,-1116.47,462.458
-2050.61,-1130.6,468.308
-2057.7,-1148.39,475.68
-2064.53,-1166.48,483.171
-2057.6,-1176.88,487.481
-2050.97,-1186.71,491.551
-2050.68,-1201,497.472
-2057.01,-1219.32,505.06
-2056.48,-1233.71,511.021
-2057.39,-1245.95,516.09
-2053.32,-1258.36,521.231
-2045.85,-1268.71,525.517
-2038.31,-1279.02,529.788
-2040.61,-1295.57,536.644
-2042.77,-1312.18,543.525
-2038.66,-1324.06,548.445
-2043.84,-1342.9,556.249
-2048.85,-1361.83,564.09
-2037.53,-1369.98,567.466
-2035.84,-1384.63,573.534
-2040.6,-1403.54,581.364
-2045.05,-1422.71,589.306
-2033.42,-1430.78,592.647
-2028.54,-1442.74,597.601
-2035.76,-1464.31,606.536
-2033.35,-1479.14,612.679
-2024.57,-1489.38,616.922
-2028.19,-1508.85,624.987
-2034.75,-1530.74,634.052
-2028.75,-1543.34,639.271
-2017,-1550.65,642.302
-2020.04,-1570.33,650.453
-2026.12,-1592.3,659.553
-2016.67,-1602.51,663.78
-2016.22,-1619.94,671.001
-2024.63,-1644.74,681.272
-2017.86,-1657.39,686.513
-2014.5,-1671.96,692.548
-2010.5,-1687.07,698.809
-2009.33,-1704.7,706.109
-2002.15,-1717.33,711.342
-2005.79,-1735.4,718.826
-1998.4,-1748.04,724.063
-1985.14,-1755.55,727.172
-1977.6,-1768.12,732.378
-1958.53,-1770.32,733.291
-1929.5,-1765.96,731.484
-1913.38,-1770.44,733.341
-1886.01,-1764.3,730.797
-1855.98,-1755.29,727.065
-1840.01,-1759.32,728.734
-1821.29,-1760.57,729.252
-1800.4,-1758.52,728.402
-1779.04,-1756.79,727.685
-1755.22,-1752.03,725.713
-1736.73,-1752.68,725.985
-1712.91,-1747.73,723.933
-1686.54,-1739.83,720.663
-1670.92,-1742.79,721.887
-1653.22,-1742.42,721.735
-1637.65,-1745.16,722.868
-1616.88,-1742.18,721.634
-1593.62,-1736.22,719.167
-1568.5,-1731.61,717.258
-1548.57,-1727.71,715.64
-1530.72,-1726.92,715.315
-1512.93,-1726.01,714.937
-1500.2,-1730.74,716.895
-1480.01,-1726.7,715.222
-1460.09,-1722.38,713.432
-1444.98,-1723.88,714.054
-1428,-1721.97,713.262
-1408.13,-1717.37,711.357
-1390.76,-1715.58,710.616
-1375.83,-1716.63,711.053
-1356.21,-1711.63,708.979
-1341.37,-1712.46,709.325
-1326.57,-1713.2,709.629
-1309.49,-1710.82,708.643
-1290.71,-1704.94,706.211
-1278.33,-1708.4,707.64
-1275.16,-1723.86,714.048
-1273.9,-1742.53,721.778
-1272.45,-1761.23,729.524
-1268.62,-1776.88,736.008
-1247.17,-1767.78,732.238
-1238.86,-1777.16,736.122
-1239.63,-1798.64,745.023
-1224.71,-1798.62,745.013
-1207.72,-1795.36,743.662
-1190.81,-1791.98,742.263
-1178.3,-1794.7,743.391
-1165.61,-1797.46,744.53
-1142.74,-1784.23,739.053
-1075.97,-1726.1,714.975
-1073.83,-1744.26,722.498
-1065.46,-1752.88,726.068
-1053.14,-1755,726.946
-1038.9,-1753.81,726.452
-1027.15,-1755.51,727.154
-1018.64,-1763.93,730.642
-1006.33,-1765.77,731.407
-984.802,-1751.15,725.35
-972.604,-1752.81,726.037
-956.805,-1747.8,723.962
-943.062,-1745.91,723.178
-927.421,-1740.7,721.02
-912.411,-1735.14,718.717
-902.134,-1739.72,720.614
-888.413,-1737.56,719.722
-879.811,-1745.37,722.957
-864.467,-1739.71,720.612
-850.865,-1737.32,719.62
-838.948,-1738.21,719.991
-822.388,-1732.85,717.772
-812.126,-1736.98,719.481
-799.491,-1735.95,719.056
-788.437,-1738.26,720.011
-775.092,-1735.38,718.819
-761.804,-1732.42,717.593
-747.628,-1725.75,714.829
-735.942,-1726.06,714.958
-726.624,-1731.41,717.173
-713.52,-1728.15,715.822
-703.288,-1731.72,717.303
-690.957,-1730.05,716.609
-680.714,-1733.51,718.043
-667.762,-1729.96,716.573
-656.735,-1729.64,716.442
-643.888,-1725.95,714.91
-631.745,-1723.92,714.071
-619.014,-1720.07,712.477
-607.148,-1717.85,711.555
-596.367,-1719.13,712.086
-584.99,-1718.59,711.862
-573.636,-1717.98,711.612
-561.683,-1713.63,709.809
-550.399,-1712.9,709.505
-539.142,-1712.1,709.176
-529.007,-1714.8,710.293
-517.781,-1713.88,709.914
-505.526,-1709.34,708.033
-494.375,-1708.3,707.601
-483.934,-1708.94,707.866
-474.352,-1711.23,708.815
-463.251,-1710.02,708.312
-452.18,-1708.74,707.783
-440.208,-1703.81,705.741
-429.67,-1704.21,705.905
-419.14,-1704.55,706.047
-407.203,-1705.12,706.285
-396.691,-1705.35,706.378
-385.779,-1703.71,705.699
-374.898,-1702.01,704.995
-365.213,-1705.69,706.519
-354.741,-1705.69,706.521
-324.614,-1708.93,707.862
-102.446,-660.292,273.502
-98.2658,-658.969,272.954
-93.6481,-653.951,270.876
-89.024,-648.915,268.789
-85.1845,-649.355,268.972
-80.8825,-646.104,267.625
-76.0214,-642.891,266.294
-71.8714,-639.583,264.924
-67.8914,-638.097,264.308
-63.9314,-636.59,263.684
-60.363,-636.888,263.807
-56.5951,-637.183,263.93
-52.6725,-635.617,263.281
-48.7704,-634.03,262.624
-44.8883,-632.423,261.958
-41.267,-634.485,262.812
-37.6011,-632.829,262.126
-33.7588,-631.163,261.436
-29.2187,-629.507,260.75
-25.6905,-629.639,260.805
-21.9015,-627.912,260.09
-18.1334,-626.166,259.367
-14.4295,-626.248,259.401
-10.6616,-622.617,257.896
-7.02251,-620.813,257.149
-3.5328,-618.991,256.394
0.128439,-618.999,256.398
3.78999,-618.989,256.394
7.45111,-618.961,256.382
11.1123,-618.914,256.363
14.8611,-622.543,257.866
18.4041,-624.311,258.598
21.9657,-620.515,257.026
25.407,-614.856,254.682
29.5665,-610.998,253.084
33.0895,-612.694,253.786
36.7133,-612.518,253.713
39.8497,-604.946,250.577
43.2951,-602.892,249.726
47.2382,-617.459,255.76
51.3834,-632.001,261.783
55.6032,-637.257,263.961
59.0284,-633.285,262.315
62.3433,-629.303,260.666
66.4572,-627.087,259.748
69.7541,-623.066,258.083
72.7885,-617.194,255.65
75.9197,-613.153,253.976
79.5452,-612.76,253.814
82.9777,-612.372,253.653
86.3396,-610.111,252.716
89.9469,-609.666,252.532
93.8329,-611.033,253.098
97.7377,-612.378,253.655
102.266,-617.355,255.717
106.35,-620.507,257.022
109.344,-591.964,245.199
112.844,-591.403,244.967
118.301,-601.763,249.259
122.763,-608.52,252.057
127.301,-613.369,254.066
131.702,-616.342,255.297
136.818,-624.819,258.809
143.379,-640.553,265.326
148.829,-647.049,268.017
152.027,-644.523,266.97
155.401,-641.943,265.902
159.643,-642.95,266.319
164.359,-645.732,267.471
170.636,-657.649,272.407
170.926,-623.328,258.191
174.611,-622.456,257.83
178.29,-621.565,257.461
181.441,-618.872,256.345
185.439,-619.777,256.72
191.233,-627.875,260.074
194.749,-626.952,259.692
198.041,-622.22,257.732
199.419,-614.132,254.382
200.123,-604.281,250.302
203.063,-599.572,248.351
205.329,-595.036,246.472
206.375,-586.961,243.127
209.131,-582.235,241.17
212.571,-581.17,240.729
216.006,-580.089,240.281
218.713,-577.265,239.111
221.945,-576.211,238.674
225.35,-575.082,238.207
228.748,-573.935,237.732
231.438,-571.042,236.533
234.813,-569.864,236.046
238.18,-568.67,235.551
241.364,-567.523,235.076
244.717,-566.297,234.568
248.063,-565.052,234.052
250.639,-562.083,232.822
253.902,-560.832,232.304
257.1,-559.587,231.789
259.557,-556.607,230.554
262.845,-555.288,230.008
266.126,-553.953,229.455
269.398,-552.601,228.895
272.663,-551.232,228.328
275.078,-548.171,227.06
278.317,-546.774,226.481
282.408,-547.029,226.587
285.469,-545.671,226.024
288.693,-544.221,225.424
291.851,-542.781,224.827
295.057,-541.3,224.214
298.255,-539.802,223.593
301.443,-538.288,222.966
304.623,-536.758,222.332
307.793,-535.212,221.692
310.954,-533.65,221.045
313.941,-532.156,220.426
318.05,-532.18,220.436
320.217,-528.954,219.1
323.341,-527.329,218.427
327.396,-527.321,218.423
330.51,-525.66,217.735
333.615,-523.983,217.041
336.709,-522.291,216.34
339.793,-520.583,215.633
342.868,-518.86,214.919
345.771,-517.213,214.237
349.885,-517.026,214.159
352.938,-515.252,213.424
355.98,-513.463,212.683
358.959,-511.689,211.949
361.981,-509.869,211.195
364.991,-508.034,210.435
367.991,-506.184,209.668
370.979,-504.318,208.895
373.8,-502.537,208.158
377.909,-502.16,208.001
380.874,-500.244,207.208
383.827,-498.314,206.408
386.769,-496.368,205.603
390.825,-495.937,205.424
393.752,-493.956,204.603
397.3,-493.83,204.551
401.417,-493.294,204.329
407.96,-495.672,205.314
414.544,-497.999,206.278
418.659,-497.394,206.027
422.264,-497.137,205.921
425.199,-494.998,205.035
429.372,-494.285,204.739
432.289,-492.11,203.838
436.463,-491.348,203.523
440.589,-490.598,203.212
445.902,-491.316,203.51
451.388,-491.876,203.742
457.786,-494.123,204.672
462.011,-493.201,204.291
471.64,-492.784,204.118
121.618,-97.4687,40.3729
120.873,-95.4361,39.5309
120.653,-92.8113,38.4437
120.504,-91.5282,37.9122
120.371,-90.2184,37.3697
120.206,-88.9354,36.8382
119.334,-86.9794,36.028
119.165,-85.6807,35.4901
119.67,-85.0778,35.2404
119.445,-83.8283,34.7228
119.311,-82.4579,34.1552
119.086,-81.189,33.6296
119.564,-80.5865,33.38
119.294,-79.3567,32.8706
119.044,-78.091,32.3464
118.773,-76.8424,31.8292
118.467,-75.6319,31.3278
118.179,-74.386,30.8117
118.595,-73.8197,30.5771
118.363,-72.4774,30.0211
118.02,-71.2785,29.5245
117.68,-70.0656,29.0221
118.092,-69.4705,28.7756
117.712,-68.2979,28.2899
117.404,-67.0076,27.7555
117.798,-66.4138,27.5095
117.407,-65.2268,27.0178
117.791,-64.6331,26.7719
117.369,-63.4764,26.2928
117,-62.2238,25.7739
117.366,-61.6321,25.5288
116.932,-60.4622,25.0443
117.282,-59.8813,24.8037
117.616,-59.3196,24.571
117.157,-58.1622,24.0916
117.499,-57.5698,23.8462
117.063,-56.3504,23.3411
116.574,-55.2122,22.8696
116.899,-54.6229,22.6255
116.431,-53.4235,22.1287
116.762,-52.8038,21.8721
116.22,-51.7193,21.4228
115.737,-50.5099,20.9219
116.034,-49.9249,20.6796
115.464,-48.8608,20.2388
115.747,-48.2874,20.0013
116.045,-47.6715,19.7462
116.326,-47.0848,19.5032
115.78,-45.9257,19.023
116.05,-45.3405,18.7806
115.444,-44.2862,18.344
115.704,-43.7027,18.1023
115.122,-42.5691,17.6327
115.372,-41.9872,17.3917
114.733,-40.9585,16.9655
114.973,-40.3786,16.7253
115.21,-39.7975,16.4846
115.44,-39.2254,16.2477
115.67,-38.642,16.006
115.045,-37.5138,15.5387
115.265,-36.9324,15.2979
114.61,-35.8489,14.8491
114.82,-35.2698,14.6092
115.023,-34.6997,14.3731
115.227,-34.1185,14.1323
114.514,-33.1373,13.7259
114.709,-32.5587,13.4863
114.896,-31.9892,13.2504
115.084,-31.4087,13.0099
114.38,-30.3374,12.5661
114.558,-29.7594,12.3267
114.732,-29.1806,12.087
113.996,-28.1587,11.6637
114.158,-27.5928,11.4293
114.319,-27.016,11.1904
113.57,-25.9831,10.7626
113.722,-25.4093,10.5249
113.87,-24.8348,10.2869
114.015,-24.2595,10.0486
113.208,-23.3708,9.68049
113.345,-22.7989,9.44361
113.478,-22.2263,9.20642
113.608,-21.653,8.96898
113.732,-21.0892,8.73542
113.855,-20.5147,8.49746
114.934,-20.2234,8.37682
115.052,-19.6428,8.13632
110.785,-6.37682,2.64137
110.821,-5.81737,2.40963
110.854,-5.25775,2.17783
110.883,-4.69801,1.94598
110.91,-4.13809,1.71405
111.924,-3.8086,1.57757
111.945,-3.2534,1.3476
111.962,-2.68814,1.11347
111.976,-2.12286,0.879316
111.995,-0.962256,0.398579
109.959,2.11759,-2.11759
109.941,2.54246,-2.54246
109.92,2.96726,-2.96726
109.895,3.39196,-3.39196
109.868,3.81657,-3.81657
109.835,4.25595,-4.25595
109.801,4.68031,-4.68031
109.763,5.10453,-5.10453
109.722,5.5286,-5.5286
109.659,6.1235,-6.1235
109.611,6.53972,-6.53972
109.558,6.96318,-6.96318
109.503,7.38643,-7.38643
109.444,7.80945,-7.80946
109.382,8.23225,-8.23225
109.317,8.6548,-8.6548
109.248,9.07709,-9.07709
109.177,9.49911,-9.49911
109.102,9.92085,-9.92085
109.025,10.3349,-10.3349
108.943,10.756,-10.756
108.858,11.1768,-11.1769
108.77,11.5973,-11.5973
108.679,12.0175,-12.0175
108.59,12.4152,-12.4152
108.492,12.8346,-12.8346
108.391,13.2536,-13.2536
109.309,13.6484,-13.6484
109.202,14.0706,-14.0706
108.071,14.501,-14.501
108.98,14.9063,-14.9063
108.863,15.3272,-15.3272
108.743,15.7476,-15.7476
108.62,16.1676,-16.1676
108.493,16.5871,-16.5871
108.363,17.0061,-17.0061
108.237,17.4025,-17.4025
108.101,17.8205,-17.8205
107.962,18.238,-18.238
107.819,18.6549,-18.6549
107.673,19.0712,-19.0712
107.527,19.4797,-19.4797
107.375,19.8949,-19.8949
107.22,20.3096,-20.3096
108.082,20.7638,-20.7638
107.92,21.1811,-21.1811
107.755,21.5978,-21.5978
107.586,22.0139,-22.0139
107.414,22.4293,-22.4293
107.249,22.8222,-22.8222
107.071,23.2363,-23.2363
107.908,23.7146,-23.7146
107.724,24.1312,-24.1312
107.539,24.5398,-24.5398
107.348,24.955,-24.955
107.153,25.3694,-25.3694
106.955,25.7831,-25.7831
106.755,26.196,-26.196
106.551,26.6082,-26.6082
107.369,27.0912,-27.0913
107.158,27.5057,-27.5057
106.944,27.9194,-27.9194
106.727,28.3322,-28.3322
106.506,28.7442,-28.7442
106.286,29.1481,-29.1482
107.07,29.6726,-29.6726
106.84,30.0859,-30.0859
106.605,30.4983,-30.4983
106.14,31.2987,-31.2988
106.657,32.2519,-32.2519
106.406,32.6635,-32.6636
106.152,33.0742,-33.0742
105.895,33.4839,-33.4839
106.6,34.0981,-34.0981
106.335,34.5095,-34.5095
106.067,34.9199,-34.9199
105.796,35.3292,-35.3293
106.52,35.8986,-35.8986
106.241,36.3097,-36.3097
105.959,36.7197,-36.7197
105.679,37.1214,-37.1214
105.4,37.5149,-37.5149
105.114,37.9145,-37.9145
105.812,38.5015,-38.5015
105.513,38.9098,-38.9098
105.211,39.3169,-39.317
104.906,39.7229,-39.7229
105.586,40.3218,-40.3218
105.272,40.7292,-40.7292
104.973,41.1141,-41.1141
104.653,41.5191,-41.5191
105.252,42.208,-42.208
104.924,42.6141,-42.6141
104.593,43.0189,-43.0189
105.257,43.6173,-43.6173
104.918,44.0234,-44.0234
104.577,44.4281,-44.4281
105.209,45.0565,-45.0565
104.859,45.4623,-45.4623
104.506,45.8669,-45.8669
104.15,46.27,-46.27
103.797,46.6647,-46.6647
104.346,47.37,-47.37
103.979,47.7725,-47.7725
103.608,48.1736,-48.1736
103.234,48.5732,-48.5732
103.84,49.2045,-49.2045
103.459,49.605,-49.6051
103.074,50.0041,-50.0041
103.569,50.7417,-50.7417
103.175,51.1411,-51.1411
103.756,51.7864,-51.7865
103.354,52.1866,-52.1866
102.949,52.5852,-52.5852
102.138,53.3708,-53.3708
102.186,54.5072,-54.5072
102.708,55.191,-55.191
102.28,55.587,-55.5871
102.73,56.3319,-56.3319
102.293,56.728,-56.728
101.853,57.1224,-57.1224
102.347,57.8189,-57.8189
102.772,58.5744,-58.5744
102.331,60.0719,-60.0719
730.536,527.377,-527.377
720.954,526.08,-526.08
709.958,523.753,-523.754
698.383,521.784,-521.784
690.24,521.378,-521.378
686.2,524.037,-524.037
683.562,527.677,-527.677
682.16,532.407,-532.407
675.216,538.705,-538.706
522.39,426.564,-426.564
516.657,426.323,-426.323
510.132,426.536,-426.536
504.262,426.331,-426.331
499.685,427.183,-427.183
497.642,430.202,-430.202
494.369,432.085,-432.086
489.772,432.885,-432.885
486.42,434.771,-434.771
483.052,436.644,-436.644
479.849,438.407,-438.407
476.454,440.254,-440.255
473.044,442.089,-442.089
469.62,443.91,-443.91
466.183,445.718,-445.718
463.911,448.655,-448.655
460.437,450.441,-450.441
458.173,453.333,-453.333
455.817,456.251,-456.252
452.284,458.006,-458.006
448.738,459.747,-459.747
446.305,462.642,-462.642
442.723,464.36,-464.36
439.127,466.064,-466.064
435.519,467.754,-467.754
431.897,469.43,-469.43
428.455,471.005,-471.005
423.799,471.431,-471.431
420.15,473.061,-473.062
421.225,479.256,-479.257
419.608,483.287,-483.288
414.895,483.664,-483.664
406.453,480.656,-480.656
398.664,477.348,-477.348
392.954,476.438,-476.439
385.273,473.048,-473.048
377.148,469.817,-469.817
371.556,468.8,-468.8
365.99,467.754,-467.754
359.494,465.437,-465.438
353.994,464.33,-464.33
348.767,464.703,-464.703
343.315,463.538,-463.538
338.809,463.601,-463.601
333.467,462.361,-462.361
326.418,458.545,-458.545
323.821,461.044,-461.044
328.685,473.541,-473.541
311.368,462.183,-462.183
305.404,461.047,-461.047
300.159,459.652,-459.652
295.774,459.518,-459.518
291.4,459.364,-459.364
287.223,459.131,-459.131
283.671,460.234,-460.234
280.11,461.323,-461.323
277.319,463.701,-463.702
273.731,464.766,-464.766
269.44,464.49,-464.49
266.595,466.836,-466.836
261.505,465.23,-465.231
254.968,462.491,-462.491
249.428,459.457,-459.457
244.523,457.751,-457.751
240.981,458.689,-458.69
236.747,458.285,-458.285
232.525,457.862,-457.862
228.318,457.42,-457.421
224.124,456.96,-456.96
219.263,456.644,-456.644
215.098,456.143,-456.143
211.57,456.967,-456.967
207.608,456.389,-456.39
203.476,455.836,-455.836
199.95,456.616,-456.616
196.418,457.382,-457.382
192.31,456.778,-456.778
188.279,456.144,-456.144
184.751,456.865,-456.865
180.678,456.21,-456.21
176.621,455.538,-455.538
173.097,456.213,-456.213
169.061,455.508,-455.508
164.548,454.874,-454.874
160.06,452.759,-452.759
156.084,451.996,-451.997
153.052,453.969,-453.969
149.995,455.931,-455.931
146.911,457.883,-457.883
144.985,461.087,-461.088
142.266,464.405,-464.405
139.5,467.716,-467.716
137.089,472.404,-472.404
135.78,478.364,-478.364
133.995,485.822,-485.822
132.461,491.792,-491.792
129.021,493.687,-493.687
124.851,492.786,-492.786
121.242,493.236,-493.237
117.096,492.303,-492.303
113.357,492.74,-492.741
109.547,493.171,-493.171
105.434,492.189,-492.189
101.829,492.568,-492.568
96.9426,491.633,-491.633
93.2083,491.994,-491.994
89.3496,490.926,-490.926
85.5543,491.264,-491.264
81.7563,491.587,-491.587
78.1787,493.301,-493.301
74.3651,493.596,-493.596
71.4889,495.23,-495.23
68.4973,501.125,-501.125
65.3495,507.015,-507.016
62.046,532.769,-532.769
58.0809,534.411,-534.411
53.9499,534.628,-534.628
49.9028,533.407,-533.407
45.6586,532.18,-532.18
41.5451,532.349,-532.349
37.331,531.089,-531.089
33.226,531.225,-531.225
29.0425,529.932,-529.932
25.1621,530.031,-530.032
21.0093,528.707,-528.707
16.9947,528.779,-528.779
12.8733,527.423,-527.423
8.797,527.465,-527.465
4.06575,526.08,-526.08
-3.25213e-05,526.087,-526.088
-3.98377,524.666,-524.666
-7.82508,524.644,-524.644
-11.8796,524.606,-524.606
-15.8908,523.138,-523.138
-19.9336,523.069,-523.069
-23.9109,521.571,-521.571
-27.9414,521.471,-521.471
-31.7591,521.361,-521.361
-35.6909,519.818,-519.818
-39.7077,519.673,-519.673
-43.7234,519.511,-519.512
-47.5377,517.927,-517.927
-51.3994,517.742,-517.742
-55.3298,517.54,-517.54
-59.167,515.908,-515.909
-63.1532,515.672,-515.672
-67.1376,515.42,-515.421
-70.9104,515.168,-515.168
-74.6861,513.479,-513.479
-78.6534,513.183,-513.183
-82.6183,512.871,-512.872
-86.5807,512.544,-512.545
-90.2925,510.799,-510.799
-94.0311,510.462,-510.462
-97.9747,510.091,-510.091
-101.846,509.711,-509.711
-105.784,509.31,-509.31
-109.719,508.894,-508.894
-113.443,508.485,-508.485
-117.049,506.644,-506.644
-120.962,506.184,-506.184
-124.873,505.709,-505.709
-128.779,505.219,-505.219
-132.476,504.74,-504.741
-136.375,504.221,-504.221
-140.27,503.686,-503.687
-144.092,503.147,-503.147
-147.979,502.582,-502.583
-151.861,502.003,-502.003
-155.534,501.44,-501.441
-159.407,500.832,-500.832
-163.275,500.208,-500.209
-167.139,499.57,-499.57
-170.997,498.917,-498.917
-174.648,498.284,-498.284
-178.988,498.973,-498.973
-182.339,496.905,-496.905
-186.176,496.193,-496.193
-190.465,496.844,-496.844
-194.167,496.127,-496.127
-198.475,496.743,-496.743
-211.69,498.439,-498.439
-618.8,1401.22,-1401.23
-629.62,1398.81,-1398.81
-640.421,1396.36,-1396.36
-652.458,1396.55,-1396.55
-666.878,1402.09,-1402.09
-678.999,1402.17,-1402.17
-687.193,1394.19,-1394.19
-698.727,1394.32,-1394.32
-710.849,1394.26,-1394.26
-721.614,1391.49,-1391.49
-732.357,1388.68,-1388.68
-744.496,1388.47,-1388.48
-755.216,1385.58,-1385.58
-767.372,1385.27,-1385.27
-779.358,1384.97,-1384.97
-787.051,1376.69,-1376.69
-798.639,1376.41,-1376.41
-813.88,1381.13,-1381.13
-824.542,1377.97,-1377.97
-838.336,1379.96,-1379.96
-847.39,1374.11,-1374.11
-857.997,1370.81,-1370.81
-870.217,1370.05,-1370.05
-880.792,1366.67,-1366.67
-892.464,1366,-1366
-903.007,1362.53,-1362.53
-913.34,1359.08,-1359.08
-923.83,1355.53,-1355.53
-936.048,1354.48,-1354.48
-948.278,1353.38,-1353.38
-960.519,1352.22,-1352.22
-974.585,1353.53,-1353.53
-988.699,1354.77,-1354.77
-998.605,1351.13,-1351.13
-1009.03,1347.25,-1347.25
-1023.21,1348.32,-1348.32
-1035.34,1346.9,-1346.9
-1047.67,1345.36,-1345.36
-1060,1343.76,-1343.76
-1074.3,1344.57,-1344.57
-1086.66,1342.85,-1342.85
-1097.03,1338.63,-1338.63
-1110.86,1339.48,-1339.48
-1123.24,1337.6,-1337.6
-1133.56,1333.24,-1333.24
-1145.92,1331.25,-1331.25
-1158.29,1329.21,-1329.21
-1170.49,1327.2,-1327.2
-1180.73,1322.65,-1322.65
-1190.93,1318.07,-1318.07
-1204.91,1318.45,-1318.45
-1221.65,1320.87,-1320.87
-1234.64,1321.6,-1321.6
-1244.83,1316.81,-1316.81
-1258.94,1316.92,-1316.92
-1273.61,1316.71,-1316.71
-1288.32,1316.42,-1316.42
-1300.77,1313.74,-1313.74
-1313.22,1311,-1311
-1325.66,1308.2,-1308.21
-1340.45,1307.64,-1307.64
-1355.26,1307.01,-1307.01
-1365.34,1301.75,-1301.75
-1377.25,1299,-1299
-1389.51,1296,-1296
-1404.38,1295.1,-1295.1
-1419.27,1294.13,-1294.13
-1429.25,1288.62,-1288.62
-1451.58,1279.71,-1279.71
-1418.62,1236.74,-1236.74
-1503.52,1282.61,-1282.61
-1518.55,1281.11,-1281.12
-1528.25,1275.33,-1275.33
-1543.29,1273.7,-1273.7
-1558.35,1272,-1272
-1573.43,1270.21,-1270.21
-1588.52,1268.35,-1268.35
-1622.61,1254.26,-1254.26
-1613.27,1233.44,-1233.44
-1611.85,1218.92,-1218.92
-1613,1206.51,-1206.51
-1608.32,1190.15,-1190.15
-1609.16,1177.81,-1177.81
-1621.03,1173.6,-1173.6
-1632.89,1169.33,-1169.33
-1647.07,1167.34,-1167.34
-1661.75,1164.94,-1164.94
-1679.3,1164.44,-1164.44
-1694.02,1161.88,-1161.88
-1711.63,1161.19,-1161.19
-1726.38,1158.45,-1158.45
-1740.98,1155.75,-1155.75
-1755.75,1152.85,-1152.86
-1773.47,1151.79,-1151.79
-1785.31,1146.82,-1146.82
-1797.12,1141.8,-1141.8
-1811.9,1138.6,-1138.6
-1835.23,1141.29,-1141.29
-1854.7,1142.73,-1142.74
-1875.62,1142.94,-1142.94
-1893.56,1141.18,-1141.18
-1908.47,1137.49,-1137.49
-1925.99,1135.92,-1135.92
-1944,1133.86,-1133.86
-1955.83,1128.12,-1128.12
-1967.63,1122.32,-1122.32
-1988.78,1121.76,-1121.76
-2006.69,1119.45,-1119.45
-2018.47,1113.41,-1113.41
-2039.71,1112.51,-1112.51
-2064.18,1113.19,-1113.19
-2079.14,1108.6,-1108.6
-2100.51,1107.31,-1107.31
-2121.46,1106.32,-1106.32
-2139.68,1103.11,-1103.11
-2157.91,1099.78,-1099.78
-2182.66,1099.63,-1099.63
-2197.67,1094.44,-1094.44
-2219.08,1092.55,-1092.55
-2243.96,1091.97,-1091.97
-2258.98,1086.47,-1086.47
-2279.01,1085.73,-1085.73
-2297.35,1081.61,-1081.61
-2305.53,1072.88,-1072.88
-2327.2,1070.12,-1070.12
-2332.07,1059.58,-1059.58
-2319.96,1041.46,-1041.46
-2317.81,1027.97,-1027.97
-2323.43,1016.25,-1016.25
-2327.83,1005.78,-1005.78
-2325.3,992.384,-992.385
-2326.06,980.488,-980.488
-2316.37,964.31,-964.31
-2320.33,953.923,-953.923
-2327.66,944.943,-944.943
-2317.53,928.96,-928.96
-2321.19,918.609,-918.609
-2313.88,904.625,-904.625
-2306.67,890.406,-890.407
-2306.48,878.797,-878.797
-2316.77,871.199,-871.199
-2316.38,859.605,-859.605
-2312.33,846.739,-846.739
-2308.16,833.93,-833.93
-2307.42,822.452,-822.453
-2303,809.746,-809.746
-2298.45,797.098,-797.098
-2297.27,785.897,-785.897
-2292.48,773.354,-773.355
-2290.87,762.543,-762.543
-2296.73,753.679,-753.679
-2287.97,740.086,-740.087
-2286.36,728.909,-728.909
-2295.62,721.212,-721.212
-2286.5,707.793,-707.793
-2280.92,695.587,-695.587
-2282.58,685.656,-685.657
-2284.15,675.734,-675.734
-2285.55,665.975,-665.976
-2286.96,656.07,-656.07
-2281.63,642.685,-642.685
-2271.67,629.729,-629.729
-2272.77,619.923,-619.924
-2273.71,610.282,-610.283
-2259.65,596.541,-596.541
-2260.47,586.826,-586.826
-2272.5,580.002,-580.003
-2265.64,568.375,-568.375
-2254.66,556.346,-556.346
-2255.14,546.708,-546.708
-2247.96,535.277,-535.278
-2259.66,528.359,-528.359
-2263.71,519.619,-519.62
-2260,509.3,-509.3
-2256.27,498.871,-498.871
-2252.44,488.487,-488.487
-2256.18,479.775,-479.776
-2256.02,470.25,-470.25
-2255.78,460.741,-460.741
-2255.46,451.247,-451.247
-2254.88,442.228,-442.228
-2246.68,431.285,-431.285
-2238.38,420.419,-420.419
-2237.67,411.204,-411.204
-2240.81,402.551,-402.551
-2240.01,393.204,-393.204
-2239.13,383.876,-383.876
-2238.17,374.567,-374.567
-2237.13,365.276,-365.276
-2236.02,356.004,-356.004
-2234.83,346.752,-346.752
-2233.57,337.52,-337.52
-2232.18,328.46,-328.46
-2226.84,318.707,-318.707
-2229.27,310.097,-310.097
-2227.71,300.948,-300.948
-2226.07,291.819,-291.819
-2224.35,282.713,-282.713
-2218.51,273.594,-273.594
-2220.59,265.017,-265.017
-2214.71,255.522,-255.522
-2208.75,246.079,-246.079
-2214.58,237.965,-237.966
-2212.39,229.145,-229.145
-2210.53,218.4,-218.4
-2208.22,209.478,-209.479
-2205.81,200.731,-200.731
-2207.33,192.205,-192.205
-2204.81,183.342,-183.342
-2202.14,174.952,-174.952
-2203.46,166.44,-166.44
-2200.74,157.638,-157.638
-2201.92,149.132,-149.132
-2199.06,140.366,-140.366
-2196.12,131.628,-131.628
-2197.11,123.14,-123.14
-2194.04,114.439,-114.439
-2190.89,105.916,-105.916
-2191.67,97.4478,-97.4479
-2188.4,88.8153,-88.8153
-2185.06,80.211,-80.211
-2185.64,71.7664,-71.7664
-2186.17,63.3196,-63.3196
-2182.63,54.7706,-54.7706
-2179.02,46.2509,-46.2509
-2179.34,37.8301,-37.8301
-2175.6,29.5017,-29.5017
-2175.8,21.0943,-21.0943
-2167.92,13.0805,-13.0805
-2163.99,4.6944,-4.6944
-2167.99,-3.67448,3.67448
-2167.93,-12.0519,12.0519
-2167.81,-20.429,20.429
-2163.62,-28.7523,28.7523
-2163.36,-37.1125,37.1125
-2163.04,-45.4716,45.4716
-2162.67,-53.6827,53.6827
-2158.22,-61.9241,61.9241
-2157.71,-70.2629,70.263
-2157.14,-78.5997,78.5997
-2152.5,-86.7731,86.7731
-2155.79,-95.2658,95.2659
-2155.03,-103.595,103.595
-2150.2,-111.713,111.713
-2149.31,-120.02,120.02
-2152.35,-128.416,128.416
-2155.31,-136.984,136.985
-2146.32,-144.337,144.337
-2145.17,-152.629,152.629
-2143.96,-160.916,160.916
-2142.68,-169.198,169.198
-2141.34,-177.475,177.475
-2139.94,-185.747,185.747
-2138.47,-194.014,194.014
-2136.94,-202.274,202.274
-2135.37,-210.384,210.384
-2133.71,-218.632,218.633
-2131.99,-226.874,226.874
-2130.21,-235.109,235.109
-2128.36,-243.337,243.337
-2126.45,-251.558,251.558
-2128.41,-260.253,260.253
-2130.31,-268.971,268.971
-2128.2,-277.199,277.199
-2122.13,-284.747,284.747
-2119.9,-292.943,292.943
-2121.65,-301.257,301.257
-2123.2,-310.022,310.023
-2120.78,-318.222,318.222
-2114.38,-325.81,325.81
-2115.73,-334.593,334.593
-2117.01,-343.396,343.396
-2106.54,-350.276,350.277
-2115.47,-360.399,360.399
-2112.65,-368.568,368.568
-2113.7,-377.275,377.275
-2110.75,-385.437,385.438
-2111.61,-394.31,394.31
-2116.25,-403.938,403.938
-2113.1,-412.11,412.11
-2109.88,-420.269,420.269
-2102.76,-427.634,427.634
-2095.59,-434.956,434.956
-2103.69,-445.482,445.482
-2100.28,-453.462,453.462
-2096.74,-461.571,461.571
-2093.14,-469.666,469.667
-2089.48,-477.748,477.748
-2093.36,-487.584,487.585
-2097.14,-497.465,497.466
-2093.27,-505.562,505.562
-2085.55,-512.714,512.714
-2085.33,-521.709,521.709
-2088.86,-531.533,531.534
-2084.72,-539.597,539.597
-2076.77,-546.658,546.658
-2076.26,-555.676,555.676
-2071.7,-564.112,564.113
-2071.04,-573.14,573.14
-2074.01,-583.225,583.225
-2077.85,-591.66,591.66
-2084.36,-602.893,602.893
-2083.36,-612.023,612.023
-2078.6,-620.064,620.064
-2073.78,-628.087,628.087
-2076.23,-638.347,638.347
-2078.67,-648.503,648.503
-2073.63,-656.526,656.526
-2072.16,-665.699,665.699
-2066.99,-673.696,673.697
-2065.37,-682.872,682.872
-2063.68,-692.054,692.055
-2058.3,-700.018,700.019
-2056.46,-709.202,709.202
-2061.7,-720.899,720.899
-2052.62,-727.448,727.448
-2053.8,-738.349,738.349
-2062.29,-751.456,751.457
-2056.45,-759.414,759.414
-2054.08,-768.672,768.672
-2055.16,-779.272,779.272
-2049.11,-787.202,787.202
-2053.51,-799.2,799.2
-2050.9,-808.361,808.361
-2048.11,-817.665,817.665
-2045.23,-826.971,826.971
-2045.73,-837.696,837.697
-2042.68,-847.02,847.02
-2039.54,-856.344,856.345
-2032.89,-864.213,864.213
-2036.43,-876.467,876.467
-2043.25,-890.258,890.258
-2043.25,-900.996,900.996
-2029.49,-905.858,905.858
-2029.2,-916.732,916.733
-2035.52,-930.703,930.703
-2031.65,-940.104,940.104
-2024.35,-947.94,947.941
-2023.64,-958.898,958.898
-2029.44,-973.053,973.053
-2021.89,-980.88,980.88
-2025.35,-992.282,992.282
-2024.2,-1003.34,1003.34
-2013.16,-1009.51,1009.51
-2008.57,-1018.92,1018.92
-2013.76,-1033.18,1033.18
-2018.64,-1047.64,1047.64
-2020.15,-1060.48,1060.48
-2015.12,-1069.97,1069.97
-2013.2,-1081.16,1081.16
-2011.15,-1092.37,1092.37
-2012.16,-1105.33,1105.33
-2006.73,-1114.84,1114.84
-2001.22,-1124.34,1124.34
-1998.89,-1135.46,1135.46
-2002.5,-1150.3,1150.3
-1999.76,-1161.61,1161.61
-2003.06,-1176.55,1176.55
-2000.07,-1187.91,1187.91
-1996.95,-1199.29,1199.29
-2002.83,-1216.2,1216.2
-1999.44,-1227.63,1227.63
-1989.92,-1235.34,1235.34
-1983.51,-1244.75,1244.75
-1988.74,-1261.84,1261.84
-1990.81,-1277.11,1277.11
-1989.23,-1290.92,1290.92
-1988.02,-1304.36,1304.36
-1980.83,-1313.96,1313.96
-1976.45,-1325.49,1325.49
-1972.13,-1336.89,1336.89
-1969.52,-1346.96,1346.96
-1970.52,-1362.46,1362.46
-1974.19,-1379.99,1379.99
-1971.98,-1393.6,1393.6
-1978.06,-1413.26,1413.26
-1975.7,-1426.81,1426.81
-1972.99,-1440.52,1440.52
-1972.9,-1456.29,1456.29
-1969.27,-1470.45,1470.46
-1966.08,-1484.24,1484.24
-1957.3,-1493.89,1493.89
-1961.94,-1513.94,1513.94
-1955.58,-1525.69,1525.69
-1954.65,-1541.51,1541.51
-1961.28,-1563.86,1563.86
-1954.44,-1575.67,1575.67
-1955.34,-1593.88,1593.88
-1953.41,-1610,1610
-1946.12,-1621.83,1621.83
76.4346,-1011.13,1011.13
84.2482,-1010.82,1010.82
92.0592,-1010.48,1010.48
107.371,-1006.89,1006.89
90.9339,-742.512,742.512
95.57,-733.7,733.7
100.268,-726.282,726.282
105.263,-721.663,721.663
116.865,-723.617,723.617
124.299,-524.43,524.43
127.326,-519.761,519.762
131.693,-520.654,520.654
135.645,-520.146,520.146
139.662,-519.614,519.615
143.676,-519.067,519.067
147.685,-518.504,518.504
151.691,-517.926,517.926
155.691,-517.332,517.332
160.114,-518.104,518.104
166.303,-524.377,524.377
172.178,-532.137,532.137
177.658,-535.594,535.594
181.794,-534.899,534.899
185.926,-534.189,534.189
190.051,-533.462,533.463
194.171,-532.72,532.72
198.285,-531.962,531.962
202.842,-532.567,532.567
206.954,-531.775,531.775
211.061,-530.967,530.968
215.162,-530.144,530.144
219.818,-530.662,530.662
223.916,-529.804,529.805
228.007,-528.931,528.932
232.091,-528.042,528.042
236.773,-528.486,528.486
240.782,-527.579,527.579
244.856,-526.641,526.641
248.922,-525.687,525.687
253.626,-526.056,526.056
257.688,-525.068,525.068
261.742,-524.064,524.065
266.465,-524.376,524.376
270.513,-523.339,523.339
274.554,-522.285,522.286
279.222,-522.558,522.559
283.974,-522.792,522.792
288.01,-521.687,521.687
292.038,-520.566,520.566
296.168,-520.922,520.922
300.19,-519.77,519.77
304.969,-519.909,519.909
308.982,-518.722,518.723
313.773,-518.821,518.821
318.574,-518.898,518.898
322.579,-517.659,517.659
327.392,-517.696,517.696
331.388,-516.423,516.423
336.141,-516.442,516.443
340.973,-516.417,516.417
344.959,-515.092,515.092
349.8,-515.026,515.026
353.775,-513.667,513.667
358.625,-513.56,513.56
362.589,-512.167,512.167
367.447,-512.019,512.019
372.313,-511.849,511.849
376.194,-510.428,510.428
381.067,-510.217,510.218
385.948,-509.984,509.984
390.284,-509.94,509.94
394.15,-508.451,508.451
399.045,-508.157,508.157
402.966,-506.607,506.608
407.865,-506.272,506.272
412.771,-505.913,505.913
417.684,-505.531,505.531
422.603,-505.127,505.127
426.501,-503.486,503.487
431.422,-503.04,503.04
436.282,-502.6,502.6
440.83,-495.607,495.607
451.098,-501.054,501.054
450.63,-494.548,494.548
455.538,-493.984,493.984
460.451,-493.397,493.397
465.367,-492.787,492.787
470.289,-492.153,492.153
475.147,-491.528,491.528
480.077,-490.847,490.848
485.009,-490.144,490.144
489.415,-489.682,489.682
494.289,-488.968,488.968
500.404,-489.342,489.342
504.178,-487.401,487.401
510.317,-487.72,487.72
515.277,-486.873,486.873
520.239,-486.002,486.002
525.203,-485.107,485.107
531.393,-485.307,485.307
537.602,-485.473,485.473
549.283,-486.152,486.152
123.291,-72.1083,72.1083
123.179,-71.0913,71.0913
122.359,-69.5602,69.5602
122.214,-68.5552,68.5552
122.38,-66.1028,66.1029
121.258,-63.6293,63.6294
121.036,-62.6513,62.6514
120.875,-61.6044,61.6044
121.092,-60.1691,60.1691
120.096,-58.7064,58.7064
119.785,-57.7776,57.7776
120.253,-57.2894,57.2894
120.694,-56.8239,56.8239
119.604,-55.4253,55.4253
119.361,-54.392,54.392
119.779,-53.93,53.93
119.427,-53.0007,53.0007
118.275,-51.633,51.633
118.673,-51.1752,51.1752
119.066,-50.7158,50.7159
118.746,-49.7164,49.7165
118.344,-48.8036,48.8037
118.72,-48.3456,48.3456
118.293,-47.4484,47.4484
118.658,-46.9906,46.9906
118.269,-46.029,46.029
118.617,-45.5793,45.5793
118.159,-44.69,44.69
117.684,-43.8149,43.8149
118.021,-43.3595,43.3595
117.591,-42.4049,42.4049
117.917,-41.9499,41.9499
117.411,-41.0838,41.0838
116.931,-40.1687,40.1687
116.402,-39.3161,39.3161
116.704,-38.8658,38.8658
116.998,-38.4221,38.4221
116.501,-37.4935,37.4936
116.789,-37.0428,37.0428
116.213,-36.2185,36.2185
116.491,-35.7688,35.7689
116.766,-35.3182,35.3182
110.999,0.14661,-0.353948
110.996,0.378739,-0.914356
110.989,0.610856,-1.47474
110.978,0.842955,-2.03507
110.964,1.07503,-2.59535
110.947,1.30707,-3.15555
109.919,1.61797,-3.90612
109.894,1.84378,-4.45128
110.876,2.01107,-4.85515
110.845,2.24291,-5.41487
109.801,2.53297,-6.11512
109.763,2.76255,-6.66939
109.722,2.99206,-7.22346
109.652,3.3462,-8.07844
109.602,3.57546,-8.63193
109.55,3.80462,-9.18516
109.494,4.03366,-9.73812
109.435,4.26259,-10.2908
109.372,4.49138,-10.8431
109.308,4.71603,-11.3855
109.239,4.94455,-11.9372
109.166,5.17293,-12.4885
109.091,5.40115,-13.0395
109.012,5.62921,-13.5901
108.93,5.8571,-14.1403
108.845,6.08481,-14.69
108.761,6.30038,-15.2104
108.669,6.52773,-15.7593
108.575,6.75489,-16.3077
108.478,6.97787,-16.8461
108.377,7.20463,-17.3935
108.272,7.43117,-17.9404
108.165,7.65748,-18.4868
109.076,7.87522,-19.0124
108.962,8.10321,-19.5629
108.844,8.33096,-20.1127
108.724,8.55845,-20.6619
108.473,9.01268,-21.7585
109.104,9.68325,-23.3774
106.458,21.1918,-51.1616
106.154,21.4142,-51.6983
105.847,21.6358,-52.2335
104.911,22.2931,-53.8203
105.526,22.6572,-54.6993
104.872,23.0972,-55.7616
84.0811,32.2259,-77.8001
81.7637,47.2094,-113.974
80.3989,47.095,-113.697
96.7516,61.2391,-147.844
96.574,61.7266,-149.021
96.2001,62.257,-150.302
94.8756,63.4374,-153.151
323.667,280.808,-677.931
319.778,285.628,-689.567
276.606,256.873,-620.146
270.852,256.119,-618.325
265.711,255.259,-616.25
259.872,253.674,-612.422
254.086,252.071,-608.553
248.56,251.24,-606.548
244.27,251.039,-606.062
239.307,250.109,-603.816
234.377,249.165,-601.538
230.21,248.922,-600.95
225.995,248.677,-600.358
222.628,249.121,-601.431
219.067,249.583,-602.546
214.873,249.31,-601.888
211.31,249.756,-602.964
208.346,250.924,-605.783
204.76,251.356,-606.826
201.167,251.78,-607.851
198.333,252.908,-610.575
195.283,254.054,-613.339
191.652,254.458,-614.316
187.536,254.112,-613.48
183.904,254.5,-614.418
180.79,255.62,-617.12
177.649,256.734,-619.81
174.173,257.082,-620.652
170.499,257.443,-621.522
167.301,258.538,-624.167
164.077,259.628,-626.798
160.826,260.713,-629.415
157.101,261.045,-630.218
153.809,262.116,-632.805
151.282,263.115,-635.216
147.523,263.428,-635.971
144.576,265.231,-640.324
141.782,267.014,-644.628
138.354,268.057,-647.147
134.901,269.094,-649.651
131.789,270.877,-653.955
129.449,272.598,-658.11
126.248,274.373,-662.394
123.336,276.896,-668.485
120.356,279.415,-674.568
119.422,284.901,-687.812
201.445,559.556,-1350.89
193.067,558.444,-1348.2
184.838,558.08,-1347.32
176.385,556.939,-1344.57
160.668,556.865,-1344.39
102.807,401.425,-969.126
97.0733,401.634,-969.63
91.1632,401.069,-968.265
85.573,400.481,-966.846
79.7007,399.891,-965.422
73.8478,399.288,-963.966
68.1448,399.437,-964.325
62.3204,398.809,-962.81
56.8152,398.163,-961.25
51.1285,398.276,-961.523
45.4527,397.611,-959.917
39.7741,397.7,-960.132
34.3271,397.008,-958.462
28.6021,396.309,-956.774
22.9423,396.363,-956.904
17.2484,395.64,-955.158
11.5759,394.905,-953.384
6.2333,394.922,-953.426
0.593669,394.929,-953.443
-10.9654,377.303,-910.889
-16.32,376.509,-908.972
-22.4053,375.697,-907.013
-27.77,375.645,-906.887
-33.0664,374.816,-904.886
-38.3399,373.977,-902.86
-43.7691,374.656,-904.498
-58.7638,376.655,-909.326
-78.3486,399.163,-963.663
-84.3689,400.519,-966.937
-96.9572,406.25,-980.773
-2128.46,764.991,-1846.85
-2145.21,762.612,-1841.11
-2158.82,759.229,-1832.94
-2178.51,757.792,-1829.47
-2207.15,759.365,-1833.27
-2241.3,763.122,-1842.34
-2270.18,764.491,-1845.64
-2299.17,765.761,-1848.71
-2316.13,762.939,-1841.9
-2339.93,764.076,-1844.64
-2359.97,762.133,-1839.95
-2383.11,761.109,-1837.48
-2390.86,755.14,-1823.07
-2369,738.786,-1783.59
-2370.17,730.94,-1764.64
-2371.19,723.11,-1745.74
-2368.91,714.351,-1724.59
-2369.61,706.563,-1705.79
-2366.99,697.861,-1684.78
-2364.19,689.19,-1663.85
-2364.41,681.473,-1645.22
-2354.35,671.292,-1620.64
-2341.36,660.003,-1593.39
-2344.28,653.295,-1577.19
-2343.68,645.785,-1559.06
-2336.57,636.436,-1536.49
-2335.81,628.898,-1518.29
-2341.47,623.13,-1504.37
-2343.74,616.49,-1488.34
-2342.13,609.256,-1470.87
-2334.19,600.081,-1448.72
-2326.06,590.958,-1426.7
-2321.09,582.725,-1406.82
-2309.24,572.867,-1383.02
-2307.14,565.637,-1365.57
-2311.8,559.985,-1351.92
-2310.83,551.944,-1332.51
-2315.28,546.3,-1318.88
-2319.63,540.654,-1305.25
-2313.47,532.723,-1286.11
-2307.29,524.749,-1266.86
-2304.4,517.591,-1249.58
-2304.45,511.483,-1234.83
-2301.3,504.374,-1217.67
-2298.03,497.293,-1200.57
-2294.62,490.241,-1183.55
-2291.07,483.219,-1166.59
-2290.91,476.957,-1151.48
-2290.64,470.711,-1136.4
-2290.14,464.564,-1121.56
-2285.88,457.807,-1105.24
-2278.06,450.294,-1087.1
-2280.89,444.828,-1073.91
-2283.63,439.364,-1060.72
-2279.12,432.541,-1044.25
-2274.48,425.751,-1027.85
-2276.93,420.323,-1014.75
-2279.28,414.897,-1001.65
-2274,408.425,-986.024
-2261.65,400.449,-966.769
-2263.7,395.078,-953.803
-2272.85,391.049,-944.076
-2263.78,383.81,-926.599
-2251.74,375.265,-905.969
-2253.39,369.947,-893.13
-2258.64,365.229,-881.74
-2260.04,359.995,-869.103
-2265.14,355.263,-857.68
-2251.64,347.657,-839.317
-2245.41,341.248,-823.845
-2250,336.795,-813.094
-2254.78,332.084,-801.722
-2248.26,325.738,-786.4
-2245.38,319.963,-772.458
-2246.16,314.736,-759.84
-2243.1,308.997,-745.985
-2236.09,302.852,-731.149
-2232.82,297.165,-717.421
-2233.03,292.242,-705.535
-2229.58,286.593,-691.897
-2233.64,281.926,-680.63
-2237.64,277.251,-669.343
-2233.94,271.64,-655.797
-2230.15,266.053,-642.309
-2230.09,260.938,-629.959
-2229.95,255.831,-617.63
-2225.7,250.545,-604.869
-2221.56,245.039,-591.576
-2221.12,240.055,-579.544
-2220.66,234.999,-567.336
-2220.12,229.951,-555.151
-2219.5,224.913,-542.988
-2211.07,219.117,-528.994
-2202.53,213.363,-515.103
-2205.39,208.996,-504.561
-2208.34,204.381,-493.419
-2215.12,200.111,-483.111
-2206.25,194.445,-469.432
-2201.18,189.158,-456.667
-2195.99,183.978,-444.161
-2198.59,179.382,-433.067
-2208.95,175.404,-423.462
-2199.53,170.115,-410.695
-2190.6,163.744,-395.313
-2192.91,159.16,-384.247
-2191.21,154.295,-372.501
-2189.45,149.441,-360.783
-2187.61,144.6,-349.095
-2189.64,140.023,-338.045
-2187.56,135.438,-326.977
-2189.46,130.862,-315.928
-2191.29,126.281,-304.868
-2185.15,121.257,-292.74
-2178.92,116.263,-280.683
-2184.49,111.987,-270.361
-2186.05,107.417,-259.328
-2179.61,102.471,-247.386
-2177.07,97.7327,-235.948
-2174.46,93.0084,-224.542
-2179.73,88.6213,-213.951
-2176.92,84.1477,-203.15
-2174.11,79.4484,-191.805
-2175.21,74.9005,-180.826
-2168.28,70.0927,-169.219
-2165.24,65.5161,-158.17
-2166.15,60.987,-147.236
-2162.99,56.3522,-136.046
-2163.77,51.8279,-125.124
-2164.47,47.3021,-114.197
-2161.12,42.696,-103.077
-2161.7,38.1758,-92.1645
-2162.21,33.6545,-81.2492
-2158.64,29.3159,-70.7749
-2159.03,24.8012,-59.8753
-2155.35,20.2481,-48.8832
-2155.6,15.8194,-38.1915
-2155.8,11.3112,-27.3077
-2151.93,6.79009,-16.3927
-2151.99,2.28971,-5.52785
-2151.99,-2.21073,5.33717
-2151.93,-6.71111,16.202
-2151.8,-11.2113,27.0664
-2151.61,-15.7111,37.93
-2151.35,-20.2105,48.7924
-2147.05,-24.4271,58.9722
-2146.68,-28.8381,69.6212
-2146.23,-33.3269,80.4583
-2145.73,-37.8148,91.293
-2145.15,-42.3015,102.125
-2140.52,-46.6999,112.743
-2139.83,-51.1756,123.549
-2139.06,-55.6498,134.35
-2138.24,-60.1224,145.148
-2137.35,-64.5931,155.941
-2136.41,-68.9836,166.541
-2135.39,-73.4503,177.325
-2134.37,-77.6801,187.536
-2137.21,-82.2957,198.679
-2136,-86.764,209.467
-2134.73,-91.2297,220.248
-2133.4,-95.6926,231.022
-2132,-100.153,241.79
-2130.53,-104.61,252.55
-2129.01,-109.064,263.304
-2127.45,-113.436,273.86
-2125.8,-117.884,284.597
-2124.08,-122.328,295.326
-2126.26,-127.004,306.615
-2124.51,-131.215,316.781
-2122.6,-135.656,327.502
-2120.63,-140.093,338.214
-2114.66,-144.257,348.267
-2116.51,-148.954,359.607
-2118.28,-153.663,370.976
-2116.05,-158.091,381.665
-2113.8,-162.436,392.156
-2111.45,-166.854,402.822
-2112.95,-171.585,414.243
-2110.47,-176.001,424.905
-2111.83,-180.746,436.36
-2109.35,-184.928,446.456
-2110.58,-189.687,457.944
-2107.84,-194.098,468.593
-2108.92,-198.869,480.112
-2106.04,-203.276,490.752
-2103.16,-207.6,501.192
-2096.3,-211.605,510.86
-2097.11,-216.384,522.398
-2097.84,-221.173,533.96
-2090.8,-225.143,543.542
-2091.4,-229.934,555.111
-2091.92,-234.735,566.701
-2084.89,-238.439,575.641
-2085.28,-243.241,587.236
-2085.59,-248.053,598.853
-2089.65,-253.335,611.605
-2086.06,-257.625,621.962
-2089.95,-262.94,634.793
-2093.75,-268.279,647.682
-2089.89,-272.653,658.243
-2078.41,-276.016,666.362
-2078.21,-280.868,678.076
-2078.14,-285.499,689.256
-2081.55,-290.891,702.273
-2084.86,-296.306,715.345
-2088.09,-301.743,728.471
-2076.35,-304.932,736.17
-2068.24,-308.713,745.299
-2071.48,-313.934,757.903
-2070.67,-318.833,769.73
-2066.09,-323.158,780.173
-2061.44,-327.474,790.592
-2065.02,-332.136,801.848
-2067.69,-337.576,814.979
-2062.84,-341.895,825.406
-2065.51,-347.208,838.234
-2064.18,-352.146,850.155
-2062.76,-357.088,862.087
-2061.27,-362.035,874.03
-2059.69,-366.987,885.984
-2054.42,-371.289,896.37
-2049.37,-375.354,906.184
-2047.58,-380.302,918.131
-2052.89,-386.606,933.35
-2054.49,-392.261,947.001
-2045.39,-395.785,955.51
-2046.83,-401.453,969.194
-2048.47,-406.914,982.376
-2046.17,-411.904,994.424
-2040.25,-416.177,1004.74
-2041.32,-421.892,1018.54
-2042.28,-427.625,1032.38
-2039.97,-432.407,1043.92
-2037.25,-437.415,1056.01
-2034.45,-442.426,1068.11
-2035.04,-448.201,1082.05
-2032.06,-453.221,1094.17
-2032.57,-458.945,1107.99
-2033.2,-464.535,1121.49
-2026.54,-468.78,1131.73
-2016.4,-472.212,1140.02
-2023.23,-479.647,1157.97
-2023.13,-485.497,1172.09
-2016.16,-489.721,1182.29
-2016.24,-495.363,1195.91
-2019.2,-502.074,1212.11
-2018.68,-507.971,1226.35
-2014.73,-513.033,1238.57
-2010.82,-518.02,1250.61
-2006.96,-522.932,1262.47
-2002.89,-527.916,1274.5
-2005.17,-534.722,1290.93
-2012.07,-541.624,1307.6
-2007.57,-546.711,1319.88
-1996.48,-550.007,1327.83
-1995.21,-555.903,1342.07
-1996.9,-562.791,1358.7
-2002.09,-570.396,1377.06
-1997.11,-575.495,1389.37
-1998.41,-582.445,1406.15
-1999.57,-589.418,1422.98
-1997.44,-595.472,1437.6
-1992.05,-600.588,1449.95
-1990.15,-606.433,1464.06
-1990.81,-613.466,1481.04
-1982.02,-617.621,1491.07
-1979.34,-623.703,1505.75
-1979.79,-630.698,1522.64
-1980.25,-637.641,1539.4
-1965.18,-639.717,1544.41
-1943.89,-639.824,1544.67
-1925.67,-640.867,1547.19
-1895.46,-637.809,1539.81
-1859.42,-632.61,1527.25
-1856.79,-638.331,1541.07
-1862.45,-647.35,1562.84
-1832.55,-643.988,1554.72
-1808.67,-642.603,1551.38
-1789.43,-643.759,1554.17
-1762.82,-641.164,1547.91
-1730.56,-636.357,1536.3
-1709.97,-635.7,1534.71
-1686.6,-633.903,1530.38
-1652.45,-627.532,1515
-1632.16,-626.642,1512.85
-1614.92,-626.716,1513.03
-1597.57,-626.797,1513.22
-1569.16,-622.417,1502.65
-1539.52,-618.446,1493.06
-1516.95,-616.086,1487.36
-1502.83,-616.954,1489.46
-1483.15,-615.587,1486.16
-1461.32,-612.863,1479.58
-1436.47,-609.092,1470.48
-1417.09,-607.519,1466.68
-1405.75,-609.326,1471.04
-1386.5,-607.644,1466.98
-1362.12,-603.584,1457.18
-1340.49,-600.604,1449.98
-1324.6,-599.744,1447.91
-1306.67,-599.51,1447.34
-1290.45,-598.69,1445.37
-1274.3,-597.822,1443.27
-1255.7,-595.712,1438.18
-1242.63,-595.799,1438.39
-1215.44,-616.467,1488.28
-1201.84,-616.546,1488.47
-1184.71,-614.739,1484.11
-1171.66,-614.604,1483.78
-1159.36,-615.183,1485.18
-1145.91,-615.105,1485
-1127.13,-619.233,1494.96
-1176.94,-652.584,1575.48
-1169.86,-656.3,1584.45
-1173.89,-666.352,1608.72
-1177.66,-676.441,1633.07
-1176.78,-684.007,1651.34
-1173.54,-690.307,1666.55
-1170.68,-696.486,1681.46
-1171.62,-705.34,1702.84
-1174.29,-715.557,1727.51
-1170.38,-721.904,1742.83
-1166.33,-728.257,1758.17
-1164.15,-734.144,1772.38
-1163.93,-743.132,1794.08
-1159.6,-749.465,1809.37
-1158.98,-758.485,1831.14
-1158.13,-767.526,1852.97
-1155.08,-775.255,1871.63
-1154.39,-784.202,1893.23
-1150.95,-791.955,1911.95
-1149.25,-801.06,1933.93
-1147.32,-810.18,1955.95
-1147.05,-820.666,1981.26
-1142.79,-828.467,2000.1
-1140.84,-835.773,2017.73
-1138.05,-844.95,2039.89
-1138.66,-856.868,2068.66
-1138.97,-868.815,2097.5
-1133.64,-876.671,2116.47
-1128.12,-884.531,2135.45
-1126.55,-895.029,2160.79
-871.906,-715.923,1728.39
-861.669,-717.736,1732.77
-851.407,-719.527,1737.09
-837.859,-718.501,1734.61
-822.124,-716.981,1730.94
-808.699,-715.879,1728.28
-796.897,-716.151,1728.94
-785.885,-717.101,1731.23
-773.342,-716.612,1730.05
-760.837,-716.092,1728.8
-748.371,-715.54,1727.47
-737.408,-716.383,1729.5
-726.984,-717.12,1731.28
-714.772,-716.459,1729.68
-703.827,-717.226,1731.54
-692.882,-717.969,1733.33
-681.253,-717.969,1733.33
-668.301,-716.5,1729.78
-657.398,-717.164,1731.39
-645.191,-716.358,1729.44
-632.282,-714.002,1723.75
-621.445,-714.587,1725.17
-613.716,-718.786,1735.3
-610.771,-728.805,1759.49
-610.146,-741.73,1790.69
-611.066,-754.449,1821.4
-604.937,-761.574,1838.6
-592.91,-761.361,1838.09
-585.394,-766.997,1851.69
-584.531,-781.434,1886.55
-582.002,-794.436,1917.94
-577.605,-804.434,1942.08
-551.039,-819.81,1979.19
-411.984,-696.466,1681.42
-404.282,-700.262,1690.58
-393.014,-698.852,1687.18
-381.798,-697.417,1683.71
-369.837,-694.455,1676.56
-359.525,-694.467,1676.59
-349.225,-694.457,1676.57
-337.986,-691.378,1669.13
-327.751,-691.321,1669
-315.45,-686.72,1657.89
-298.929,-672.279,1623.02
-285.927,-663.8,1602.55
-273.05,-660.719,1595.12
-263.913,-662.037,1598.3
-258.791,-668.523,1613.96
-245.207,-662.317,1598.97
-231.699,-651.444,1572.72
-221.099,-648.124,1564.71
-211.085,-644.756,1556.58
-201.798,-644.421,1555.77
-192.365,-644.073,1554.93
-182.516,-642.183,1550.37
-172.726,-640.271,1545.75
-163.282,-637.558,1539.2
-154.176,-637.89,1540
-145.41,-639.727,1544.44
-136.273,-640.022,1545.15
-128.525,-644.862,1556.83
-119.738,-647.412,1562.99
-110.882,-649.944,1569.1
-101.719,-650.93,1571.48
-92.4744,-648.066,1564.57
-83.0227,-646.721,1561.32
-73.773,-645.353,1558.02
-64.4036,-643.968,1554.67
-55.2719,-644.858,1556.82
-46.6027,-645.724,1558.91
-37.292,-644.281,1555.43
-28.0247,-642.819,1551.9
-18.8443,-642.868,1552.02
-10.1594,-643.662,1553.94
-0.96954,-645.204,1557.66
8.26322,-646.728,1561.34
17.5403,-648.231,1564.97
26.3094,-648.188,1564.86
44.5522,-646.51,1560.81
54.9299,-660.177,1593.81
63.6849,-653.169,1576.89
72.3504,-651.505,1572.87
81.4616,-649.815,1568.79
90.6326,-648.87,1566.51
99.6623,-647.143,1562.34
108.288,-646.173,1560
117.236,-644.41,1555.74
126.136,-642.629,1551.44
134.83,-640.067,1545.26
143.796,-639.013,1542.71
152.439,-638.719,1542
161.205,-637.635,1539.39
170.309,-637.288,1538.55
179.406,-636.923,1537.67
187.797,-635.798,1534.95
197.108,-636.156,1535.82
206.929,-638.013,1540.3
217.065,-640.607,1546.56
226.264,-641.685,1549.16
235.424,-641.202,1548
244.577,-640.7,1546.79
253.422,-639.423,1543.7
263.171,-640.395,1546.05
289.929,-638.701,1541.96
254.096,-500.374,1208.01
221.783,-415.432,1002.94
224.937,-410.493,991.017
229.431,-407.78,984.468
233.092,-403.558,974.274
237.096,-398.507,962.082
241.874,-396.515,957.272
244.741,-391.537,945.254
247.852,-387.312,935.052
255.615,-390.518,942.794
265.453,-398.25,961.461
274.8,-392.569,947.744
284.582,-399.485,964.442
289.746,-398.147,961.211
291.835,-391.56,945.309
283.797,-364.554,880.111
287.836,-362.491,875.129
293.008,-361.883,873.663
297.9,-361.298,872.25
302.443,-359.941,868.974
307.578,-359.303,867.434
312.071,-357.928,864.115
316.604,-355.728,858.803
321.025,-354.338,855.446
325.414,-352.939,852.07
329.774,-351.533,848.675
334.102,-350.119,845.262
339.097,-349.415,843.563
344.082,-348.701,841.838
348.253,-347.274,838.394
352.48,-345.828,834.902
357.413,-345.086,833.11
361.588,-343.623,829.579
364.218,-340.736,822.61
367.544,-338.556,817.346
372.373,-337.782,815.479
376.404,-336.295,811.888
381.2,-335.503,809.975
385.094,-334.015,806.382
388.224,-331.807,801.053
392.956,-330.99,799.081
396.84,-329.469,795.407
404.08,-330.714,798.413
412.225,-332.63,803.039
415.483,-330.338,797.505
418.44,-328.088,792.075
421.263,-325.852,786.675
425.013,-324.282,782.885
430.544,-324.07,782.375
439.746,-326.567,788.402
121.148,-35.7605,86.3335
120.967,-35.2213,85.0317
121.748,-34.1819,82.5223
121.349,-33.0868,79.8785
119.617,-32.0355,77.3406
119.313,-31.5322,76.1254
119.762,-31.2822,75.5219
120.207,-31.0313,74.9161
119.158,-30.2544,73.0406
118.894,-29.7121,71.7313
118.564,-29.2034,70.5031
118.193,-28.7149,69.324
118.623,-28.4543,68.6946
119.027,-28.2058,68.0947
118.652,-27.7089,66.8951
118.326,-27.176,65.6086
118.712,-26.9281,65.0102
118.305,-26.4384,63.8279
117.886,-25.9519,62.6534
118.255,-25.705,62.0572
117.893,-25.1707,60.7673
117.424,-24.7047,59.6423
117.794,-24.4457,59.0172
118.141,-24.1991,58.4216
117.666,-23.7254,57.2782
117.232,-23.2165,56.0495
116.734,-22.7498,54.9229
117.058,-22.5054,54.3327
117.377,-22.2602,53.7409
116.92,-21.7478,52.5037
117.224,-21.5072,51.923
116.689,-21.0468,50.8116
116.987,-20.8025,50.2216
116.486,-20.3042,49.0186
115.906,-19.8653,47.959
116.198,-19.6141,47.3526
116.477,-19.3708,46.7652
115.927,-18.8913,45.6075
116.209,-18.6358,44.9907
116.473,-18.3925,44.4033
116.734,-18.1486,43.8146
116.112,-17.7153,42.7684
115.519,-17.2477,41.6396
115.764,-17.0058,41.0557
116.013,-16.755,40.45
115.362,-16.3282,39.4196
115.59,-16.0909,38.8469
115.818,-15.8489,38.2627
115.176,-15.3951,37.1671
115.406,-15.1413,36.5544
115.62,-14.8997,35.9712
114.955,-14.4533,34.8932
115.166,-14.2042,34.292
114.445,-13.81,33.3402
114.648,-13.562,32.7415
114.84,-13.322,32.1622
115.028,-13.0817,31.5819
114.317,-12.6501,30.5399
114.505,-12.3982,29.9319
114.68,-12.1585,29.3533
114.852,-11.9185,28.7739
114.118,-11.488,27.7344
114.28,-11.2491,27.1578
114.439,-11.01,26.5804
113.677,-10.5958,25.5805
113.834,-10.3454,24.976
113.977,-10.1114,24.411
114.12,-9.87285,23.8352
113.312,-9.50183,22.9394
113.443,-9.26887,22.377
113.574,-9.0315,21.804
113.701,-8.79384,21.2302
112.892,-8.38693,20.2478
113.01,-8.15072,19.6776
113.125,-7.91425,19.1067
113.24,-7.66926,18.5152
113.348,-7.43232,17.9432
113.453,-7.19516,17.3706
113.554,-6.9578,16.7976
112.701,-6.5667,15.8534
112.793,-6.3309,15.2841
112.88,-6.09908,14.7245
112.966,-5.86291,14.1543
113.048,-5.62659,13.5838
112.165,-5.24817,12.6702
112.238,-5.01351,12.1037
112.308,-4.77873,11.5369
112.377,-4.53554,10.9498
112.44,-4.30047,10.3822
111.524,-3.94745,9.52999
111.579,-3.71416,8.96677
111.633,-3.46849,8.37366
111.681,-3.23497,7.80991
111.724,-3.00548,7.25586
111.766,-2.77177,6.69165
111.803,-2.53801,6.1273
111.84,-2.29184,5.533
110.882,-1.95818,4.72747
110.908,-1.72628,4.1676
110.932,-1.48617,3.58792
110.952,-1.25414,3.02777
110.968,-1.0221,2.46758
110.981,-0.790015,1.90726
110.99,-0.557922,1.34694
110.997,-0.313578,0.757044
111,-0.0814583,0.196658
111,2.53809e-10,-0.021284
109.997,9.93504e-09,-0.833135
109.991,1.7103e-08,-1.43423
109.981,2.42705e-08,-2.03528
110.973,2.91857e-08,-2.44746
109.952,3.86031e-08,-3.23719
109.933,4.57678e-08,-3.83801
109.911,5.28054e-08,-4.42817
109.885,5.99672e-08,-5.02874
109.856,6.71271e-08,-5.62917
109.825,7.39084e-08,-6.19783
109.79,8.10643e-08,-6.79791
109.751,8.82177e-08,-7.39779
109.709,9.53685e-08,-7.99744
109.652,1.04272e-07,-8.74404
109.605,1.1104e-07,-9.31161
109.553,1.18181e-07,-9.91044
109.497,1.25318e-07,-10.509
109.438,1.32452e-07,-11.1072
109.375,1.39582e-07,-11.7051
109.31,1.46707e-07,-12.3026
109.242,1.53704e-07,-12.8893
109.173,1.60571e-07,-13.4652
109.099,1.67558e-07,-14.0511
109.02,1.74665e-07,-14.6471
108.939,1.81767e-07,-15.2427
108.854,1.88863e-07,-15.8378
108.766,1.95954e-07,-16.4324
108.679,2.02667e-07,-16.9953
108.585,2.09746e-07,-17.5889
108.487,2.16819e-07,-18.182
108.386,2.23885e-07,-18.7746
108.282,2.30945e-07,-19.3667
108.176,2.37874e-07,-19.9477
108.066,2.4492e-07,-20.5386
107.958,2.51589e-07,-21.0978
108.863,2.58483e-07,-21.6759
108.743,2.65573e-07,-22.2705
108.62,2.72655e-07,-22.8644
108.493,2.7973e-07,-23.4577
108.37,2.86424e-07,-24.019
108.237,2.93482e-07,-24.6109
108.101,3.00531e-07,-25.202
107.962,3.07571e-07,-25.7924
107.819,3.14602e-07,-26.382
107.673,3.21624e-07,-26.9708
107.532,3.28267e-07,-27.5279
107.383,3.35147e-07,-28.1048
107.228,3.42139e-07,-28.6912
107.069,3.49122e-07,-29.2768
107.937,3.56465e-07,-29.8925
107.772,3.63493e-07,-30.4819
107.604,3.70511e-07,-31.0704
107.433,3.77518e-07,-31.658
107.258,3.84513e-07,-32.2446
107.09,3.9113e-07,-32.7995
106.909,3.98103e-07,-33.3842
106.725,4.05064e-07,-33.9679
107.555,4.13233e-07,-34.653
107.375,4.19867e-07,-35.2094
107.181,4.26858e-07,-35.7956
106.983,4.33837e-07,-36.3808
106.387,4.54206e-07,-38.089
106.177,4.61132e-07,-38.6698
106.978,4.69741e-07,-39.3917
106.761,4.76706e-07,-39.9757
106.553,4.83291e-07,-40.5279
107.342,4.92074e-07,-41.2645
107.115,4.99062e-07,-41.8504
106.884,5.06034e-07,-42.4352
106.663,5.12626e-07,-42.988
106.427,5.1957e-07,-43.5702
106.187,5.26497e-07,-44.1512
106.965,5.35236e-07,-44.884
106.718,5.42199e-07,-45.4679
106.468,5.49145e-07,-46.0504
106.214,5.56075e-07,-46.6315
106.926,5.66375e-07,-47.4953
106.665,5.73335e-07,-48.0789
106.401,5.80277e-07,-48.6611
106.147,5.86838e-07,-49.2113
105.877,5.93747e-07,-49.7906
105.603,6.00638e-07,-50.3685
105.326,6.07511e-07,-50.9448
106.058,6.16829e-07,-51.7262
105.774,6.23731e-07,-52.305
105.492,6.30494e-07,-52.8722
106.196,6.40334e-07,-53.6973
105.917,6.46881e-07,-54.2464
105.619,6.53774e-07,-54.8244
105.317,6.60647e-07,-55.4007
105.013,6.675e-07,-55.9754
104.706,6.74334e-07,-56.5485
105.399,6.84101e-07,-57.3675
105.084,6.90959e-07,-57.9427
105.701,7.02283e-07,-58.8923
105.383,7.0904e-07,-59.4589
105.057,7.15897e-07,-60.0339
104.727,7.22733e-07,-60.6071
104.412,7.29189e-07,-61.1485
105.056,7.39664e-07,-62.0269
104.715,7.46499e-07,-62.6001
104.389,7.52954e-07,-63.1414
104.043,7.59745e-07,-63.7109
104.667,7.70405e-07,-64.6048
103.613,7.90408e-07,-66.2822
104.166,8.022e-07,-67.2711
103.797,8.08976e-07,-67.8394
103.425,8.15729e-07,-68.4056
104.014,8.26712e-07,-69.3267
103.653,8.33123e-07,-69.8642
103.27,8.39865e-07,-70.4296
103.782,8.5205e-07,-71.4515
103.397,8.58682e-07,-72.0076
103.002,8.65407e-07,-72.5716
103.58,8.76307e-07,-73.4856
103.177,8.83044e-07,-74.0505
102.771,8.89754e-07,-74.6133
103.247,9.02199e-07,-75.6568
102.832,9.08914e-07,-76.2199
103.363,9.20393e-07,-77.1825
102.989,9.46001e-07,-79.33
735.391,8.3252e-06,-698.137
728.679,8.33997e-06,-699.376
724.846,8.38733e-06,-703.347
719.564,8.41774e-06,-705.897
713.059,8.42847e-06,-706.797
710.599,8.4917e-06,-712.099
710.912,8.5888e-06,-720.242
711.157,8.6862e-06,-728.409
709.944,8.76672e-06,-735.162
707.368,8.82929e-06,-740.409
705.471,8.88373e-06,-744.974
702.757,8.94697e-06,-750.278
529.296,6.99357e-06,-586.469
523.419,6.99238e-06,-586.369
518.883,7.0085e-06,-587.721
514.348,7.02425e-06,-589.041
511.122,7.05766e-06,-591.843
506.751,7.07099e-06,-592.961
503.503,7.10391e-06,-595.722
495.11,7.06342e-06,-592.326
466.046,6.82375e-06,-572.228
459.148,6.7983e-06,-570.094
452.288,6.77215e-06,-567.901
443.741,6.73114e-06,-564.462
439.477,6.74063e-06,-565.258
444.303,6.87703e-06,-576.696
449.629,7.03869e-06,-590.252
450.693,7.11886e-06,-596.975
448.621,7.16724e-06,-601.032
447.704,7.23475e-06,-606.693
450.276,7.36015e-06,-617.209
446.896,7.38938e-06,-619.661
441.181,7.37956e-06,-618.837
444.277,7.49958e-06,-628.902
439.145,7.51339e-06,-630.06
434.561,7.52225e-06,-630.803
437.289,7.64453e-06,-641.057
436.201,7.71097e-06,-646.629
432.661,7.73928e-06,-649.003
433.509,7.84703e-06,-658.038
432.088,7.91514e-06,-663.75
430.305,7.95734e-06,-667.289
426.652,7.98526e-06,-669.63
421.213,7.99806e-06,-670.704
416.68,8.0037e-06,-671.176
413.006,8.03073e-06,-673.443
408.284,8.03713e-06,-673.98
402.541,8.02268e-06,-672.768
397.841,8.02826e-06,-673.236
392.139,8.01287e-06,-671.945
385.466,7.97631e-06,-668.88
379.314,7.96333e-06,-667.791
374.681,7.96712e-06,-668.109
369.087,7.94969e-06,-666.647
364.479,7.9527e-06,-666.899
358.171,7.91213e-06,-663.498
351.719,7.87221e-06,-660.15
348.106,7.89501e-06,-662.062
336.56,7.93917e-06,-665.766
328.586,7.88013e-06,-660.814
324.279,7.8789e-06,-660.711
319.792,7.87845e-06,-660.673
314.454,7.85612e-06,-658.801
308.483,7.8107e-06,-654.992
302.525,7.79123e-06,-653.359
298.308,7.78811e-06,-653.098
293.913,7.78569e-06,-652.894
289.53,7.78292e-06,-652.663
285.158,7.77982e-06,-652.402
280.985,7.77542e-06,-652.033
277.48,7.7933e-06,-653.532
272.362,7.76725e-06,-651.349
268.037,7.76283e-06,-650.978
264.663,7.77928e-06,-652.357
259.602,7.77783e-06,-652.235
256.222,7.79375e-06,-653.57
252.646,7.81033e-06,-654.961
248.417,7.8041e-06,-654.438
244.325,7.79699e-06,-653.842
240.748,7.81279e-06,-655.167
237.164,7.82836e-06,-656.473
233.573,7.8437e-06,-657.759
230.824,7.88053e-06,-660.848
227.859,7.91802e-06,-663.991
225.569,7.95252e-06,-666.884
221.985,7.96684e-06,-668.086
217.135,7.96075e-06,-667.575
212.875,7.95206e-06,-666.846
208.032,7.9203e-06,-664.183
204.591,7.93304e-06,-665.251
200.375,7.92342e-06,-664.444
195.103,7.86752e-06,-659.757
191.065,7.85677e-06,-658.855
185.676,7.82556e-06,-656.238
181.207,7.79095e-06,-653.336
176.586,7.75661e-06,-650.456
172.002,7.7219e-06,-647.546
166.459,7.66527e-06,-642.797
161.472,7.60664e-06,-637.88
155.582,7.50129e-06,-629.045
149.787,7.41996e-06,-622.225
147.757,7.49926e-06,-628.875
146.777,7.59992e-06,-637.317
146.669,7.74699e-06,-649.649
145.695,7.89619e-06,-662.161
142.265,7.90508e-06,-662.906
139.049,7.93758e-06,-665.631
135.41,7.94652e-06,-666.381
131.379,7.93183e-06,-665.149
127.933,7.93983e-06,-665.821
124.293,7.94805e-06,-666.51
120.293,7.93256e-06,-665.211
116.847,7.93988e-06,-665.825
113.271,7.94725e-06,-666.443
109.951,7.97805e-06,-669.025
106.294,7.98509e-06,-669.616
103.129,8.01512e-06,-672.134
99.7468,8.04531e-06,-674.666
97.0542,8.07409e-06,-677.079
93.8986,8.12755e-06,-681.562
90.238,8.13344e-06,-682.057
86.6403,8.139e-06,-682.523
82.9746,8.14443e-06,-682.978
79.241,8.14972e-06,-683.421
75.7017,8.1545e-06,-683.823
72.1729,8.18303e-06,-686.215
68.4218,8.18761e-06,-686.599
64.8561,8.21569e-06,-688.954
61.4656,8.24334e-06,-691.273
57.8532,8.27099e-06,-693.591
54.2174,8.29842e-06,-695.891
50.904,8.34923e-06,-700.152
48.2248,8.44711e-06,-708.36
44.5568,8.44998e-06,-708.601
40.7984,8.47656e-06,-710.83
38.2979,8.62153e-06,-722.986
34.631,8.69536e-06,-729.178
30.7156,8.69745e-06,-729.354
26.7956,8.67543e-06,-727.507
22.8894,8.67702e-06,-727.64
18.9126,8.67838e-06,-727.754
14.8943,8.65564e-06,-725.847
11.1363,8.65645e-06,-725.915
7.14939,8.63319e-06,-723.965
3.19299,8.63353e-06,-723.993
-0.555334,8.63361e-06,-724
-5.2607,8.60954e-06,-721.981
-8.9985,8.60909e-06,-721.944
-12.9078,8.58453e-06,-719.884
-16.8416,8.58356e-06,-719.803
-20.7749,8.58234e-06,-719.7
-24.4326,8.55711e-06,-717.584
-28.3537,8.55539e-06,-717.44
-32.2739,8.55341e-06,-717.274
-35.9869,8.5513e-06,-717.098
-39.9051,8.54883e-06,-716.89
-43.8221,8.5461e-06,-716.661
-47.3995,8.51948e-06,-714.429
-51.3029,8.51627e-06,-714.16
-55.2905,8.53664e-06,-715.868
-59.0645,8.53304e-06,-715.566
-62.9054,8.52914e-06,-715.239
-66.8131,8.52491e-06,-714.885
-70.5133,8.52067e-06,-714.529
-74.417,8.51595e-06,-714.133
-78.3185,8.51098e-06,-713.716
-82.0124,8.50603e-06,-713.301
-86.1486,8.52423e-06,-714.828
-90.0537,8.51849e-06,-714.346
-93.7507,8.51282e-06,-713.87
-97.9217,8.53021e-06,-715.329
-101.829,8.5237e-06,-714.783
-105.236,8.49371e-06,-712.268
-109.43,8.5103e-06,-713.659
-112.82,8.52815e-06,-715.156
-117.155,8.49566e-06,-712.432
-120.91,8.48818e-06,-711.804
-124.324,8.50537e-06,-713.246
-128.574,8.52062e-06,-714.524
-132.476,8.51211e-06,-713.811
-136.17,8.50382e-06,-713.115
-140.451,8.51822e-06,-714.323
-144.749,8.53231e-06,-715.505
-148.451,8.52326e-06,-714.746
-151.938,8.49014e-06,-711.968
-156.186,8.50359e-06,-713.096
-160.382,8.51692e-06,-714.214
-164.214,8.50652e-06,-713.343
-168.11,8.4957e-06,-712.435
-172.266,8.50839e-06,-713.499
-176.642,8.52019e-06,-714.488
-180.544,8.50855e-06,-713.512
-184.736,8.52038e-06,-714.504
-189.149,8.53127e-06,-715.418
-193.578,8.54184e-06,-716.304
-202.195,8.58774e-06,-720.154
-606.318,2.31775e-05,-1943.62
-616.931,2.31376e-05,-1940.28
-626.967,2.30992e-05,-1937.06
-638.17,2.30807e-05,-1935.51
-650.011,2.3084e-05,-1935.78
-661.317,2.30887e-05,-1936.18
-670.574,2.30002e-05,-1928.75
-682.439,2.30011e-05,-1928.83
-692.78,2.30331e-05,-1931.52
-703.429,2.29364e-05,-1923.41
-713.93,2.28902e-05,-1919.53
-723.799,2.28971e-05,-1920.11
-735.712,2.28941e-05,-1919.86
-744.192,2.28039e-05,-1912.3
-756.102,2.27994e-05,-1911.92
-769.521,2.28384e-05,-1915.18
-777.916,2.27464e-05,-1907.47
-789.859,2.27394e-05,-1906.89
-801.636,2.27325e-05,-1906.31
-813.064,2.27266e-05,-1905.81
-823.467,2.26732e-05,-1901.34
-835.454,2.26629e-05,-1900.47
-843.654,2.25674e-05,-1892.47
-855.631,2.25556e-05,-1891.47
-865.955,2.24995e-05,-1886.77
-875.712,2.24457e-05,-1882.26
-889.399,2.24746e-05,-1884.68
-901.412,2.24593e-05,-1883.4
-912.896,2.24463e-05,-1882.31
-926.699,2.24721e-05,-1884.47
-936.983,2.24114e-05,-1879.38
-948.504,2.23958e-05,-1878.07
-960.576,2.23761e-05,-1876.42
-972.658,2.23555e-05,-1874.69
-982.35,2.22952e-05,-1869.63
-998.012,2.23583e-05,-1874.93
-1010.14,2.23349e-05,-1872.96
-1016.53,2.2185e-05,-1860.4
-1030.02,2.22054e-05,-1862.11
-1046.04,2.22628e-05,-1866.92
-1054.26,2.21528e-05,-1857.7
-1063.86,2.20874e-05,-1852.21
-1077.99,2.21002e-05,-1853.29
-1090.13,2.20708e-05,-1850.82
-1103.79,2.20851e-05,-1852.02
-1113.9,2.20129e-05,-1845.96
-1123.97,2.19399e-05,-1839.85
-1138.21,2.19475e-05,-1840.48
-1152.32,2.19552e-05,-1841.12
-1166.3,2.1963e-05,-1841.78
-1180.48,2.19683e-05,-1842.23
-1188.36,2.18511e-05,-1832.39
-1202.74,2.18531e-05,-1832.56
-1219.38,2.18936e-05,-1835.96
-1228.87,2.1818e-05,-1829.62
-1236.6,2.16981e-05,-1819.57
-1253.32,2.17351e-05,-1822.67
-1265.55,2.16923e-05,-1819.08
-1277.25,2.16529e-05,-1815.77
-1289.47,2.16082e-05,-1812.03
-1304.28,2.16579e-05,-1816.19
-1318.89,2.16497e-05,-1815.51
-1333.52,2.16403e-05,-1814.72
-1350.58,2.1668e-05,-1817.04
-1358.09,2.15415e-05,-1806.43
-1365,2.14194e-05,-1796.19
-1379.67,2.14058e-05,-1795.05
-1389.46,2.13155e-05,-1787.48
-1403.98,2.13013e-05,-1786.29
-1423.33,2.13621e-05,-1791.39
-1435.44,2.13078e-05,-1786.84
-1449.8,2.10458e-05,-1764.86
-1431.31,2.05474e-05,-1723.07
-1476.22,2.09702e-05,-1758.52
-1503.92,2.11282e-05,-1771.78
-1518.79,2.11023e-05,-1769.6
-1531.06,2.1039e-05,-1764.3
-1545.45,2.1016e-05,-1762.36
-1565.67,2.10577e-05,-1765.86
-1575.3,2.09554e-05,-1757.28
-1587.57,2.08877e-05,-1751.61
-1621.27,2.11023e-05,-1769.6
-1627.69,2.09669e-05,-1758.25
-1604.47,2.04426e-05,-1714.29
-1605.57,2.02338e-05,-1696.78
-1606.52,2.00255e-05,-1679.3
-1604.07,1.97889e-05,-1659.46
-1607.53,1.96158e-05,-1644.95
-1605.25,1.9375e-05,-1624.76
-1616.93,1.93039e-05,-1618.79
-1637.12,1.93325e-05,-1621.19
-1651.21,1.92979e-05,-1618.29
-1662.9,1.92232e-05,-1612.03
-1677.46,1.91806e-05,-1608.45
-1700.58,1.92371e-05,-1613.19
-1715.2,1.91912e-05,-1609.34
-1726.44,1.91175e-05,-1603.16
-1738.12,1.9037e-05,-1596.41
-1755.7,1.90197e-05,-1594.96
-1773.32,1.90006e-05,-1593.36
-1790.51,1.8986e-05,-1592.13
-1811.2,1.8995e-05,-1592.89
-1825.91,1.89393e-05,-1588.22
-1837.6,1.88512e-05,-1580.83
-1852.3,1.87929e-05,-1575.94
-1869.62,1.87705e-05,-1574.06
-1889.13,1.87899e-05,-1575.69
-1909.6,1.87945e-05,-1576.07
-1924.38,1.87301e-05,-1570.67
-1942.27,1.86943e-05,-1567.67
-1960.19,1.86567e-05,-1564.52
-1974.54,1.85945e-05,-1559.31
-1989.34,1.85243e-05,-1553.42
-2000.97,1.84235e-05,-1544.97
-2021.95,1.8411e-05,-1543.91
-2039.93,1.83651e-05,-1540.07
-2060.7,1.83531e-05,-1539.06
-2088.38,1.83886e-05,-1542.03
-2106.47,1.83366e-05,-1537.67
-2121.33,1.82549e-05,-1530.82
-2138.99,1.82068e-05,-1526.79
-2160.38,1.81771e-05,-1524.3
-2185.08,1.81725e-05,-1523.91
-2199.96,1.8084e-05,-1516.49
-2211.52,1.79672e-05,-1506.7
-2235.88,1.79637e-05,-1506.4
-2260.73,1.79499e-05,-1505.25
-2283.9,1.79647e-05,-1506.49
-2298.8,1.78677e-05,-1498.36
-2298.42,1.76113e-05,-1476.85
-2318.41,1.75927e-05,-1475.29
-2339.56,1.75509e-05,-1471.79
-2330.58,1.72723e-05,-1448.42
-2326.33,1.69911e-05,-1424.84
-2323.41,1.67731e-05,-1406.56
-2327.63,1.6597e-05,-1391.79
-2331.76,1.64208e-05,-1377.02
-2328.88,1.61965e-05,-1358.21
-2325.87,1.59731e-05,-1339.47
-2322.34,1.57585e-05,-1321.48
-2315.46,1.55161e-05,-1301.15
-2315.54,1.53187e-05,-1284.6
-2308.49,1.50759e-05,-1264.24
-2304.45,1.48651e-05,-1246.56
-2307.7,1.46923e-05,-1232.07
-2307.32,1.44972e-05,-1215.71
-2310.38,1.43246e-05,-1201.24
-2306.23,1.41085e-05,-1183.12
-2301.62,1.39013e-05,-1165.74
-2300.8,1.37085e-05,-1149.57
-2303.46,1.35372e-05,-1135.21
-2298.84,1.33244e-05,-1117.36
-2297.38,1.3141e-05,-1101.98
-2299.75,1.29707e-05,-1087.7
-2301.93,1.28031e-05,-1073.65
-2293.23,1.25732e-05,-1054.37
-2284.38,1.23448e-05,-1035.22
-2278.75,1.21452e-05,-1018.48
-2280.62,1.19773e-05,-1004.4
-2275.07,1.17716e-05,-987.143
-2276.75,1.16044e-05,-973.124
-2282.04,1.14558e-05,-960.667
-2275.9,1.126e-05,-944.241
-2277.32,1.10934e-05,-930.277
-2282.37,1.09449e-05,-917.818
-2280.6,1.074e-05,-900.639
-2278.03,1.05567e-05,-885.265
-2275.37,1.0374e-05,-869.945
-2276.34,1.02088e-05,-856.09
-2273.24,1.0035e-05,-841.516
-2270.29,9.85406e-06,-826.345
-2267.24,9.67383e-06,-811.231
-2256.47,9.46522e-06,-793.737
-2249.21,9.279e-06,-778.121
-2253.42,9.13229e-06,-765.818
-2257.58,8.98531e-06,-753.492
-2261.66,8.83805e-06,-741.144
-2258.06,8.66132e-06,-726.323
-2257.98,8.50743e-06,-713.419
-2258.02,8.34604e-06,-699.884
-2254.16,8.17102e-06,-685.208
-2254.03,8.01038e-06,-671.737
-2253.64,7.85773e-06,-658.935
-2249.52,7.68447e-06,-644.407
-2249.16,7.52488e-06,-631.024
-2248.66,7.36813e-06,-617.879
-2248.14,7.2091e-06,-604.543
-2243.5,7.04591e-06,-590.858
-2238.95,6.87581e-06,-576.594
-2238.19,6.71816e-06,-563.374
-2237.35,6.56082e-06,-550.179
-2236.43,6.40378e-06,-537.01
-2235.29,6.25473e-06,-524.511
-2234.22,6.09832e-06,-511.395
-2233.08,5.94225e-06,-498.307
-2231.86,5.7865e-06,-485.246
-2230.43,5.63874e-06,-472.855
-2229.06,5.48367e-06,-459.851
-2227.58,5.33149e-06,-447.09
-2222.13,5.16799e-06,-433.379
-2220.54,5.01423e-06,-420.485
-2222.69,4.87707e-06,-408.983
-2217.01,4.7154e-06,-395.425
-2215.2,4.56274e-06,-382.623
-2213.31,4.41045e-06,-369.853
-2215.2,4.27375e-06,-358.389
-2213.17,4.12197e-06,-345.661
-2211.07,3.97057e-06,-332.966
-2209.14,3.79938e-06,-318.609
-2206.89,3.64881e-06,-305.983
-2208.53,3.50494e-06,-293.918
-2206.13,3.35493e-06,-281.339
-2203.67,3.20534e-06,-268.794
-2205.03,3.06924e-06,-257.382
-2202.43,2.92023e-06,-244.886
-2199.76,2.77165e-06,-232.426
-2196.99,2.62602e-06,-220.213
-2198.1,2.49035e-06,-208.837
-2199.21,2.34707e-06,-196.821
-2188.29,2.19174e-06,-183.796
-2185.28,2.04538e-06,-171.522
-2194.16,1.90988e-06,-160.159
-2194.96,1.77439e-06,-148.798
-2191.75,1.62836e-06,-136.552
-2188.47,1.4828e-06,-124.345
-2185.12,1.33772e-06,-112.179
-2181.68,1.2006e-06,-100.68
-2182.2,1.05841e-06,-88.7563
-2178.65,9.14508e-07,-76.6891
-2179.03,7.75009e-07,-64.9909
-2175.35,6.31836e-07,-52.9847
-2179.6,4.9844e-07,-41.7983
-2175.8,3.55742e-07,-29.8319
-2167.93,2.1316e-07,-17.8753
-2171.99,7.20133e-08,-6.03891
-2167.99,-6.19676e-08,5.19649
-2167.93,-2.03248e-07,17.044
-2167.81,-3.44522e-07,28.891
-2163.62,-4.84889e-07,40.6619
-2159.36,-6.24721e-07,52.388
-2159.06,-7.58027e-07,63.5668
-2158.68,-8.98715e-07,75.3647
-2158.25,-1.03691e-06,86.9534
-2157.74,-1.17754e-06,98.7464
-2153.18,-1.31569e-06,110.332
-2156.57,-1.45129e-06,121.703
-2155.87,-1.59181e-06,133.487
-2151.12,-1.72907e-06,144.997
-2150.29,-1.86923e-06,156.75
-2149.45,-2.00195e-06,167.88
-2148.5,-2.14199e-06,179.624
-2147.49,-2.28197e-06,191.362
-2146.41,-2.42189e-06,203.095
-2145.27,-2.56173e-06,214.822
-2144.13,-2.69413e-06,225.925
-2142.86,-2.83382e-06,237.639
-2141.56,-2.97097e-06,249.14
-2140.16,-3.11048e-06,260.84
-2138.78,-3.24257e-06,271.916
-2137.27,-3.3819e-06,283.6
-2135.68,-3.52113e-06,295.276
-2134.04,-3.66025e-06,306.942
-2132.33,-3.79926e-06,318.6
-2130.65,-3.93086e-06,329.635
-2132.77,-4.0772e-06,341.907
-2126.92,-4.20831e-06,352.902
-2124.96,-4.34686e-06,364.52
-2123.05,-4.47799e-06,375.516
-2124.9,-4.62484e-06,387.831
-2130.65,-4.77845e-06,400.712
-2128.42,-4.91722e-06,412.35
-2118.29,-5.0372e-06,422.411
-2123.92,-5.18705e-06,434.977
-2125.42,-5.3352e-06,447.401
-2119.04,-5.46355e-06,458.164
-2112.59,-5.59123e-06,468.871
-2110,-5.72881e-06,480.408
-2107.49,-5.859e-06,491.326
-2108.66,-6.00734e-06,503.765
-2113.65,-6.16734e-06,517.182
-2106.91,-6.29339e-06,527.753
-2108.02,-6.43521e-06,539.645
-2112.83,-6.59423e-06,552.981
-2109.78,-6.73182e-06,564.519
-2110.52,-6.88179e-06,577.095
-2111.19,-7.03206e-06,589.696
-2108.11,-7.1623e-06,600.618
-2112.48,-7.32621e-06,614.364
-2105.25,-7.4502e-06,624.761
-2101.81,-7.58728e-06,636.256
-2098.49,-7.71694e-06,647.129
-2091.1,-7.83927e-06,657.388
-2095.1,-8.00453e-06,671.246
-2099,-8.17054e-06,685.168
-2087.7,-8.27472e-06,693.904
-2084.08,-8.4035e-06,704.703
-2091.55,-8.58576e-06,719.987
-2091.35,-8.73771e-06,732.729
-2087.32,-8.87386e-06,744.147
-2087.2,-9.01886e-06,756.306
-2083.04,-9.15474e-06,767.701
-2078.81,-9.29035e-06,779.073
-2078.26,-9.44266e-06,791.846
-2077.63,-9.59518e-06,804.636
-2081.59,-9.73682e-06,816.513
-2084.52,-9.90765e-06,830.838
-2080.2,-1.00362e-05,841.619
-2075.57,-1.01716e-05,852.974
-2074.56,-1.03251e-05,865.844
-2069.8,-1.04601e-05,877.168
-2076.26,-1.06443e-05,892.612
-2078.68,-1.08176e-05,907.145
-2070.03,-1.09336e-05,916.871
-2068.64,-1.10879e-05,929.809
-2070.9,-1.12597e-05,944.221
-2065.98,-1.13874e-05,954.93
-2057.11,-1.15016e-05,964.508
-2062.65,-1.1697e-05,980.889
-2057.26,-1.18312e-05,992.146
-2055.4,-1.19861e-05,1005.13
-2053.75,-1.2134e-05,1017.53
-2055.31,-1.23104e-05,1032.33
-2049.64,-1.24442e-05,1043.55
-2047.46,-1.25995e-05,1056.57
-2049.05,-1.27699e-05,1070.86
-2046.7,-1.29255e-05,1083.91
-2047.8,-1.31038e-05,1098.87
-2045.38,-1.32575e-05,1111.75
-2049.79,-1.34597e-05,1128.7
-2054.4,-1.36557e-05,1145.14
-2048.11,-1.37894e-05,1156.35
-2041.76,-1.39226e-05,1167.53
-2042.27,-1.41033e-05,1182.68
-2039.57,-1.42533e-05,1195.26
-2036.45,-1.44103e-05,1208.43
-2033.24,-1.45674e-05,1221.6
-2026.54,-1.46997e-05,1232.69
-2030.35,-1.48996e-05,1249.45
-2033.68,-1.51073e-05,1266.88
-2030.11,-1.52651e-05,1280.1
-2026.58,-1.54205e-05,1293.14
-2026.45,-1.55995e-05,1308.14
-2026.1,-1.57811e-05,1323.38
-2028.85,-1.59918e-05,1341.05
-2031.46,-1.62034e-05,1358.79
-2027.71,-1.63553e-05,1371.53
-2023.49,-1.65141e-05,1384.85
-2015.89,-1.66458e-05,1395.88
-2016.27,-1.68063e-05,1409.34
-2015.21,-1.69902e-05,1424.77
-2010.64,-1.7149e-05,1438.09
-2016.14,-1.73847e-05,1457.85
-2024.28,-1.76566e-05,1480.65
-2019.38,-1.78167e-05,1494.07
-2004.78,-1.78908e-05,1500.29
-2006.55,-1.81007e-05,1517.89
-2010.94,-1.83471e-05,1538.56
-2011.99,-1.85655e-05,1556.87
-2006.6,-1.87257e-05,1570.3
-1998.44,-1.88493e-05,1580.67
-1999.15,-1.90687e-05,1599.07
-1996.6,-1.92587e-05,1615
-1997.19,-1.94768e-05,1633.29
-1994.87,-1.96606e-05,1648.7
-1991.97,-1.98515e-05,1664.71
-1988.95,-2.00426e-05,1680.74
-1991.9,-2.02958e-05,1701.97
-1989.12,-2.04809e-05,1717.49
-1985.73,-2.06729e-05,1733.6
-1979.23,-2.08336e-05,1747.07
-1984.57,-2.11211e-05,1771.18
-1987.26,-2.13711e-05,1792.14
-1977.44,-2.15003e-05,1802.98
-1976.38,-2.17258e-05,1821.89
-1981.02,-2.20169e-05,1846.3
-1977.26,-2.22043e-05,1862.01
-1972.85,-2.23986e-05,1878.31
-1973.38,-2.2599e-05,1895.11
-1971.61,-2.2827e-05,1914.23
-1972.53,-2.30887e-05,1936.18
-1971,-2.3311e-05,1954.82
-1968.77,-2.35404e-05,1974.06
-1966.38,-2.37702e-05,1993.33
-1966.63,-2.40346e-05,2015.5
-1970.06,-2.43272e-05,2040.04
-1967.37,-2.45565e-05,2059.26
-1964.33,-2.47883e-05,2078.71
-1961.13,-2.50205e-05,2098.18
-1955.68,-2.52113e-05,2114.17
-1946.79,-2.53735e-05,2127.78
-1951.24,-2.57122e-05,2156.18
-1960.77,-2.61233e-05,2190.66
-1960.01,-2.63869e-05,2212.76
-1955.8,-2.66218e-05,2232.46
-1936.49,-2.69476e-05,2259.78
-354.41,-1.39708e-05,1171.57
2.63331,-1.05654e-05,885.996
16.8264,-1.05158e-05,881.839
26.1504,-1.04893e-05,879.611
30.8728,-1.04874e-05,879.458
44.7806,-1.04803e-05,878.86
59.8036,-1.04457e-05,875.961
127.676,-1.019e-05,854.514
120.908,-8.77834e-06,736.137
124.357,-8.67472e-06,727.447
127.427,-8.61995e-06,722.854
131.733,-8.63498e-06,724.115
135.481,-8.62673e-06,723.423
139.432,-8.61778e-06,722.672
143.379,-8.60856e-06,721.899
147.114,-8.5996e-06,721.147
151.053,-8.58988e-06,720.333
154.78,-8.58044e-06,719.541
159.141,-8.59351e-06,720.637
172.486,-8.89986e-06,746.327
175.887,-8.86589e-06,743.478
179.947,-8.85429e-06,742.506
184.27,-8.86622e-06,743.506
188.33,-8.85407e-06,742.488
192.385,-8.84167e-06,741.447
196.221,-8.82967e-06,740.441
200.265,-8.81675e-06,739.358
204.835,-8.82656e-06,740.18
208.665,-8.81379e-06,739.11
212.63,-8.80031e-06,737.979
216.448,-8.78706e-06,736.868
220.471,-8.77283e-06,735.674
224.296,-8.78396e-06,736.608
228.318,-8.76921e-06,735.371
232.122,-8.755e-06,734.179
236.744,-8.76244e-06,734.804
240.545,-8.74771e-06,733.568
244.55,-8.7319e-06,732.242
248.548,-8.71584e-06,730.895
252.983,-8.72292e-06,731.489
256.907,-8.70659e-06,730.12
260.753,-8.69032e-06,728.755
265.345,-8.69591e-06,729.224
269.327,-8.67849e-06,727.763
273.794,-8.68407e-06,728.231
277.77,-8.6661e-06,726.724
282.252,-8.67107e-06,727.141
286.956,-8.67473e-06,727.448
290.927,-8.6559e-06,725.869
294.681,-8.63782e-06,724.353
299.399,-8.64053e-06,724.58
303.146,-8.62193e-06,723.021
307.876,-8.62399e-06,723.193
312.617,-8.62569e-06,723.336
316.358,-8.60628e-06,721.708
321.11,-8.60732e-06,721.795
325.665,-8.60912e-06,721.946
329.605,-8.58777e-06,720.156
333.549,-8.59238e-06,720.542
337.482,-8.57051e-06,718.708
342.058,-8.5711e-06,718.758
345.98,-8.54868e-06,716.878
350.566,-8.54863e-06,716.874
354.478,-8.52566e-06,714.947
359.278,-8.52374e-06,714.786
363.881,-8.5227e-06,714.699
367.781,-8.49886e-06,712.7
372.393,-8.49718e-06,712.559
377.217,-8.49386e-06,712.28
381.104,-8.46915e-06,710.208
385.73,-8.46647e-06,709.983
390.569,-8.4621e-06,709.617
395.347,-8.4578e-06,709.257
399.217,-8.43191e-06,707.086
404.068,-8.42647e-06,706.629
408.926,-8.42065e-06,706.142
413.79,-8.41445e-06,705.621
417.64,-8.38736e-06,703.35
421.699,-8.38625e-06,703.257
426.574,-8.37903e-06,702.651
431.455,-8.37143e-06,702.013
440.755,-8.24573e-06,691.473
444.329,-8.21841e-06,689.182
450.274,-8.22928e-06,690.094
455.141,-8.21972e-06,689.291
460.012,-8.20977e-06,688.457
464.822,-8.19995e-06,687.634
469.702,-8.18923e-06,686.735
474.586,-8.17811e-06,685.802
479.474,-8.16659e-06,684.837
484.365,-8.15469e-06,683.838
489.26,-8.14239e-06,682.807
495.331,-8.14901e-06,683.362
500.241,-8.13584e-06,682.257
504.369,-8.1292e-06,681.701
509.285,-8.1153e-06,680.536
514.203,-8.10101e-06,679.337
519.124,-8.08632e-06,678.105
525.271,-8.09008e-06,678.42
530.203,-8.07451e-06,677.115
535.073,-8.05915e-06,675.826
541.128,-8.06263e-06,676.118
548.525,-8.08349e-06,677.868
564.18,-8.0535e-06,675.353
124.467,-1.36324e-06,114.319
125.042,-1.32003e-06,110.695
124.086,-1.26041e-06,105.696
122.673,-1.22492e-06,102.719
121.885,-1.19891e-06,100.538
121.763,-1.18188e-06,99.1103
122.659,-1.14942e-06,96.3883
122.299,-1.11604e-06,93.5891
121.389,-1.09089e-06,91.48
121.181,-1.07431e-06,90.09
121.442,-1.04992e-06,88.0444
120.535,-1.0241e-06,85.8796
120.274,-1.00786e-06,84.517
120.734,-1e-06,83.8585
120.43,-9.84269e-07,82.5391
120.137,-9.68208e-07,81.1923
120.579,-9.60365e-07,80.5346
120.251,-9.44687e-07,79.2199
119.926,-9.28823e-07,77.8895
118.892,-9.03903e-07,75.7998
119.305,-8.96142e-07,75.1489
118.928,-8.8083e-07,73.8649
118.555,-8.6534e-07,72.5659
118.949,-8.57602e-07,71.917
118.611,-8.41148e-07,70.5372
118.994,-8.33406e-07,69.888
118.569,-8.18436e-07,68.6326
118.145,-8.03294e-07,67.3629
118.511,-7.95584e-07,66.7163
118.874,-7.87848e-07,66.0676
118.481,-7.71646e-07,64.7089
118.833,-7.63914e-07,64.0605
118.365,-7.49069e-07,62.8157
117.868,-7.34735e-07,61.6136
117.43,-7.18892e-07,60.2851
117.757,-7.11229e-07,59.6424
118.081,-7.03544e-07,58.998
117.566,-6.89089e-07,57.7858
117.089,-6.7354e-07,56.4819
116.535,-6.59711e-07,55.3223
116.836,-6.52107e-07,54.6846
117.133,-6.44484e-07,54.0453
116.633,-6.28839e-07,52.7334
116.919,-6.21229e-07,52.0952
116.326,-6.07743e-07,50.9643
116.602,-6.00153e-07,50.3278
116.05,-5.85227e-07,49.0762
116.316,-5.77656e-07,48.4412
115.704,-5.64088e-07,47.3035
115.961,-5.5654e-07,46.6705
116.214,-5.48975e-07,46.0361
115.614,-5.34551e-07,44.8266
115.857,-5.27009e-07,44.1941
115.198,-5.14077e-07,43.1096
115.432,-5.06562e-07,42.4794
115.662,-4.99033e-07,41.848
115.885,-4.9162e-07,41.2264
115.242,-4.77491e-07,40.0416
115.459,-4.69974e-07,39.4112
115.673,-4.62443e-07,38.7797
115.005,-4.48541e-07,37.6139
115.209,-4.41039e-07,36.9848
115.409,-4.33525e-07,36.3546
114.678,-4.21428e-07,35.3402
114.87,-4.13949e-07,34.713
114.163,-4.0046e-07,33.5819
114.345,-3.93015e-07,32.9575
114.52,-3.85688e-07,32.3431
114.695,-3.7822e-07,31.7168
114.867,-3.70739e-07,31.0896
114.126,-3.57587e-07,29.9866
114.288,-3.50144e-07,29.3625
114.447,-3.42691e-07,28.7375
114.603,-3.35228e-07,28.1117
113.834,-3.22375e-07,27.0338
113.977,-3.15082e-07,26.4223
114.12,-3.0765e-07,25.799
113.312,-2.96088e-07,24.8295
113.439,-2.89088e-07,24.2425
113.567,-2.81822e-07,23.6331
113.695,-2.74417e-07,23.0121
112.88,-2.62121e-07,21.9811
112.998,-2.54761e-07,21.3638
113.113,-2.47394e-07,20.746
113.225,-2.40019e-07,20.1276
113.333,-2.32636e-07,19.5085
112.487,-2.20717e-07,18.509
112.585,-2.13512e-07,17.9048
112.681,-2.06172e-07,17.2893
112.774,-1.98826e-07,16.6732
112.864,-1.91474e-07,16.0567
112.95,-1.84116e-07,15.4397
112.069,-1.7264e-07,14.4773
112.146,-1.65335e-07,13.8647
112.22,-1.58024e-07,13.2516
112.29,-1.50837e-07,12.6489
112.354,-1.43902e-07,12.0674
112.418,-1.36578e-07,11.4532
112.479,-1.2925e-07,10.8387
111.56,-1.18289e-07,9.91953
111.612,-1.11017e-07,9.30971
111.662,-1.03742e-07,8.69966
111.707,-9.64639e-08,8.0893
111.75,-8.91832e-08,7.47875
111.789,-8.18992e-08,6.86792
111.824,-7.47411e-08,6.26766
111.857,-6.74525e-08,5.65645
111.886,-6.01618e-08,5.04506
110.921,-4.98618e-08,4.18133
110.942,-4.26324e-08,3.57508
110.96,-3.54024e-08,2.96878
110.975,-2.81706e-08,2.36234
110.986,-2.13192e-08,1.78779
110.994,-1.4086e-08,1.18123
110.998,-6.97986e-09,0.585319
110.999,-0.158828,-0.383444
110.995,-0.390956,-0.943851
110.988,-0.623073,-1.50423
110.977,-0.867386,-2.09405
109.957,-1.17024,-2.82521
109.939,-1.40017,-3.38032
109.917,-1.63813,-3.9548
109.892,-1.86797,-4.50969
109.863,-2.09776,-5.06444
109.832,-2.32748,-5.61904
109.795,-2.56922,-6.20265
109.757,-2.7988,-6.75689
109.716,-3.02426,-7.30121
109.685,-3.18526,-7.68988
109.635,-3.42666,-8.27268
109.584,-3.65588,-8.82608
109.531,-3.885,-9.37922
109.473,-4.114,-9.93207
109.413,-4.34288,-10.4846
109.351,-4.56762,-11.0272
109.284,-4.79623,-11.5791
109.21,-5.03672,-12.1597
109.136,-5.26504,-12.7109
109.059,-5.49319,-13.2617
108.979,-5.72118,-13.8122
108.896,-5.949,-14.3622
108.809,-6.17665,-14.9117
108.721,-6.40012,-15.4512
108.628,-6.62739,-15.9999
109.553,-6.8364,-16.5045
109.454,-7.0654,-17.0574
109.346,-7.30623,-17.6388
109.24,-7.5348,-18.1906
109.131,-7.76313,-18.7419
109.018,-7.99124,-19.2926
108.904,-8.21511,-19.833
108.785,-8.44274,-20.3826
108.663,-8.67012,-20.9315
108.538,-8.89723,-21.4798
108.402,-9.13601,-22.0563
108.27,-9.36258,-22.6033
109.157,-9.59517,-23.1648
109.019,-9.8233,-23.7155
108.879,-10.0471,-24.256
108.734,-10.2747,-24.8053
108.586,-10.5019,-25.3539
109.456,-10.7444,-25.9392
109.301,-10.9731,-26.4914
108.817,-11.6573,-28.1433
108.296,-12.3464,-29.8068
107.753,-13.0241,-31.443
106.572,-14.3768,-34.7086
106.955,-15.0981,-36.45
106.286,-15.7749,-38.0839
105.625,-18.3503,-44.3016
106.307,-18.6998,-45.1454
107.04,-19.0051,-45.8823
107.492,-19.5376,-47.168
107.216,-19.7582,-47.7005
107.932,-20.0709,-48.4554
106.645,-20.2055,-48.7803
106.355,-20.4282,-49.318
106.062,-20.6503,-49.8542
105.765,-20.8718,-50.389
106.458,-21.1918,-51.1616
106.154,-21.4142,-51.6983
105.847,-21.6358,-52.2335
105.536,-21.8569,-52.7671
105.228,-22.0734,-53.2899
104.911,-22.2931,-53.8203
105.526,-22.6572,-54.6993
105.2,-22.8776,-55.2313
104.872,-23.0972,-55.7616
104.541,-23.3162,-56.2903
105.192,-23.648,-57.0912
104.853,-23.8676,-57.6215
94.955,-25.4982,-61.5581
85.3775,-37.0071,-89.3429
85.6087,-37.4388,-90.3852
85.0822,-37.6141,-90.8085
85.3848,-38.0196,-91.7875
84.8406,-38.1976,-92.2172
84.2939,-38.3745,-92.6442
83.7446,-38.5502,-93.0684
83.1929,-38.7248,-93.4898
82.6386,-38.8982,-93.9084
82.0819,-39.0704,-94.3242
79.9777,-38.7335,-93.5109
94.5,-46.0474,-111.168
79.4234,-38.9002,-93.9133
78.3076,-39.23,-94.7096
82.0896,-42.4508,-102.485
80.0906,-42.063,-101.549
77.9963,-41.6977,-100.667
77.3997,-41.8602,-101.059
76.8008,-42.0214,-101.449
76.1995,-42.1814,-101.835
74.9161,-42.0544,-101.528
74.3144,-42.2105,-101.905
72.956,-42.0977,-101.633
73.1151,-42.5161,-102.643
72.5282,-42.6631,-102.998
72.8939,-46.1883,-111.508
72.839,-46.6473,-112.617
72.9515,-47.0671,-113.63
71.6029,-47.3694,-114.36
60.7232,-64.4384,-155.568
262.096,-296.532,-715.89
256.67,-295.613,-713.673
252.445,-296.146,-714.958
248.212,-296.669,-716.222
243.373,-296.453,-715.702
237.958,-295.495,-713.388
232.577,-294.523,-711.041
224.377,-290.668,-701.734
212.288,-297.552,-718.354
205.971,-295.034,-712.274
199.356,-293.327,-708.153
195.164,-293.739,-709.149
190.558,-293.393,-708.314
185.894,-293.044,-707.469
181.465,-292.663,-706.551
176.832,-292.293,-705.657
172.215,-291.912,-704.737
168.044,-292.267,-705.596
163.248,-291.1,-702.777
158.68,-290.688,-701.782
22.1456,-40.8425,-98.6025
154.128,-290.265,-700.762
21.562,-40.8882,-98.7129
149.593,-289.832,-699.716
20.9778,-40.9327,-98.8203
145.293,-289.373,-698.608
20.393,-40.976,-98.9247
139.995,-288.977,-697.652
136.084,-289.25,-698.312
19.2215,-41.0588,-99.1247
131.608,-288.777,-697.168
127.149,-288.293,-696
123.031,-288.554,-696.632
118.813,-288.038,-695.386
114.397,-287.526,-694.148
110,-287.004,-692.888
105.971,-287.225,-693.423
101.743,-286.677,-692.099
97.7196,-286.882,-692.594
93.3737,-286.322,-691.243
89.2836,-286.513,-691.704
85.4063,-286.686,-692.122
81.0955,-286.1,-690.706
22.9656,-277.689,-670.401
17.9832,-273.915,-661.289
14.1577,-271.651,-655.824
10.2204,-270.146,-652.191
5.78805,-268.635,-648.541
1.95183,-268.643,-648.561
-1.88453,-268.643,-648.561
-5.70445,-267.87,-646.694
-9.32824,-267.855,-646.658
-16.9776,-267.8,-646.525
-55.7434,-319.211,-770.644
-59.1468,-312.983,-755.608
-64.8566,-318.959,-770.035
-69.3364,-319.589,-771.556
-73.1936,-316.39,-763.833
-11.4985,-44.9418,-108.499
-80.2632,-306.141,-739.088
-85.8969,-310.535,-749.697
-95.0566,-313.997,-758.054
-106.045,-320.425,-773.575
-112.501,-327.824,-791.436
-117.205,-328.355,-792.718
-120.766,-325.074,-784.797
-125.407,-324.816,-784.176
-137.764,-320.98,-774.915
-141.306,-316.873,-764.999
-147.842,-310.992,-750.801
-2308.08,-587.487,-1418.32
-2299.72,-578.447,-1396.49
-2304.59,-572.795,-1382.85
-2306,-566.314,-1367.2
-2305.46,-558.094,-1347.36
-2306.61,-551.641,-1331.78
-2304.24,-544.397,-1314.29
-2298.32,-536.382,-1294.94
-2295.67,-529.198,-1277.6
-2289.44,-521.259,-1258.43
-2289.95,-514.912,-1243.11
-2290.23,-508.663,-1228.02
-2283.57,-500.821,-1209.09
-2283.73,-494.531,-1193.9
-2283.77,-488.254,-1178.75
-2280.2,-481.253,-1161.85
-2280.01,-475.013,-1146.78
-2272.67,-467.34,-1128.26
-2268.71,-460.429,-1111.57
-2271.71,-454.968,-1098.39
-2278.06,-450.294,-1087.1
-2273.43,-443.688,-1071.16
-2269.01,-436.863,-1054.68
-2264.46,-430.07,-1038.28
-2263.39,-423.982,-1023.58
-2265.81,-418.577,-1010.53
-2260.91,-411.858,-994.313
-2255.9,-405.173,-978.173
-2250.76,-398.521,-962.114
-2245.5,-391.902,-946.135
-2247.32,-386.655,-933.468
-2249.15,-381.33,-920.611
-2244.69,-373.795,-902.421
-2246.31,-368.492,-889.619
-2244.08,-362.681,-875.589
-2245.53,-357.395,-862.826
-2239.5,-350.953,-847.274
-2240.77,-345.692,-834.573
-2245.67,-341,-823.248
-2239.33,-334.629,-807.865
-2232.87,-328.294,-792.571
-2233.79,-323.078,-779.979
-2238.37,-318.402,-768.69
-2235.29,-312.747,-755.038
-2232.19,-307.032,-741.241
-2236.54,-302.36,-729.96
-2233.27,-296.674,-716.234
-2233.69,-291.505,-703.755
-2230.01,-286.102,-690.712
-2226.47,-280.477,-677.132
-2226.63,-275.346,-664.744
-2219.09,-269.298,-650.141
-2211.45,-263.289,-635.635
-2211.28,-258.294,-623.577
-2207.28,-252.788,-610.285
-2203.18,-247.307,-597.051
-2202.83,-242.273,-584.898
-2206.26,-237.662,-573.768
-2201.91,-232.232,-560.656
-2212.91,-228.421,-551.456
-2212.27,-223.399,-539.332
-2199.94,-217.239,-524.462
-2199.08,-212.342,-512.638
-2198.19,-207.373,-500.643
-2201.12,-202.773,-489.537
-2207.88,-198.517,-479.262
-2198.98,-192.871,-465.631
-2189.99,-187.268,-452.104
-2188.73,-182.359,-440.254
-2187.38,-177.462,-428.431
-2186.44,-171.693,-414.504
-2184.94,-166.819,-402.736
-2187.29,-162.247,-391.699
-2185.64,-157.387,-379.966
-2183.88,-152.619,-368.456
-2182.09,-147.783,-356.78
-2184.17,-143.218,-345.758
-2182.24,-138.398,-334.121
-2184.18,-133.832,-323.098
-2182.1,-129.028,-311.501
-2179.96,-124.237,-299.935
-2189.62,-120.111,-289.974
-2183.38,-115.112,-277.906
-2173.06,-110.022,-265.617
-2174.6,-105.476,-254.642
-2172.11,-100.743,-243.215
-2169.54,-96.023,-231.82
-2170.88,-91.4845,-220.863
-2172.15,-86.9432,-209.899
-2169.38,-82.2484,-198.565
-2166.54,-77.5678,-187.265
-2163.63,-72.9016,-176
-2160.63,-68.3291,-164.961
-2157.59,-63.6918,-153.766
-2158.47,-59.1788,-142.87
-2159.28,-54.6639,-131.97
-2160.03,-50.1475,-121.067
-2160.71,-45.6295,-110.159
-2157.34,-41.0342,-99.0652
-2157.89,-36.5218,-88.1713
-2154.38,-31.9492,-77.1322
-2154.8,-27.5224,-66.4448
-2155.16,-23.0157,-55.5647
-2155.46,-18.5083,-44.6829
-2151.69,-13.9744,-33.7371
-2151.86,-9.4744,-22.8732
-2151.96,-4.97413,-12.0086
-2152,-0.473711,-1.14364
-2151.97,4.02672,9.72136
-2147.88,8.51118,20.5478
-2147.73,12.9241,31.2015
-2147.52,17.4154,42.0445
-2147.24,21.9062,52.8862
-2146.89,26.3963,63.7264
-2146.48,30.8857,74.5646
-2146.01,35.3741,85.4006
-2145.47,39.8615,96.2341
-2140.88,44.2651,106.865
-2140.21,48.7416,117.673
-2139.5,53.1382,128.287
-2138.71,57.6117,139.087
-2137.85,62.0834,149.883
-2140.92,66.6777,160.974
-2135.95,71.0215,171.461
-2134.91,75.4873,182.242
-2133.8,79.9508,193.018
-2136.6,84.5695,204.169
-2135.36,89.0364,214.953
-2134.08,93.4225,225.542
-2128.74,97.7017,235.873
-2127.32,102.152,246.617
-2129.79,106.798,257.834
-2128.24,111.251,268.583
-2126.62,115.7,279.324
-2124.93,120.145,290.056
-2123.18,124.587,300.78
-2121.37,129.026,311.495
-2123.48,133.631,322.613
-2121.54,138.07,333.329
-2119.54,142.504,344.035
-2117.47,146.935,354.731
-2119.27,151.642,366.096
-2117.07,156.072,376.79
-2114.81,160.497,387.474
-2116.41,165.223,398.884
-2114.02,169.647,409.563
-2111.61,173.988,420.043
-2113,178.731,431.496
-2110.41,183.148,442.157
-2107.77,187.558,452.806
-2105.06,191.963,463.441
-2106.17,196.726,474.938
-2107.21,201.499,486.46
-2108.18,206.281,498.007
-2105.2,210.687,508.644
-2106.08,215.405,520.033
-2099.11,219.403,529.685
-2099.8,224.201,541.268
-2096.57,228.588,551.861
-2093.27,232.97,562.438
-2097.58,238.215,575.101
-2097.8,243.272,587.311
-2101.93,248.56,600.076
-2098.42,252.875,610.493
-2098.58,257.727,622.208
-2094.87,262.112,632.794
-2094.89,266.972,644.528
-2094.84,271.841,656.282
-2087.14,275.718,665.643
-2079.4,279.572,674.945
-2075.38,283.916,685.434
-2082.57,289.821,699.691
-2089.73,295.689,713.855
-2089.22,300.593,725.696
-2080.93,304.641,735.467
-2076.55,308.988,745.962
-2080.49,313.535,756.94
-2083.41,319.018,770.178
-2082.53,323.947,782.077
-2081.57,328.882,793.99
-2076.84,333.23,804.488
-2071.8,337.796,815.512
-2077.96,343.947,830.361
-2073.01,348.287,840.84
-2071.75,353.164,852.614
-2077.61,359.383,867.628
-2079.72,364.999,881.185
-2074.48,369.343,891.672
-2065.55,373.022,900.555
-2056.59,376.675,909.375
-2058.38,382.307,922.972
-2052.89,386.606,933.35
-2050.91,391.577,945.351
-2055.8,398.084,961.059
-2053.64,403.076,973.111
-2054.95,408.777,986.873
-2052.63,413.781,998.956
-2053.74,419.509,1012.78
-2047.72,423.798,1023.14
-2048.66,429.545,1037.01
-2049.6,435.234,1050.75
-2039.86,438.763,1059.27
-2043.99,445.295,1075.04
-2048,451.856,1090.88
-2041.52,456.132,1101.2
-2038.07,461.398,1113.91
-2041.75,468.013,1129.88
-2041.87,473.864,1144.01
-2031.79,477.251,1152.19
-2028.34,482.301,1164.38
-2034.96,489.796,1182.47
-2034.69,495.688,1196.7
-2027.58,499.936,1206.95
-2030.46,506.677,1223.23
-2036.55,514.288,1241.6
-2035.83,520.239,1255.97
-2031.68,525.346,1268.3
-2031.95,530.644,1281.09
-2027.64,535.755,1293.43
-2019.96,539.988,1303.64
-2012.21,544.204,1313.82
-2014.31,551.001,1330.23
-2012.9,556.999,1344.71
-2001.68,560.296,1352.67
-2009.3,569.248,1374.28
-2010.75,576.194,1391.05
-2008.87,582.238,1405.65
-2016.4,591.085,1427
-2011.09,596.231,1439.43
-2002.7,600.354,1449.38
-2003.5,607.385,1466.36
-2001.04,613.48,1481.07
-2001.58,620.546,1498.13
-2005.06,628.603,1517.58
-2002.22,634.74,1532.4
-1999.25,640.883,1547.23
-1995.85,647.18,1562.43
-1989.62,652.34,1574.89
-1980.27,656.491,1584.91
-1985.91,665.666,1607.06
-1988.36,673.868,1626.86
-1978.7,678.016,1636.88
-1977.89,685.226,1654.28
-1985.78,695.553,1679.21
-1990.49,704.894,1701.76
-1989.34,712.111,1719.19
-1984.95,718.364,1734.28
-1979.01,722.981,1745.43
-1971.53,728.172,1757.96
-1966.83,734.422,1773.05
-1965.04,741.678,1790.57
-1968.58,751.18,1813.51
-1966.28,758.546,1831.29
-1961.02,764.832,1846.47
-1955.64,771.119,1861.64
-1941.83,774.093,1868.82
-1916.97,772.592,1865.2
-1889.48,769.894,1858.69
-1875.74,772.713,1865.49
-1875.69,781.064,1885.65
-1864.51,784.975,1895.1
-1839.9,783.171,1890.74
-1823.38,784.719,1894.48
-1797.37,783.301,1891.05
-1767.79,778.958,1880.57
-1735.79,773.354,1867.04
-1706.6,768.806,1856.06
-1687.87,768.847,1856.16
-1669.2,768.833,1856.13
-1650.58,768.765,1855.96
-1632.01,768.641,1855.66
-1610.99,767.269,1852.35
-1582.78,762.179,1840.06
-1557.04,758.257,1830.59
-1539.4,757.706,1829.26
-1518.8,756.06,1825.29
-1500.72,755.569,1824.1
-1480.3,753.801,1819.84
-1455.51,751.33,1813.87
-1435.3,749.424,1809.27
-1412.85,746.216,1801.53
-1392.85,744.182,1796.61
-1375.27,743.336,1794.57
-1357.75,742.439,1792.4
-1340.3,741.49,1790.11
-1318.96,737.819,1781.25
-1294.96,732.958,1769.52
-1277.81,731.836,1766.81
-1263.12,731.897,1766.95
-1248.27,731.963,1767.12
-1233.47,731.99,1767.18
-1221.01,742.287,1792.04
-1420.03,871.593,2104.21
-1201.5,757.699,1829.25
-1184.49,756.262,1825.78
-1165.71,753.416,1818.91
-1150.9,753.2,1818.38
-1138.13,754.27,1820.97
-1125.36,755.309,1823.48
-1120.44,761.653,1838.79
-1117.32,769.336,1857.34
-1108.24,773.004,1866.19
-1092.05,771.151,1861.72
-1073.48,768.025,1854.17
-1056.89,766.197,1849.76
-1042.43,765.642,1848.42
-1031.48,767.811,1853.66
-1016.88,767.226,1852.25
-1005.91,769.341,1857.35
-991.368,768.688,1855.78
-974.759,768.391,1855.06
-962.044,769.037,1856.62
-947.633,768.269,1854.77
-933.85,767.361,1852.57
-919.539,766.52,1850.54
-905.281,765.643,1848.42
-891.077,764.728,1846.22
-876.924,763.778,1843.92
-862.827,762.791,1841.54
-850.543,763.144,1842.39
-838.084,763.5,1843.25
-825.639,763.827,1844.04
-813.211,764.125,1844.76
-799.31,762.972,1841.98
-781.062,757.513,1828.8
-761.546,750.574,1812.04
-749.389,750.725,1812.41
-737.25,750.848,1812.71
-723.932,749.48,1809.4
-713.218,750.983,1813.03
-701.138,751.022,1813.13
-687.752,749.588,1809.67
-677.602,750.941,1812.93
-665.583,750.897,1812.83
-652.323,749.373,1809.15
-639.124,747.817,1805.39
-628.436,749.142,1808.59
-617.729,750.445,1811.73
-602.577,749.044,1808.35
-590.716,748.828,1807.83
-580.581,750.786,1812.56
-568.737,750.519,1811.91
-556.559,749.468,1809.37
-545.876,749.823,1810.23
-533.019,748.797,1807.76
-520.818,746.885,1803.14
-509.64,747.222,1803.95
-497.973,746.794,1802.92
-486.818,747.081,1803.61
-476.142,748.088,1806.04
-463.601,746.095,1801.23
-451.584,744.816,1798.14
-440.686,744.987,1798.56
-430.041,745.897,1800.75
-418.543,745.289,1799.29
-407.484,745.404,1799.56
-396.036,744.745,1797.97
-385.007,744.811,1798.13
-374.926,745.564,1799.95
-364.64,747.089,1803.63
-332.775,749.264,1808.88
-323.367,752.97,1817.83
-312.297,752.879,1817.61
-301.54,753.521,1819.16
-290.776,754.14,1820.66
-279.721,753.979,1820.27
-268.41,753.036,1817.99
-257.652,753.587,1819.32
-246.638,753.355,1818.76
-235.827,753.091,1818.12
-225.22,752.796,1817.41
-214.221,751.726,1814.83
-203.278,751.401,1814.04
-192.154,750.292,1811.36
-181.069,749.158,1808.63
-170.194,748.763,1807.67
-159.5,749.108,1808.51
-148.8,749.43,1809.28
-138.095,749.73,1810.01
-127.387,750.008,1810.68
-116.743,749.495,1809.44
-105.823,748.199,1806.31
-95.1366,748.409,1806.82
-84.4483,748.597,1807.27
-74.32,748.754,1807.65
-63.5612,748.134,1806.15
-52.9304,749.021,1808.29
-42.1908,748.355,1806.69
-31.4709,747.667,1805.03
-20.7729,746.956,1803.31
-10.3137,748.519,1807.08
0.375349,749.294,1808.96
11.0645,748.517,1807.08
21.6638,745.422,1799.61
32.3087,745.365,1799.47
43.0398,746.817,1802.97
53.7043,746.716,1802.73
63.8052,746.599,1802.45
74.4662,746.455,1802.1
85.0369,745.523,1799.85
95.7804,746.099,1801.24
106.246,745.891,1800.74
116.896,745.658,1800.18
127.542,745.402,1799.56
138.327,745.888,1800.73
149.128,746.35,1801.85
159.948,746.79,1802.91
170.435,745.682,1800.23
180.711,743.79,1795.67
191.525,744.163,1796.57
202.17,744.52,1797.43
212.456,744.87,1798.28
223.09,744.415,1797.18
233.478,743.177,1794.19
244.337,743.437,1794.82
276.434,742.562,1792.7
308.336,741.495,1790.13
319.895,743.105,1794.01
330.838,743.18,1794.19
341.447,742.477,1792.5
351.486,741.79,1790.84
362.441,741.796,1790.85
373.407,741.779,1790.81
384.383,741.738,1790.71
395.77,742.423,1792.37
406.365,741.584,1790.34
417.185,741.486,1790.11
428.198,741.35,1789.78
439.221,741.19,1789.39
450.252,741.006,1788.95
460.827,740.053,1786.65
471.863,739.822,1786.09
483.39,740.309,1787.26
494.45,740.029,1786.59
505.516,739.724,1785.85
515.887,738.675,1783.32
526.427,737.585,1780.69
537.49,737.21,1779.78
548.557,736.811,1778.82
560.747,737.858,1781.35
571.275,736.674,1778.49
581.786,735.469,1775.58
594.049,736.435,1777.91
606.359,737.372,1780.17
617.305,736.844,1778.9
629.06,736.997,1779.27
640.838,737.123,1779.57
653.28,737.947,1781.56
387.922,411.039,992.334
394.476,410.94,992.096
381.393,383.395,925.598
387.584,383.306,925.382
409.64,392.323,947.151
411.474,387.914,936.508
417.202,387.018,934.343
427.359,390.375,942.448
442.006,398.81,962.811
440.01,384.136,927.387
443.05,381.113,920.087
449.309,380.878,919.52
453.908,379.237,915.558
460.065,378.993,914.969
489.613,393.127,949.091
497.831,394.164,951.596
511.035,393.392,949.731
585.412,434.742,1049.56
371.413,257.247,621.048
375.017,256.48,619.197
377.688,255.026,615.686
378.337,252.241,608.963
378.1,248.757,600.553
379.617,246.644,595.451
384.158,246.504,595.113
387.672,245.697,593.164
392.218,245.535,592.774
396.709,245.377,592.392
400.207,244.544,590.38
404.764,244.349,589.911
409.328,244.143,589.414
414.986,244.568,590.438
418.473,243.696,588.334
420.839,242.18,584.674
424.291,241.296,582.54
427.73,240.405,580.39
429.963,238.893,576.738
435.654,239.246,577.59
439.065,238.331,575.382
438.977,235.54,568.644
441.164,233.998,564.92
449.184,232.705,561.799
124.599,43.6933,105.485
122.67,42.2289,101.95
122.481,41.1583,99.3648
121.759,40.3104,97.3178
122.903,39.7987,96.0825
122.567,38.1559,92.1166
121.588,36.7882,88.8146
120.743,35.9602,86.8156
120.533,35.4384,85.5558
121.038,35.1858,84.946
120.834,34.6536,83.6611
120.627,34.1195,82.3717
120.465,33.557,81.0137
120.942,33.3046,80.4043
120.699,32.7762,79.1287
119.705,31.9872,77.224
119.408,31.4796,75.9985
119.848,31.2339,75.4052
119.555,30.7164,74.156
119.242,30.2063,72.9244
118.983,29.6597,71.6049
119.427,29.3973,70.9714
119.059,28.9069,69.7875
118.701,28.4064,68.579
118.338,27.9045,67.3674
118.728,27.661,66.7795
118.401,27.1282,65.4933
117.999,26.6378,64.3094
118.378,26.3906,63.7126
118.772,26.1296,63.0824
118.332,25.6529,61.9315
117.962,25.1231,60.6524
118.319,24.876,60.0559
117.861,24.3982,58.9025
118.208,24.1514,58.3065
117.731,23.6779,57.1635
117.296,23.1691,55.9352
117.625,22.9235,55.3422
117.119,22.4581,54.2186
117.438,22.2128,53.6265
116.98,21.7006,52.3898
117.288,21.4556,51.7984
116.731,21.0126,50.7288
117.045,20.7553,50.1077
117.339,20.5102,49.516
116.819,20.0217,48.3367
116.242,19.5757,47.2599
116.52,19.3323,46.6724
116.795,19.0884,46.0834
116.246,18.6017,44.9083
116.51,18.3583,44.3208
115.898,17.9196,43.2616
116.148,17.6812,42.6861
116.398,17.438,42.0991
115.798,16.9719,40.9737
116.038,16.7294,40.3884
116.288,16.4737,39.771
115.614,16.0654,38.7854
115.854,15.8107,38.1704
116.078,15.5682,37.5849
115.429,15.1159,36.493
114.776,14.6598,35.3918
114.984,14.4195,34.8118
115.188,14.1788,34.2307
115.389,13.9377,33.6487
115.586,13.6962,33.0656
114.86,13.2968,32.1012
115.048,13.0564,31.5208
115.232,12.8156,30.9395
114.52,12.3772,29.8812
114.695,12.1375,29.3025
114.867,11.8975,28.723
114.126,11.4754,27.704
114.297,11.224,27.0971
114.455,10.9848,26.5196
114.611,10.7453,25.9413
114.76,10.5096,25.3724
113.993,10.0863,24.3504
114.135,9.84773,23.7745
113.316,9.49351,22.9194
113.457,9.2439,22.3167
113.587,9.00648,21.7436
113.714,8.76882,21.1698
113.838,8.53087,20.5953
113.958,8.29268,20.0203
113.135,7.89351,19.0566
113.246,7.65678,18.4851
113.354,7.41985,17.9131
113.458,7.18267,17.3405
113.559,6.9453,16.7674
112.706,6.5543,15.8235
112.796,6.32263,15.2642
112.885,6.08665,14.6945
112.008,5.71698,13.802
112.092,5.47032,13.2065
112.169,5.23583,12.6404
112.242,5.00116,12.0739
112.311,4.76637,11.507
112.377,4.53554,10.9498
112.44,4.30047,10.3822
112.5,4.06525,9.81438
112.559,3.81753,9.21633
111.633,3.46849,8.37366
111.681,3.23497,7.80991
111.724,3.00548,7.25586
111.768,2.75948,6.66196
111.805,2.52569,6.09755
111.84,2.29184,5.533
111.871,2.05791,4.96824
111.899,1.82394,4.40338
111.924,1.57758,3.8086
110.952,1.25414,3.02777
110.969,1.00989,2.4381
110.981,0.777803,1.87778
110.991,0.545709,1.31746
110.997,0.313578,0.757044
111,0.0732955,0.176951
111,-0.0150501,-0.01505
110.993,-0.850311,-0.850311
110.985,-1.2792,-1.2792
110.974,-1.70805,-1.70805
110.96,-2.11428,-2.11428
109.935,-2.66916,-2.66916
110.922,-2.94912,-2.94912
110.897,-3.37769,-3.37769
109.86,-3.92084,-3.92084
109.83,-4.32297,-4.32297
109.795,-4.7473,-4.7473
109.757,-5.1715,-5.1715
109.717,-5.57323,-5.57323
109.664,-6.0789,-6.0789
109.618,-6.48027,-6.48027
109.566,-6.90376,-6.90376
109.514,-7.30476,-7.30476
109.456,-7.72784,-7.72784
109.398,-8.12843,-8.12843
109.333,-8.55104,-8.55104
109.269,-8.95117,-8.95117
109.198,-9.37328,-9.37327
109.128,-9.7729,-9.7729
109.051,-10.1945,-10.1944
108.975,-10.5935,-10.5935
108.893,-11.0071,-11.0071
108.809,-11.413,-11.413
108.721,-11.8259,-11.8259
108.633,-12.2237,-12.2237
108.537,-12.6433,-12.6433
108.443,-13.0405,-13.0405
108.341,-13.4593,-13.4593
108.241,-13.8558,-13.8558
108.132,-14.2738,-14.2738
108.026,-14.6695,-14.6695
107.911,-15.0867,-15.0867
108.821,-15.4748,-15.4747
108.7,-15.895,-15.895
108.582,-16.2927,-16.2927
108.455,-16.7121,-16.7121
108.331,-17.1089,-17.1089
108.197,-17.5272,-17.5272
108.067,-17.9231,-17.9231
107.927,-18.3404,-18.3404
107.791,-18.7353,-18.7353
107.645,-19.1515,-19.1515
107.503,-19.5453,-19.5453
108.38,-19.9713,-19.9713
108.224,-20.3898,-20.3898
108.074,-20.7858,-20.7857
107.911,-21.2031,-21.2031
107.755,-21.5978,-21.5978
107.586,-22.0139,-22.0139
107.424,-22.4074,-22.4074
107.249,-22.8222,-22.8222
107.08,-23.2145,-23.2145
107.928,-23.6707,-23.6707
107.743,-24.0874,-24.0874
107.565,-24.4815,-24.4815
107.375,-24.8968,-24.8968
107.191,-25.2895,-25.2895
106.994,-25.7033,-25.7033
106.804,-26.0947,-26.0947
106.601,-26.507,-26.507
106.405,-26.8969,-26.8969
107.21,-27.404,-27.404
107.008,-27.7961,-27.7961
106.792,-28.2092,-28.2092
106.584,-28.5998,-28.5998
106.361,-29.0112,-29.0112
106.147,-29.4002,-29.4002
106.941,-29.9047,-29.9047
106.708,-30.3175,-30.3175
106.485,-30.7078,-30.7078
106.246,-31.1188,-31.1188
106.017,-31.5073,-31.5073
106.792,-32.0276,-32.0276
106.543,-32.4398,-32.4398
106.304,-32.8294,-32.8294
106.048,-33.2397,-33.2397
106.757,-33.8522,-33.8522
106.508,-34.2426,-34.2426
106.241,-34.6536,-34.6536
105.986,-35.0421,-35.0421
105.714,-35.4511,-35.4511
106.452,-35.9997,-35.9997
106.172,-36.4105,-36.4105
105.904,-36.7987,-36.7987
105.618,-37.2074,-37.2074
105.344,-37.5935,-37.5935
105.052,-38,-38
105.765,-38.5661,-38.566
105.482,-38.9527,-38.9527
105.179,-39.3597,-39.3597
105.879,-39.9348,-39.9347
105.569,-40.3433,-40.3433
105.272,-40.7292,-40.7292
104.956,-41.1354,-41.1354
104.653,-41.5191,-41.5191
105.269,-42.1866,-42.1866
104.941,-42.5928,-42.5928
104.628,-42.9764,-42.9763
105.293,-43.5745,-43.5745
104.954,-43.9807,-43.9807
104.631,-44.3643,-44.3643
104.286,-44.768,-44.768
104.933,-45.377,-45.377
104.58,-45.7818,-45.7818
105.142,-46.4824,-46.4823
104.8,-46.8666,-46.8666
104.436,-47.2709,-47.2709
104.089,-47.6526,-47.6526
103.719,-48.0541,-48.0541
103.366,-48.4331,-48.4331
102.99,-48.8318,-48.8318
103.593,-49.4647,-49.4647
103.229,-49.8433,-49.8433
103.748,-50.559,-50.559
103.355,-50.9591,-50.9591
102.981,-51.3368,-51.3368
103.538,-52.0043,-52.0043
102.362,-53.1559,-53.1559
751.703,-493.77,-493.77
744.423,-495.135,-495.135
736.238,-495.081,-495.081
731.161,-496.789,-496.789
718.704,-493.695,-493.695
707.943,-491.366,-491.366
705.554,-495.09,-495.09
703.332,-498.668,-498.668
703.682,-504.399,-504.399
702.774,-508.992,-508.992
704.387,-515.769,-515.769
703.224,-520.481,-520.481
524.825,-402.265,-402.265
517.174,-401.469,-401.469
510.21,-400.206,-400.206
503.117,-399.005,-399.005
497.542,-398.72,-398.72
491.823,-398.506,-398.506
485.69,-398.523,-398.523
478.711,-397.165,-397.165
473.218,-396.75,-396.75
466.302,-395.314,-395.314
460.855,-394.835,-394.835
454.839,-394.665,-394.665
449.273,-394.214,-394.214
442.64,-392.537,-392.537
435.316,-394.819,-394.819
474.062,-441.543,-441.543
427.516,-409.652,-409.652
417.271,-404.443,-404.443
407.856,-400.536,-400.536
402.597,-399.72,-399.72
399.502,-401.269,-401.269
395.253,-401.646,-401.646
391.173,-401.923,-401.923
386.936,-402.259,-402.259
383.986,-403.67,-403.67
380.86,-405.148,-405.148
377.889,-406.537,-406.537
375.831,-409.177,-409.177
372.83,-410.547,-410.547
370.723,-413.176,-413.176
362.478,-418.477,-418.477
401.826,-471.073,-471.073
398.179,-472.619,-472.619
393.699,-472.852,-472.852
387.023,-470.698,-470.698
379.884,-468.713,-468.713
374.286,-467.713,-467.713
367.928,-465.373,-465.373
363.36,-465.55,-465.55
359.946,-466.874,-466.874
355.385,-467.013,-467.012
350.084,-465.81,-465.81
344.981,-466.114,-466.114
340.519,-466.16,-466.16
339.429,-469.736,-469.736
336.886,-472.235,-472.235
332.34,-472.264,-472.264
328.878,-473.474,-473.474
323.636,-473.707,-473.707
319.302,-473.609,-473.608
313.936,-472.276,-472.275
309.632,-472.136,-472.135
305.979,-473.325,-473.325
301.687,-473.15,-473.149
297.214,-473.016,-473.016
292.944,-472.802,-472.802
288.493,-472.629,-472.629
284.246,-472.377,-472.377
279.818,-472.164,-472.164
276.165,-473.238,-473.238
271.237,-473.135,-473.135
267.028,-472.809,-472.809
262.638,-472.517,-472.517
259.175,-473.472,-473.472
255.512,-474.467,-474.467
251.333,-474.072,-474.072
244.206,-468.401,-468.401
238.033,-465.478,-465.478
233.762,-465.059,-465.059
230.354,-465.908,-465.908
226.75,-466.791,-466.791
223.329,-467.615,-467.615
219.083,-467.129,-467.129
216.279,-469.269,-469.269
212.649,-470.098,-470.098
209.205,-470.87,-470.87
204.974,-470.32,-470.32
202.106,-472.418,-472.418
198.076,-471.796,-471.796
193.309,-469.838,-469.838
188.769,-467.82,-467.82
184.074,-465.818,-465.818
179.439,-465.256,-465.256
174.998,-463.174,-463.174
171.098,-462.44,-462.44
166.53,-460.354,-460.354
163.158,-460.957,-460.957
158.354,-457.428,-457.428
152.404,-452.624,-452.624
148.452,-451.829,-451.829
145.584,-453.745,-453.745
142.507,-455.682,-455.682
139.169,-456.197,-456.197
136.238,-458.085,-458.085
135.055,-464.037,-464.037
131.859,-465.938,-465.938
127.681,-463.639,-463.639
124.657,-465.489,-465.489
121.058,-465.964,-465.964
117.644,-466.401,-466.401
114.228,-466.825,-466.825
110.619,-467.26,-467.26
107.516,-469.055,-469.055
103.889,-469.463,-469.463
100.75,-471.235,-471.235
97.5868,-472.997,-472.997
94.4857,-476.168,-476.168
91.2657,-477.909,-477.909
88.8019,-480.994,-480.994
85.5277,-482.716,-482.716
82.0993,-484.438,-484.438
78.9406,-487.547,-487.547
75.5871,-489.235,-489.235
71.8714,-489.515,-489.515
68.2199,-489.777,-489.776
64.6855,-491.437,-491.437
60.9115,-490.258,-490.258
57.6506,-493.293,-493.293
53.8374,-493.509,-493.509
50.2234,-493.699,-493.699
47.8173,-500.906,-500.906
44.3979,-503.897,-503.897
40.3895,-502.649,-502.649
36.7088,-502.79,-502.79
32.7303,-501.512,-501.512
29.3035,-505.864,-505.864
25.8139,-510.205,-510.205
21.8705,-510.297,-510.297
18.1339,-510.37,-510.37
15.0614,-511.835,-511.834
11.3138,-511.883,-511.883
7.35764,-511.919,-511.919
3.60942,-511.939,-511.939
-0.139198,-513.36,-513.359
-4.10662,-513.351,-513.351
-7.88684,-514.744,-514.743
-11.8648,-514.705,-514.705
-15.6761,-516.069,-516.069
-19.4543,-516.005,-516.005
-23.4419,-515.922,-515.922
-27.0698,-513.003,-513.003
-30.8254,-512.897,-512.897
-34.8847,-514.182,-514.182
-38.8612,-516.872,-516.872
-42.8552,-516.714,-516.714
-46.6378,-516.551,-516.55
-50.4192,-516.373,-516.373
-54.4092,-516.17,-516.17
-58.1876,-515.964,-515.964
-62.1743,-515.732,-515.732
-65.9495,-515.497,-515.497
-69.9134,-516.657,-516.657
-73.9052,-516.379,-516.379
-77.685,-516.101,-516.101
-81.4626,-515.81,-515.81
-84.7493,-511.274,-511.274
-89.6994,-488.042,-488.042
-93.2714,-487.707,-487.707
-97.9056,-495.822,-495.822
-103.255,-503.854,-503.854
-107.446,-504.846,-504.846
-110.525,-501.651,-501.651
-113.763,-498.425,-498.425
-116.753,-495.212,-495.211
-119.816,-489.105,-489.105
-122.341,-484.484,-484.484
-126.083,-484.004,-484.004
-129.998,-484.925,-484.925
-133.929,-485.831,-485.831
-137.682,-485.306,-485.306
-140.83,-483.41,-483.41
-144.15,-481.475,-481.475
-148.946,-485.087,-485.087
-152.337,-486.009,-486.009
-156.091,-485.413,-485.413
-159.643,-484.835,-484.835
-163.654,-485.62,-485.62
-166.93,-483.606,-483.606
-170.703,-481.49,-481.49
-174.226,-480.858,-480.858
-177.728,-481.679,-481.679
-182.479,-483.718,-483.718
-187.594,-487.137,-487.137
-190.284,-483.68,-483.68
-194.369,-484.337,-484.337
-200.692,-490.411,-490.411
-204.247,-491.151,-491.151
-208.04,-490.355,-490.355
-213.381,-493.644,-493.644
-218.383,-495.512,-495.512
-223.823,-498.75,-498.75
-228.771,-502.086,-502.086
-238.848,-505.701,-505.701
-673.885,-1348.03,-1348.03
-685.647,-1348.07,-1348.07
-696.194,-1346.87,-1346.87
-706.593,-1344.16,-1344.16
-718.545,-1345.52,-1345.52
-728.75,-1342.77,-1342.77
-740.751,-1344.04,-1344.04
-751.499,-1342.57,-1342.57
-760.19,-1337.08,-1337.08
-772.237,-1338.21,-1338.21
-784.099,-1337.81,-1337.81
-793.982,-1337.96,-1337.96
-803.768,-1335.04,-1335.04
-814.074,-1331.91,-1331.91
-825.42,-1331.51,-1331.51
-835.158,-1328.47,-1328.47
-847.057,-1327.8,-1327.8
-856.767,-1324.68,-1324.68
-866.992,-1321.35,-1321.35
-878.357,-1320.72,-1320.72
-890.273,-1319.86,-1319.86
-899.925,-1316.58,-1316.58
-911.846,-1315.62,-1315.62
-923.246,-1314.8,-1314.8
-935.192,-1313.74,-1313.74
-946.614,-1312.82,-1312.82
-956.214,-1309.33,-1309.33
-967.996,-1308.19,-1308.19
-981.484,-1309.56,-1309.56
-995.197,-1310.8,-1310.8
-1004.78,-1307.14,-1307.14
-1014.87,-1303.24,-1303.24
-1026.34,-1301.98,-1301.98
-1038.36,-1300.45,-1300.45
-1049.85,-1299.09,-1299.09
-1063.35,-1300.13,-1300.13
-1073.38,-1296,-1296
-1084.9,-1294.48,-1294.48
-1096.94,-1292.7,-1292.7
-1110.54,-1293.5,-1293.5
-1120.53,-1289.19,-1289.19
-1132.06,-1287.47,-1287.47
-1146.26,-1287.87,-1287.87
-1157.82,-1286.04,-1286.04
-1169.38,-1284.16,-1284.16
-1181.47,-1281.99,-1281.99
-1195.25,-1282.37,-1282.37
-1209.58,-1282.44,-1282.44
-1223.43,-1282.69,-1282.69
-1235.57,-1280.28,-1280.28
-1244.93,-1275.74,-1275.74
-1257.06,-1273.23,-1273.23
-1266.37,-1268.61,-1268.61
-1280.29,-1268.56,-1268.56
-1294.75,-1268.18,-1268.18
-1306.38,-1265.71,-1265.71
-1318.52,-1262.92,-1262.92
-1330.14,-1260.34,-1260.34
-1345.03,-1263.05,-1263.05
-1357.2,-1260.08,-1260.08
-1368.85,-1257.34,-1257.34
-1387.86,-1261.24,-1261.24
-1400.06,-1258.08,-1258.08
-1411.74,-1255.15,-1255.15
-1423.93,-1251.88,-1251.88
-1435.6,-1248.85,-1248.85
-1432.53,-1232.36,-1232.36
-1426.73,-1198.98,-1198.98
-1485.8,-1237.74,-1237.74
-1503.16,-1238.42,-1238.42
-1517.45,-1237.17,-1237.17
-1532.26,-1235.55,-1235.55
-1543.94,-1232.04,-1232.04
-1553.44,-1226.05,-1226.05
-1573.13,-1228.74,-1228.74
-1583.39,-1210.6,-1210.6
-1620.04,-1225.12,-1225.12
-1609.76,-1204.78,-1204.78
-1610.76,-1192.41,-1192.41
-1608.36,-1178.36,-1178.36
-1606.27,-1164.03,-1164.03
-1601.04,-1147.84,-1147.84
-1603.77,-1137.96,-1137.96
-1618.22,-1135.73,-1135.73
-1635.07,-1135.74,-1135.74
-1649.57,-1133.34,-1133.34
-1663.61,-1131.21,-1131.21
-1681.02,-1130.61,-1130.61
-1692.19,-1126.38,-1126.38
-1706.72,-1123.68,-1123.68
-1723.75,-1123.17,-1123.17
-1741.28,-1122.21,-1122.21
-1752.44,-1117.71,-1117.71
-1764.04,-1112.81,-1112.81
-1781.15,-1111.95,-1111.95
-1795.75,-1108.77,-1108.77
-1815.95,-1109.58,-1109.58
-1833.62,-1108.06,-1108.06
-1844.76,-1103.16,-1103.16
-1859.4,-1099.64,-1099.64
-1873.58,-1096.43,-1096.43
-1900.6,-1099.92,-1099.92
-1922.83,-1103.02,-1103.02
-1937.12,-1099.51,-1099.51
-1954.98,-1097.28,-1097.28
-1969.28,-1093.6,-1093.6
-1984.02,-1089.45,-1089.45
-2001.49,-1087.34,-1087.34
-2016.23,-1083.01,-1083.01
-2030.53,-1079.01,-1079.01
-2048.47,-1076.21,-1076.21
-2072.44,-1077.07,-1077.07
-2093.68,-1075.7,-1075.7
-2114.52,-1074.62,-1074.62
-2132.57,-1071.35,-1071.35
-2146.93,-1066.78,-1066.78
-2168.29,-1064.92,-1064.92
-2185.95,-1061.78,-1061.78
-2194.12,-1053.31,-1053.31
-2211.77,-1050,-1050
-2236.51,-1049.25,-1049.25
-2264.23,-1050.36,-1050.36
-2292.46,-1050.83,-1050.83
-2305.58,-1046.88,-1046.88
-2323.34,-1042.97,-1042.97
-2324.59,-1030.97,-1030.97
-2323.43,-1016.25,-1016.25
-2327.42,-1006.25,-1006.25
-2328.32,-994.32,-994.319
-2325.26,-981.434,-981.434
-2325.92,-969.561,-969.561
-2322.62,-956.762,-956.762
-2319.58,-943.542,-943.542
-2326.45,-935.037,-935.037
-2319.69,-920.497,-920.497
-2308.91,-905.135,-905.135
-2312.36,-894.842,-894.842
-2311.84,-883.675,-883.675
-2308.05,-870.734,-870.734
-2304.13,-857.849,-857.849
-2303.28,-846.793,-846.793
-2313.35,-839.171,-839.171
-2305.19,-825.579,-825.579
-2300.8,-812.867,-812.867
-2295.96,-800.68,-800.68
-2294.92,-789.322,-789.321
-2300.67,-780.91,-780.91
-2299.44,-769.588,-769.588
-2286.92,-755.176,-755.176
-2281.82,-742.779,-742.779
-2287.23,-734.416,-734.416
-2289.22,-724.411,-724.411
-2283.51,-712.595,-712.595
-2281.55,-701.66,-701.66
-2275.73,-689.8,-689.8
-2273.56,-678.95,-678.95
-2274.81,-669.531,-669.53
-2279.95,-660.73,-660.73
-2278.39,-648.404,-648.404
-2271.96,-636.927,-636.927
-2276.84,-628.138,-628.138
-2281.41,-619.795,-619.795
-2274.94,-607.97,-607.97
-2272.11,-597.199,-597.199
-2272.7,-587.901,-587.901
-2269.6,-577.35,-577.35
-2266.25,-567.146,-567.146
-2251.71,-553.735,-553.735
-2251.95,-544.57,-544.569
-2252.34,-534.959,-534.959
-2252.42,-525.82,-525.819
-2260.26,-517.98,-517.98
-2264.23,-509.238,-509.238
-2256.47,-498.413,-498.413
-2256.47,-488.857,-488.857
-2256.18,-479.776,-479.775
-2252.18,-469.451,-469.451
-2247.91,-459.628,-459.628
-2251.43,-450.935,-450.935
-2246.99,-441.173,-441.173
-2238.78,-430.258,-430.258
-2238.04,-421.329,-421.329
-2241.26,-412.675,-412.675
-2232.79,-401.915,-401.914
-2231.82,-393.052,-393.052
-2234.82,-384.422,-384.422
-2233.72,-375.581,-375.581
-2236.59,-366.944,-366.944
-2231.44,-357.501,-357.501
-2230.22,-348.415,-348.414
-2232.78,-340.094,-340.094
-2231.42,-331.032,-331.032
-2226.11,-321.273,-321.273
-2224.51,-312.568,-312.568
-2219.03,-302.896,-302.896
-2213.36,-293.725,-293.725
-2219.53,-285.674,-285.674
-2217.65,-277.053,-277.053
-2215.82,-268.002,-268.002
-2213.81,-259.425,-259.425
-2211.83,-250.419,-250.419
-2213.73,-241.868,-241.868
-2211.51,-233.344,-233.344
-2209.57,-223.194,-223.194
-2207.3,-214.268,-214.268
-2208.84,-206.185,-206.184
-2202.46,-196.936,-196.936
-2203.87,-188.871,-188.871
-2201.33,-180.027,-180.027
-2198.71,-171.208,-171.208
-2199.93,-163.157,-163.157
-2197.18,-154.374,-154.374
-2198.28,-146.329,-146.329
-2195.39,-137.582,-137.582
-2192.39,-129.308,-129.308
-2193.35,-120.835,-120.835
-2194.21,-112.803,-112.803
-2191.06,-104.133,-104.133
-2187.8,-95.9356,-95.9356
-2184.51,-87.3205,-87.3205
-2189.15,-79.022,-79.022
-2181.71,-70.748,-70.748
-2178.22,-62.2024,-62.2024
-2178.65,-54.2274,-54.2273
-2179.03,-45.9555,-45.9555
-2179.34,-37.8301,-37.8301
-2175.6,-29.5017,-29.5017
-2171.79,-21.4971,-21.4971
-2167.92,-13.0805,-13.0805
-2167.99,-4.70308,-4.70308
-2168,3.23332,3.23332
-2167.94,11.6108,11.6108
-2167.82,19.5471,19.5471
-2163.64,27.8722,27.8722
-2163.41,35.7926,35.7926
-2159.1,44.0702,44.0702
-2158.75,51.9738,51.9738
-2158.32,60.3148,60.3148
-2157.82,68.654,68.654
-2153.29,76.4104,76.4104
-2156.66,84.8872,84.8871
-2152.02,92.6094,92.6094
-2151.27,100.924,100.924
-2150.5,108.798,108.798
-2149.63,117.106,117.106
-2148.74,124.974,124.974
-2147.75,133.275,133.275
-2146.74,141.136,141.136
-2145.62,149.429,149.429
-2144.45,157.573,157.573
-2143.27,165.421,165.421
-2141.96,173.701,173.701
-2140.66,181.54,181.54
-2139.22,189.809,189.809
-2137.81,197.638,197.638
-2136.25,205.896,205.896
-2134.71,213.713,213.713
-2136.98,222.37,222.37
-2131.28,230.198,230.198
-2129.57,237.997,237.997
-2127.69,246.222,246.222
-2129.81,254.48,254.48
-2123.87,262.219,262.219
-2125.86,270.492,270.492
-2123.73,278.702,278.702
-2121.55,286.905,286.905
-2119.42,294.667,294.667
-2117.11,302.853,302.853
-2118.78,311.174,311.174
-2116.35,319.357,319.357
-2113.98,327.1,327.1
-2115.32,335.884,335.884
-2108.94,342.989,342.989
-2117.98,352.937,352.937
-2115.22,361.116,361.116
-2112.55,368.854,368.854
-2109.67,377.012,377.012
-2106.88,384.73,384.73
-2103.87,392.866,392.866
-2108.69,402.035,402.035
-2109.41,410.929,410.929
-2106.2,419.074,419.074
-2106.95,427.559,427.559
-2107.46,436.489,436.489
-2104.23,444.198,444.198
-2104.59,453.147,453.146
-2105.07,461.683,461.683
-2101.47,469.81,469.81
-2101.81,478.364,478.364
-2098.08,486.479,486.478
-2090.5,493.683,493.683
-2094.43,503.149,503.149
-2090.51,511.234,511.234
-2086.74,518.88,518.88
-2086.46,527.889,527.889
-2090.09,537.453,537.453
-2085.98,545.38,545.38
-2081.73,553.433,553.433
-2085.12,563.065,563.064
-2080.74,571.113,571.113
-2084.6,579.667,579.667
-2080.33,587.29,587.29
-2083.18,597.446,597.446
-2082.47,606.141,606.141
-2077.76,614.179,614.179
-2076.91,622.882,622.882
-2072.07,630.898,630.898
-2074.58,641.02,641.02
-2069.77,648.747,648.747
-2061.17,655.435,655.435
-2063.62,665.318,665.318
-2069.34,676.845,676.845
-2067.98,685.612,685.612
-2066.26,694.808,694.808
-2060.86,702.782,702.782
-2059.28,711.559,711.559
-2057.33,720.761,720.761
-2052.03,728.283,728.283
-2053.5,738.767,738.767
-2055.18,748.865,748.865
-2052.9,758.105,758.105
-2050.86,766.932,766.932
-2051.95,777.518,777.518
-2056.46,789.484,789.484
-2050.65,797.002,797.002
-2047.96,806.29,806.29
-2045.51,815.165,815.165
-2046.13,825.861,825.861
-2043.52,834.755,834.755
-2043.94,845.496,845.496
-2040.93,854.685,854.684
-2034.53,862.283,862.282
-2034.8,872.928,872.928
-2038.6,884.804,884.804
-2038.53,895.654,895.654
-2031.95,903.105,903.105
-2028.31,912.462,912.461
-2024.97,921.405,921.405
-2024.52,932.303,932.303
-2023.96,943.225,943.225
-2020.36,952.191,952.191
-2026.23,966.31,966.31
-2029.05,978.495,978.495
-2026.22,986.417,986.417
-2028.55,998.945,998.945
-2027.61,1009.75,1009.75
-2019.91,1017.43,1017.43
-2012.02,1025.22,1025.22
-2014.19,1037.57,1037.57
-2012.58,1048.7,1048.7
-2008.08,1057.74,1057.74
-2015.85,1073.99,1073.99
-2011.14,1083.07,1083.07
-2005.91,1092.55,1092.55
-2006.9,1105.5,1105.5
-2011.35,1119.83,1119.83
-2002.67,1127.59,1127.59
-1994.39,1134.91,1134.91
-2001.1,1151.52,1151.52
-2004.52,1166.43,1166.43
-1999.03,1175.56,1175.56
-1992.98,1185.09,1185.09
-1984.27,1192.37,1192.37
-1981.1,1203.7,1203.7
-1990.05,1222.33,1222.33
-1995.94,1239.07,1239.07
-1992.48,1250.38,1250.38
-1995.21,1265.21,1265.21
-1994.29,1278.6,1278.6
-1987.33,1288.2,1288.2
-1977.87,1295.46,1295.46
-1979.51,1310.82,1310.82
-1981.51,1325.82,1325.82
-1974.12,1335.42,1335.41
-1971.53,1345.49,1345.49
-1969.69,1359.01,1359.01
-1971.11,1374.15,1374.15
-1971.98,1389.6,1389.6
-1970.23,1402.82,1402.82
-1978.99,1424.53,1424.53
-1979.1,1440.27,1440.27
-1974.07,1451.58,1451.58
-1971.09,1465.33,1465.33
-1965.82,1476.65,1476.65
-1959.83,1488.36,1488.36
-1956.43,1502.15,1502.15
-1956.18,1517.66,1517.66
-1957.82,1535.7,1535.7
-1959.23,1553.8,1553.8
-1948.88,1579.11,1579.11
-24.9697,622.003,622.003
-20.1625,622.091,622.091
-14.5795,617.925,617.925
-9.9628,612.314,612.314
-5.47968,612.342,612.342
-0.747413,612.354,612.354
3.75355,615.177,615.177
58.7138,608.111,608.11
62.579,602.246,602.246
67.2327,601.995,601.995
71.4714,600.332,600.331
75.6718,597.234,597.234
80.8236,595.476,595.476
84.4937,596.643,596.643
89.4428,599.126,599.126
93.4683,595.973,595.973
96.3905,581.504,581.504
100.396,578.315,578.315
111.829,597.243,597.243
118.983,557.964,557.964
120.611,517.695,517.695
122.053,507.488,507.487
125.627,505.615,505.615
129.327,505.149,505.149
133.229,504.642,504.641
136.922,504.147,504.147
140.816,503.61,503.61
144.501,503.088,503.088
148.388,502.522,502.522
152.484,503.355,503.355
156.372,502.758,502.758
161.37,506.318,506.318
167.664,515.458,515.457
173.41,520.32,520.32
177.218,519.678,519.678
181.231,518.985,518.985
185.029,518.315,518.315
189.031,517.592,517.592
193.329,518.261,518.26
197.331,517.506,517.506
201.117,516.776,516.776
205.108,515.992,515.992
209.434,516.593,516.593
213.424,515.776,515.776
217.197,514.988,514.988
221.174,514.141,514.141
224.935,513.325,513.324
229.502,513.796,513.796
233.26,512.949,512.949
237.221,512.04,512.04
241.599,512.506,512.506
245.557,511.565,511.565
249.507,510.609,510.609
253.905,511.023,511.023
257.85,510.034,510.034
261.581,509.083,509.083
266.205,509.391,509.391
269.931,508.41,508.41
273.856,507.359,507.359
277.67,507.838,507.838
281.385,506.815,506.815
286.038,507.034,507.034
289.747,505.98,505.98
294.414,506.16,506.16
298.115,505.076,505.076
302.795,505.218,505.218
306.49,504.103,504.103
311.181,504.207,504.207
315.678,504.355,504.355
319.571,503.127,503.127
324.079,503.238,503.238
328.803,503.262,503.262
332.483,502.051,502.051
336.358,500.759,500.759
340.887,500.795,500.795
344.752,499.471,499.471
349.291,499.47,499.469
353.975,499.401,499.401
357.626,498.098,498.098
362.386,497.966,497.966
366.411,498.086,498.086
370.053,496.738,496.738
374.828,496.548,496.548
379.409,496.413,496.413
383.24,494.94,494.94
387.828,494.767,494.767
392.625,494.494,494.494
397.229,494.28,494.28
401.043,492.738,492.738
405.652,492.485,492.485
410.468,492.128,492.128
414.066,490.619,490.619
418.819,490.25,490.25
423.512,489.889,489.889
428.278,489.476,489.476
432.917,489.101,489.101
437.761,488.615,488.615
447.54,482.475,482.475
451.261,480.739,480.738
455.89,480.254,480.254
460.003,479.999,479.999
464.837,479.38,479.38
469.48,478.834,478.834
475.47,479.329,479.329
480.13,478.735,478.735
483.823,476.873,476.873
489.656,477.385,477.385
494.457,476.659,476.659
499.325,475.877,475.877
504.003,475.174,475.174
508.876,474.347,474.346
513.752,473.495,473.495
518.437,472.725,472.725
523.846,473.332,473.332
528.737,472.409,472.409
533.63,471.463,471.463
538.332,470.603,470.603
544.43,470.742,470.742
550.418,470.923,470.923
557.897,472.044,472.044
570.164,472.121,472.121
115.151,21.2273,21.2273
115.314,20.7821,20.7821
114.557,20.01,20.01
114.702,19.5903,19.5903
115.764,19.4896,19.4896
116.975,18.9325,18.9325
111.982,1.4046,1.4046
111.992,0.971845,0.971845
111,-0.167143,-0.0692327
110.997,-0.717724,-0.297291
110.991,-1.27812,-0.529413
110.982,-1.83847,-0.761519
110.97,-2.39877,-0.993603
109.947,-3.15634,-1.3074
109.927,-3.71139,-1.53731
109.903,-4.26633,-1.76717
109.877,-4.81141,-1.99295
110.856,-5.21849,-2.16157
109.813,-5.9206,-2.45239
109.774,-6.5041,-2.69409
109.734,-7.05824,-2.92362
109.666,-7.91332,-3.2778
109.618,-8.46688,-3.5071
109.566,-9.02019,-3.73629
109.508,-9.60233,-3.97742
109.451,-10.1454,-4.20235
109.389,-10.6978,-4.43118
109.324,-11.2499,-4.65988
109.256,-11.8017,-4.88844
109.184,-12.3532,-5.11685
109.11,-12.9042,-5.34511
109.032,-13.4549,-5.57321
108.95,-14.0052,-5.80114
108.866,-14.555,-6.0289
108.78,-15.0948,-6.25249
108.689,-15.6438,-6.47988
109.616,-16.1454,-6.68764
109.519,-16.6986,-6.91677
109.418,-17.2513,-7.1457
109.314,-17.8034,-7.37442
109.208,-18.3551,-7.60292
109.097,-18.9062,-7.83119
108.984,-19.4567,-8.05922
108.867,-20.0066,-8.28702
108.749,-20.5464,-8.51058
108.626,-21.0951,-8.73788
108.5,-21.6432,-8.96491
108.37,-22.1907,-9.19168
108.237,-22.7375,-9.41818
108.101,-23.2836,-9.64439
107.962,-23.8291,-9.87032
107.819,-24.3738,-10.0959
107.673,-24.9178,-10.3213
108.549,-25.4885,-10.5577
108.397,-26.0362,-10.7845
108.241,-26.5831,-11.0111
108.082,-27.1292,-11.2373
107.92,-27.6745,-11.4631
107.755,-28.2189,-11.6887
107.586,-28.7625,-11.9138
107.414,-29.3053,-12.1386
107.239,-29.8471,-12.3631
108.081,-30.468,-12.6203
107.902,-31.0037,-12.8422
107.717,-31.548,-13.0676
107.529,-32.0914,-13.2927
108.355,-32.7307,-13.5575
107.143,-33.1752,-13.7416
106.945,-33.7157,-13.9655
106.744,-34.2551,-14.1889
107.555,-34.911,-14.4606
107.347,-35.4535,-14.6853
107.136,-35.9949,-14.9096
106.925,-36.5258,-15.1295
106.707,-37.0651,-15.3529
106.487,-37.6033,-15.5758
107.274,-38.285,-15.8582
107.046,-38.826,-16.0823
106.815,-39.3659,-16.3059
106.581,-39.9046,-16.529
106.343,-40.4421,-16.7517
107.11,-41.1451,-17.0428
106.865,-41.6852,-17.2666
106.617,-42.2241,-17.4898
106.37,-42.7524,-17.7086
107.08,-43.5577,-18.0422
106.821,-44.0976,-18.2658
106.545,-44.6646,-18.5007
106.284,-45.1924,-18.7193
106.015,-45.7284,-18.9413
106.758,-46.441,-19.2365
106.481,-46.9793,-19.4595
106.202,-47.5162,-19.6818
105.904,-48.0798,-19.9153
105.618,-48.6138,-20.1365
106.34,-49.3463,-20.4399
106.046,-49.8824,-20.662
105.75,-50.4171,-20.8834
105.45,-50.9502,-21.1043
106.138,-51.7266,-21.4258
105.831,-52.2617,-21.6475
105.525,-52.7858,-21.8646
105.212,-53.3178,-22.085
105.814,-54.222,-22.4595
105.491,-54.7554,-22.6804
105.172,-55.2779,-22.8969
104.843,-55.8081,-23.1165
104.511,-56.3366,-23.3354
105.156,-57.1471,-23.6711
104.817,-57.6772,-23.8907
104.474,-58.2055,-24.1095
105.123,-58.9995,-24.4384
104.772,-59.5294,-24.6579
104.419,-60.0575,-24.8766
104.965,-60.9927,-25.264
104.603,-61.5217,-25.4831
104.237,-62.0489,-25.7015
104.837,-62.8933,-26.0512
104.463,-63.4216,-26.2701
104.087,-63.9481,-26.4882
104.617,-64.8773,-26.8731
104.232,-65.4045,-27.0914
103.844,-65.9298,-27.309
104.412,-66.7956,-27.6677
103.615,-67.8459,-28.1027
103.681,-69.3479,-28.7249
104.244,-70.204,-29.0795
103.827,-70.7293,-29.297
103.407,-71.2524,-29.5137
103.85,-72.2471,-29.9257
103.421,-72.7703,-30.1425
102.989,-73.2914,-30.3583
103.497,-74.1948,-30.7325
103.057,-74.7162,-30.9485
102.167,-75.7524,-31.3777
102.589,-76.7403,-31.7869
102.134,-77.2571,-32.0009
102.608,-78.1791,-32.3829
103.002,-79.1874,-32.8005
102.532,-79.7063,-33.0154
102.896,-80.7394,-33.4434
102.417,-81.2577,-33.658
102.861,-82.1972,-34.0472
102.373,-82.7153,-34.2618
101.883,-83.231,-34.4754
102.239,-84.2513,-34.898
101.739,-84.7662,-35.1113
102.056,-85.8197,-35.5477
101.546,-86.3337,-35.7606
101.975,-87.2669,-36.1471
101.219,-89.3578,-37.0132
100.435,-91.4302,-37.8716
98.8027,-95.5089,-39.5611
100.622,-97.7357,-40.4834
100.841,-98.8169,-40.9313
101.03,-99.9197,-41.3881
100.438,-100.428,-41.5988
100.643,-101.509,-42.0464
100.041,-102.016,-42.2562
99.8729,-104.633,-43.3403
98.098,-115.606,-47.8856
94.7363,-122.546,-50.7601
69.5799,-375.171,-155.401
66.5211,-372.835,-154.433
64.1575,-372.253,-154.192
58.719,-377.686,-156.443
55.1478,-479.566,-198.643
49.6077,-498.641,-206.544
46.1409,-493.361,-204.357
43.222,-493.587,-204.45
39.743,-491.983,-203.786
36.6944,-490.333,-203.103
33.6664,-488.667,-202.413
30.6593,-486.985,-201.716
27.6731,-485.288,-201.013
21.3637,-481.861,-199.593
18.3713,-478.269,-198.105
12.762,-474.728,-196.639
9.95374,-474.785,-196.662
7.22254,-476.675,-197.445
3.92694,-473.012,-195.928
1.72476,-474.871,-196.698
-1.08414,-474.873,-196.699
-4.45816,-472.084,-195.544
-12.6138,-471.034,-195.109
-15.3998,-470.964,-195.08
-18.1853,-470.879,-195.044
-20.9054,-472.632,-195.771
-23.6081,-470.673,-194.959
-29.1748,-470.407,-194.849
-32.0195,-471.175,-195.167
-34.7272,-471.937,-195.483
-37.5182,-471.755,-195.407
-40.3081,-471.558,-195.326
-42.8419,-475.076,-196.783
-45.4744,-473.012,-195.928
-48.4747,-470.901,-195.054
-51.0592,-468.811,-194.188
-53.6203,-466.709,-193.317
-56.5073,-471.996,-195.507
-59.7597,-475.374,-196.906
-62.28,-473.237,-196.021
-65.0783,-472.915,-195.888
-67.465,-470.766,-194.998
-70.2486,-470.418,-194.854
-76.7741,-452.721,-187.523
-2349.68,-2001.52,-829.057
-2340.79,-1972.2,-816.911
-2328.06,-1941.17,-804.057
-2315.63,-1909.7,-791.022
-2311.9,-1885.75,-781.102
-2313.1,-1862.07,-771.295
-2305.32,-1836.5,-760.704
-2307.02,-1817.64,-752.892
-2305.51,-1796.44,-744.109
-2303.81,-1775.3,-735.354
-2301.94,-1754.24,-726.629
-2299.88,-1733.25,-717.934
-2297.11,-1712.94,-709.522
-2291.58,-1689.79,-699.933
-2282.7,-1664.46,-689.441
-2279.9,-1643.81,-680.889
-2279.92,-1625.71,-673.39
-2283.14,-1609.69,-666.754
-2285.75,-1594.29,-660.377
-2285.52,-1576.1,-652.841
-2285.16,-1557.95,-645.324
-2278.18,-1535.5,-636.025
-2274.25,-1515.33,-627.67
-2273.41,-1497.39,-620.238
-2265.89,-1475.24,-611.066
-2257.71,-1453.82,-602.192
-2259.69,-1438.21,-595.725
-2264.71,-1424.9,-590.212
-2264.9,-1404.85,-581.906
-2259.41,-1385.82,-574.024
-2257.54,-1368.31,-566.772
-2255.53,-1350.86,-559.544
-2256.62,-1335.66,-553.25
-2261.1,-1322.27,-547.704
-2258.72,-1304.96,-540.533
-2248.99,-1284.42,-532.026
-2246.31,-1267.27,-524.922
-2246.92,-1252.1,-518.635
-2243.98,-1235.06,-511.578
-2244.36,-1219.96,-505.325
-2244.63,-1204.9,-499.086
-2240.94,-1188.63,-492.346
-2237.5,-1171.83,-485.387
-2237.42,-1156.9,-479.206
-2240.61,-1144,-473.861
-2240.32,-1129.13,-467.702
-2236.4,-1112.55,-460.833
-2235.88,-1097.77,-454.712
-2234.92,-1083.63,-448.854
-2234.19,-1068.93,-442.766
-2233.35,-1054.27,-436.694
-2232.41,-1039.65,-430.639
-2227.78,-1023.43,-423.919
-2223.03,-1007.29,-417.231
-2221.45,-993.419,-411.488
-2223.68,-980.597,-406.177
-2225.73,-967.979,-400.95
-2225.35,-951.251,-394.021
-2227.01,-939.06,-388.972
-2225.24,-924.77,-383.052
-2227.02,-912.024,-377.773
-2224.95,-898.005,-371.966
-2219.21,-882.376,-365.492
-2220.71,-869.716,-360.248
-2225.55,-859.083,-355.844
-2219.51,-843.616,-349.437
-2213.34,-828.235,-343.066
-2210.78,-814.311,-337.299
-2211.84,-801.787,-332.111
-2209.08,-787.946,-326.378
-2209.97,-775.469,-321.21
-2210.54,-763.594,-316.291
-2211.19,-751.343,-311.216
-2211.84,-738.911,-306.067
-2208.64,-725.258,-300.412
-2209.12,-712.877,-295.283
-2209.52,-700.513,-290.162
-2205.84,-687.573,-284.802
-2202.28,-674.102,-279.222
-2202.43,-661.83,-274.139
-2198.69,-648.453,-268.598
-2198.67,-636.238,-263.538
-2198.58,-624.042,-258.487
-2198.22,-612.451,-253.685
-2201.75,-601.538,-249.165
-2201.43,-589.384,-244.131
-2197.19,-576.243,-238.688
-2196.71,-564.151,-233.679
-2196.15,-552.082,-228.68
-2195.52,-540.035,-223.69
-2194.81,-528.01,-218.709
-2194.03,-516.01,-213.738
-2193.16,-504.033,-208.777
-2192.17,-492.274,-203.907
-2191.16,-480.346,-198.966
-2190.07,-468.442,-194.035
-2188.91,-456.564,-189.115
-2187.67,-444.712,-184.206
-2186.36,-432.886,-179.307
-2185.32,-419.538,-173.778
-2183.85,-407.766,-168.902
-2186.23,-396.735,-164.333
-2184.61,-384.998,-159.472
-2182.92,-373.29,-154.622
-2181.16,-361.611,-149.784
-2179.33,-349.961,-144.958
-2181.36,-338.952,-140.399
-2179.35,-327.534,-135.669
-2181.26,-316.526,-131.109
-2179.14,-304.955,-126.317
-2176.96,-293.415,-121.537
-2174.61,-282.484,-117.009
-2176.25,-271.501,-112.459
-2173.85,-260.035,-107.71
-2171.39,-248.601,-102.974
-2172.83,-237.634,-98.4314
-2170.23,-226.246,-93.7143
-2167.53,-215.084,-89.0906
-2168.77,-204.137,-84.5563
-2165.97,-192.829,-79.8725
-2167.08,-181.891,-75.3417
-2164.13,-170.633,-70.6785
-2161.12,-159.41,-66.0298
-2162.03,-148.497,-61.5093
-2158.89,-137.325,-56.8818
-2159.67,-126.423,-52.3662
-2160.37,-115.709,-47.9282
-2161.02,-104.8,-43.4095
-2161.61,-93.8877,-38.8896
-2158.14,-82.8194,-34.3049
-2158.57,-72.4956,-30.0287
-2158.97,-61.5964,-25.514
-2159.3,-50.6953,-20.9987
-2155.57,-39.719,-16.4521
-2155.77,-28.8354,-11.944
-2155.91,-17.9509,-7.4355
-2155.99,-7.06588,-2.92678
-2156,3.62843,1.50294
-2151.94,14.4866,6.00055
-2151.82,25.3511,10.5008
-2151.64,36.2148,15.0007
-2147.4,46.9899,19.4639
-2147.09,57.831,23.9544
-2146.71,68.6703,28.4442
-2146.28,79.5076,32.9331
-2145.77,90.3425,37.4211
-2145.22,100.985,41.8292
-2144.59,111.814,46.3149
-2143.89,122.64,50.7993
-2143.18,132.893,55.046
-2142.36,143.711,59.5271
-2141.48,154.525,64.0065
-2140.53,165.335,68.484
-2139.52,176.14,72.9594
-2138.45,186.939,77.4328
-2141.29,198.101,82.0563
-2140.11,208.72,86.4546
-2134.87,219.114,90.7598
-2133.54,229.889,95.2231
-2136.12,241.105,99.8691
-2134.66,251.887,104.335
-2133.14,262.66,108.797
-2131.55,273.426,113.257
-2129.9,284.184,117.713
-2128.19,294.933,122.165
-2130.4,306.053,126.771
-2128.56,316.804,131.225
-2130.6,328.154,135.926
-2128.73,338.34,140.145
-2126.7,349.083,144.595
-2124.6,359.815,149.04
-2126.37,371.222,153.765
-2124.14,381.952,158.21
-2121.85,392.671,162.65
-2119.5,403.378,167.085
-2120.99,414.838,171.832
-2122.46,426.137,176.512
-2119.91,436.847,180.948
-2121.19,448.368,185.72
-2118.51,459.07,190.153
-2115.76,469.759,194.581
-2116.83,481.317,199.368
-2117.83,492.9,204.166
-2114.89,503.586,208.592
-2115.74,515.198,213.402
-2116.58,526.646,218.144
-2117.46,537.742,222.74
-2114.25,548.425,227.165
-2107.13,558.072,231.161
-2107.63,569.74,235.994
-2111.9,582.487,241.274
-2112.25,594.217,246.133
-2108.7,604.873,250.547
-2105.09,615.511,254.953
-2109.03,628.398,260.291
-2105.35,638.85,264.621
-2105.33,650.643,269.505
-2101.66,660.704,273.672
-2101.5,672.514,278.564
-2101.26,684.343,283.464
-2105.29,695.945,288.27
-2101.22,706.378,292.591
-2100.98,717.7,297.281
-2100.45,729.598,302.209
-2096.1,740.191,306.597
-2095.42,752.101,311.531
-2098.38,765.384,317.032
-2097.54,777.342,321.986
-2092.91,787.921,326.368
-2091.91,799.889,331.325
-2094.52,813.303,336.881
-2093.45,825.13,341.78
-2092.21,837.156,346.761
-2090.88,849.194,351.748
-2086.1,859.183,355.885
-2084.63,871.226,360.873
-2086.72,884.821,366.505
-2088.7,898.463,372.155
-2083.36,908.995,376.518
-2081.56,921.096,381.53
-2083.27,934.821,387.215
-2084.99,948.405,392.842
-2082.93,960.568,397.88
-2084.35,974.407,403.613
-2082.12,986.603,408.664
-2079.8,998.805,413.718
-2077.71,1010.46,418.546
-2068.18,1019.2,422.165
-2069.15,1033.14,427.939
-2073.54,1048.89,434.465
-2074.3,1062.93,440.28
-2071.47,1075.2,445.361
-2072.14,1089.11,451.125
-2072.6,1103.25,456.98
-2069.5,1115.56,462.079
-2069.76,1129.75,467.957
-2069.91,1143.98,473.85
-2063.11,1154.41,478.172
-2063.44,1168.12,483.853
-2066.69,1184.37,490.581
-2066.43,1198.71,496.524
-2066.06,1213.09,502.48
-2062.35,1225.32,507.546
-2063.19,1237.74,512.689
-2059.18,1250.17,517.836
-2058.42,1264.64,523.83
-2057.54,1279.14,529.836
-2056.56,1293.67,535.854
-2055.6,1308.04,541.808
-2057.68,1324.74,548.725
-2056.35,1339.37,554.784
-2054.91,1354.02,560.853
-2056.6,1370.86,567.829
-2054.92,1385.58,573.927
-2049.91,1398.13,579.124
-2051.67,1414.55,585.925
-2049.66,1429.34,592.051
-2050.71,1446.39,599.115
-2051.77,1463.32,606.126
-2049.39,1478.2,612.292
-2046.9,1493.11,618.465
-2044.29,1508.03,624.647
-2026.51,1545.85,640.312
-2008.12,1548.95,641.597
-1986.7,1549.53,641.837
-1962.78,1547.02,640.798
-1941.48,1547.25,640.893
-1914.38,1542.29,638.837
-1893.22,1542.15,638.781
-1881.09,1549.23,641.713
-1857.04,1546.33,640.513
-1830.12,1540.75,638.201
-1809.22,1539.95,637.87
-1784.17,1537.74,636.951
-1760.5,1534.04,635.421
-1748.5,1540.36,638.037
-1733.61,1544.03,639.56
-1707.26,1537.29,636.765
-1681.05,1530.32,633.88
-1663.47,1530.96,634.145
-1643.27,1528.7,633.209
-1622.99,1526.43,632.268
-1605.58,1526.65,632.359
-1588.21,1526.74,632.396
-1570.89,1526.7,632.38
-1553.61,1526.53,632.31
-1539.11,1528.94,633.308
-1516.5,1523.09,630.884
-1495.44,1520.85,629.957
-1481.08,1522.88,630.797
-1469.39,1527.57,632.741
-1447.13,1521.09,630.056
-1427.61,1517.22,628.452
-1413.4,1518.8,629.107
-1401.96,1522.97,630.835
-1382.64,1518.71,629.072
-1363.4,1514.31,627.247
-1349.81,1515.1,627.576
-1335.78,1516.16,628.015
-1319.27,1514.25,627.222
-1310.29,1520.89,629.971
-1311.17,1539.09,637.513
-1306.96,1551.52,642.662
-1295.79,1573.45,651.745
-1274.97,1601.68,663.439
-1258.42,1599.13,662.382
-1241.94,1596.46,661.274
-1225.53,1593.67,660.118
-1216.09,1599.83,662.671
-1204.32,1602.91,663.947
-1186.27,1596.46,661.276
-1170.07,1593.25,659.947
-1156.34,1592.9,659.799
-1144.69,1595.63,660.932
-1130.85,1595.2,660.754
-1117.05,1594.68,660.539
-1099.32,1592.03,659.441
-1089.89,1597.56,661.73
-1080.42,1603.04,663.999
-1065.69,1600.6,662.989
-1051.51,1597.78,661.822
-1038.95,1598.31,662.043
-1025.4,1597.18,661.572
-1014.93,1600.74,663.046
-1000.44,1597.84,661.846
-985.019,1593.24,659.941
-972.799,1593.27,659.956
-959.467,1591.7,659.306
-947.148,1591.67,659.29
-932.949,1588.31,657.898
-920.707,1588.1,657.815
-910.365,1591.1,659.054
-899.09,1592.39,659.59
-886.912,1591.98,659.419
-876.577,1594.79,660.582
-863.712,1592.5,659.636
-850.343,1588.33,657.908
-837.428,1585.96,656.925
-825.433,1585.17,656.598
-813.473,1584.3,656.24
-802.395,1585.04,656.544
-788.686,1584.8,656.446
-778.475,1587.08,657.389
-765.813,1584.23,656.212
-751.598,1577.93,653.6
-743.541,1583.2,655.783
-733.38,1585.23,656.624
-720.888,1582.1,655.326
-709.222,1580.59,654.703
-699.106,1582.44,655.468
-689.9,1585.88,656.895
-676.831,1580.75,654.769
-663.843,1575.54,652.609
-655.229,1580.59,654.702
-643.755,1578.69,653.914
-631.628,1574.98,652.379
-620.933,1574.68,652.252
-609.586,1572.57,651.379
-599.612,1573.88,651.923
-589.803,1575.09,652.422
-578.547,1572.79,651.471
-569.725,1575.54,652.609
-558.528,1573.12,651.609
-548.601,1574.16,652.039
-538.679,1575.15,652.446
-525.209,1565.49,648.446
-514.197,1562.81,647.338
-504.373,1563.61,647.67
-495.678,1567.91,649.45
-486.559,1570.35,650.459
-476.724,1571,650.73
-465.836,1568.04,649.503
-453.535,1565.38,648.4
-443.762,1565.85,648.598
-434.657,1568.03,649.5
-424.404,1566.62,648.915
-414.656,1566.94,649.049
-404.917,1567.22,649.162
-394.734,1565.64,648.508
-384.581,1564,647.832
-356.854,1567.72,649.369
-110.829,586.102,242.771
-107.027,584.83,242.245
-103.244,583.538,241.71
-99.167,580.401,240.41
-94.3516,575.48,238.371
-90.3689,572.291,237.051
-86.7044,570.908,236.478
-83.0593,569.506,235.897
-79.433,568.085,235.308
-76.0715,568.477,235.471
-72.7079,568.853,235.627
-68.9532,565.533,234.251
-64.6559,562.25,232.892
-61.3294,562.568,233.023
-57.6217,559.19,231.624
-53.956,555.792,230.217
-50.8932,557.893,231.087
-47.5926,558.142,231.19
-44.1442,556.531,230.523
-40.7165,554.902,229.848
-37.3091,553.255,229.166
-34.0362,553.435,229.24
-30.1005,549.93,227.788
-26.847,550.073,227.848
-23.5139,548.354,227.136
-20.2017,546.618,226.417
-16.9682,546.712,226.456
-13.734,546.789,226.488
-10.4994,546.851,226.513
-7.43497,546.894,226.531
-4.20011,546.923,226.543
-1.01814,545.088,225.783
2.21342,546.933,226.547
5.44865,546.914,226.539
8.68343,546.878,226.524
11.9182,546.826,226.503
15.1527,546.758,226.474
18.3864,546.673,226.439
21.6198,546.572,226.397
24.9363,548.301,227.114
28.2171,550.015,227.824
31.1526,555.43,230.067
34.6666,551.551,228.46
37.4213,543.991,225.329
40.8953,538.221,222.939
44.0226,538.01,222.851
47.2287,545.193,225.827
50.964,550.47,228.012
56.5734,537.008,222.436
60.668,549.629,227.664
64.3493,558.564,231.365
67.8749,560.067,231.987
70.9534,557.881,231.082
74.0079,555.68,230.17
77.5489,557.131,230.771
81.3167,560.401,232.126
84.6304,559.982,231.952
88.054,561.398,232.539
91.2038,562.837,233.135
94.5315,562.369,232.941
97.8566,561.883,232.74
101.12,561.389,232.535
104.604,562.719,233.086
108.28,564.002,233.617
111.974,565.265,234.14
115.687,566.507,234.655
119.036,565.914,234.409
122.382,565.305,234.157
126.127,566.488,234.647
129.476,565.843,234.38
132.821,565.181,234.106
136.103,564.514,233.829
140.331,567.421,235.033
143.686,566.704,234.736
145.927,562.415,232.96
147.344,554.492,229.678
149.785,548.218,227.079
152.525,545.665,226.022
155.751,544.887,225.699
160.014,547.66,226.848
163.686,550.566,228.052
166.883,549.746,227.712
170.683,550.672,228.096
174.499,551.576,228.47
177.759,550.686,228.102
180.432,548.013,226.994
183.67,547.094,226.614
187.507,547.92,226.956
191.971,550.483,228.017
196.472,553.016,229.067
201.58,559.24,231.645
212.802,559.599,231.793
604.225,1517.36,628.512
613.42,1516.18,628.023
623.09,1514.79,627.446
632.943,1517.24,628.462
641.908,1514.02,627.129
651.437,1512.53,626.512
661.873,1512.65,626.559
672.33,1512.7,626.582
682.807,1512.7,626.579
692.054,1511.11,625.923
701.771,1509.29,625.17
713.087,1510.81,625.797
579.554,1179.43,488.536
582.338,1168.09,483.841
586.338,1160.27,480.6
591.48,1153.95,477.983
596.565,1147.62,475.359
605.096,1147.91,475.481
616.304,1153.12,477.639
627.592,1158.26,479.765
652.562,1156.85,479.181
860.983,1500.26,621.428
873.63,1502.4,622.315
883.46,1499.59,621.151
895.81,1482.75,614.176
887.833,1450.86,600.968
881.495,1422.31,589.139
882.467,1402.59,580.972
880.606,1382.19,572.522
879.552,1363.44,564.755
876.238,1341.57,555.698
874.776,1322.94,547.979
873.121,1304.36,540.283
870.078,1284.35,531.994
869.211,1265.19,524.061
868.034,1248.35,517.084
866.683,1231.56,510.127
865.161,1214.81,503.192
862.233,1196.66,495.673
860.36,1180.03,488.784
860.53,1164.3,482.267
858.31,1147.77,475.422
858.211,1134.33,469.856
859.018,1122.52,464.962
856.336,1106.14,458.178
855.832,1092.82,452.66
855.196,1079.53,447.158
854.453,1063.97,440.712
853.205,1051,435.339
852.156,1037.85,429.89
850.978,1024.73,424.458
850.896,1013.12,419.649
850.702,1001.54,414.852
850.397,989.996,410.07
851.098,977.653,404.957
850.558,966.174,400.202
848.638,953.303,394.871
847.87,941.901,390.148
848.28,931.949,386.026
847.015,920.839,381.424
845.932,909.542,376.744
845.766,897.459,371.74
844.454,886.241,367.093
845.695,877.824,363.607
845.523,868.047,359.557
845.172,858.373,355.55
843.467,847.293,350.96
843.019,837.609,346.949
843.851,829.302,343.508
842.618,817.661,338.686
841.811,808.144,334.744
840.999,798.585,330.785
841.503,790.375,327.384
839.115,779.563,322.906
839.699,771.183,319.435
841.396,764.341,316.6
840.169,754.929,312.702
838.033,743.677,308.041
838.07,735.616,304.702
838.036,727.578,301.373
838.156,719.34,297.96
836.434,710.17,294.162
836.183,702.208,290.864
837.349,695.505,288.088
835.472,686.356,284.298
835.577,677.875,280.785
836.763,671.001,277.938
840.719,666.766,276.184
116.416,64.957,26.9061
116.798,64.3683,26.6622
117.177,63.7777,26.4176
117.553,63.1851,26.1721
117.186,61.923,25.6493
117.551,61.3304,25.4039
117.107,60.172,24.9241
117.461,59.5799,24.6788
117,58.4318,24.2032
117.344,57.8402,23.9582
116.917,56.6094,23.4484
116.425,55.4805,22.9808
116.752,54.8919,22.737
116.309,53.6503,22.2227
115.771,52.572,21.7761
116.08,51.9868,21.5336
116.386,51.3999,21.2905
115.899,50.192,20.7902
116.194,49.606,20.5475
115.636,48.5128,20.0947
115.921,47.9283,19.8525
116.198,47.3526,19.6141
116.477,46.7652,19.3708
115.927,45.6076,18.8913
115.324,44.5519,18.454
115.586,43.9691,18.2126
115.006,42.8341,17.7425
115.258,42.2528,17.5017
115.506,41.6703,17.2604
115.751,41.0864,17.0186
115.103,40.0627,16.5945
115.338,39.481,16.3536
115.57,38.8981,16.1121
114.943,37.7786,15.6484
115.165,37.1977,15.4078
114.512,36.1128,14.9584
114.724,35.5341,14.7187
114.933,34.9543,14.4786
115.138,34.3735,14.238
114.424,33.401,13.8351
114.62,32.8228,13.5956
114.813,32.2436,13.3557
115.002,31.6634,13.1154
114.298,30.6007,12.6752
114.477,30.0231,12.436
114.653,29.4448,12.1964
113.919,28.4211,11.7724
114.086,27.8455,11.534
114.249,27.2691,11.2952
114.409,26.6919,11.0561
113.653,25.6711,10.6333
113.803,25.097,10.3955
113.95,24.522,10.1573
114.093,23.9464,9.9189
113.283,23.0598,9.55169
113.418,22.4876,9.31465
113.549,21.9146,9.07731
113.677,21.341,8.83973
112.863,20.3878,8.44491
112.982,19.8177,8.20876
113.101,19.2269,7.96406
113.213,18.6556,7.7274
113.322,18.0838,7.49054
112.477,17.1598,7.10784
113.529,16.9384,7.01612
112.673,16.0231,6.63698
112.766,15.454,6.40124
112.854,14.8944,6.16947
112.941,14.3244,5.93336
113.028,13.724,5.68465
112.142,12.8391,5.31812
112.216,12.2727,5.08351
112.287,11.706,4.84877
112.354,11.1488,4.61798
111.445,10.2904,4.26241
111.507,9.69791,4.01701
112.537,9.44564,3.91251
111.615,8.5714,3.55039
111.664,8.00772,3.31691
111.71,7.44386,3.08335
111.751,6.88962,2.85378
111.791,6.32534,2.62004
111.828,5.7311,2.3739
111.86,5.16645,2.14001
110.899,4.36406,1.80765
110.924,3.80406,1.57569
110.945,3.22435,1.33557
110.963,2.66414,1.10352
110.977,2.1039,0.871465
110.987,1.54355,0.639359
110.995,0.983198,0.407254
110.999,0.42277,0.175117
